gene_set	genes_in_background	candidate_genes	gene_set_genes	overlapping_genes	log2_fold_enrichment	enrichment_p_value	enrichment_p.BH_value	underenrichment_p_value	underenrichment_p.BH_value	overlapping_gene_names
GO_CELL_CYCLE_PHASE_TRANSITION	17831	2190	234	11	-1.38554826128	0.9999796352324491	1.0	6.135866437051129e-05	0.004859365595931277	CCND1,CDK14,CDKN1A,EIF4EBP1,EPS8,ID4,NEK11,NES,PLCB1,PRKAR2B,RHOU
GO_NUCLEAR_CHROMOSOME_SEGREGATION	17831	2190	178	1	-4.4503485913	0.9999999999405865	1.0	1.7145114815449328e-09	8.030119793886966e-07	HORMAD2
GO_TRANSLATIONAL_INITIATION	17831	2190	133	3	-2.44493509511	0.9999951007330105	1.0	3.2011474241489885e-05	0.002873207654697281	DDX3Y,EIF4E3,EIF4EBP1
GO_DNA_REPLICATION	17831	2190	187	5	-2.19958152533	0.9999995383752411	1.0	2.499041134477391e-06	0.0003677454398730138	ACHE,CCDC88A,IGF1,NFIB,NFIX
GO_PROTEIN_ACETYLATION	17831	2190	106	3	-2.11757311418	0.9998877146692513	1.0	0.0005913220790343934	0.030232276926834365	NUPR1,SPI1,TRIM16
GO_PROTEIN_MODIFICATION_BY_SMALL_PROTEIN_REMOVAL	17831	2190	99	1	-3.60397178041	0.9999977654669688	1.0	3.340392842017568e-05	0.0029330101497628165	USP44
GO_PROTEIN_POLYUBIQUITINATION	17831	2190	220	7	-1.9486199518	0.9999996321112615	1.0	1.6581258577775832e-06	0.0002888960682282621	LONRF1,NEDD4,RNF144B,RNF180,RNF217,SASH1,UBE2E2
GO_NUCLEOSIDE_MONOPHOSPHATE_METABOLIC_PROCESS	17831	2190	200	11	-1.15903973147	0.9996057141628755	1.0	0.0010174814895079973	0.046700087910486375	ADSSL1,AK1,ATP1A2,ATP6V0A1,COX4I2,ENO3,ENO4,HK2,HK3,PFKFB4,UPP1
GO_PROTEIN_DNA_COMPLEX_SUBUNIT_ORGANIZATION	17831	2190	140	4	-2.10389817728	0.999985283314149	1.0	7.545521390360916e-05	0.005860838633782257	DACH2,NFE2,SMARCD3,TCF4
GO_PROTEIN_SUMOYLATION	17831	2190	102	1	-3.64704050231	0.9999984954046037	1.0	2.3132511690531446e-05	0.0022245765409061075	BCL11A
GO_RNA_MODIFICATION	17831	2190	94	2	-2.52920401201	0.9999384957257477	1.0	0.0004358562380131658	0.024115388292262695	ADARB1,RBM47
GO_PROTEIN_LOCALIZATION_TO_ENDOPLASMIC_RETICULUM	17831	2190	115	1	-3.82010521128	0.9999997291348972	1.0	4.664371314399096e-06	0.0006077224431889661	KDELR3
GO_MACROMOLECULAR_COMPLEX_DISASSEMBLY	17831	2190	164	5	-2.01023907006	0.9999941797243064	1.0	2.7716863121721153e-05	0.0026034513988053894	CAV1,DNAJC6,FZD1,NFE2,SMARCD3
GO_PROTEIN_ALKYLATION	17831	2190	82	1	-3.33216716495	0.9999790144423149	1.0	0.00026318253569503595	0.015865585995108213	PRDM6
GO_NEGATIVE_REGULATION_OF_PROTEIN_MODIFICATION_BY_SMALL_PROTEIN_CONJUGATION_OR_REMOVAL	17831	2190	126	4	-1.95189508383	0.9999309135111819	1.0	0.00032021406985164046	0.018744125045373563	CAV1,GCLC,HFE,USP44
GO_GENE_SILENCING_BY_RNA	17831	2190	87	1	-3.41755865618	0.9999891376391994	1.0	0.00014391340079312868	0.010197653084270996	WTIP
GO_DNA_CONFORMATION_CHANGE	17831	2190	174	1	-4.41755865618	0.999999999894293	1.0	2.8484375398792456e-09	1.1504839223572272e-06	ANXA1
GO_CHROMOSOME_SEGREGATION	17831	2190	217	2	-3.73616639278	0.9999999999966203	1.0	1.870941636862874e-10	1.5113466542578296e-07	DDX3Y,HORMAD2
GO_SISTER_CHROMATID_COHESION	17831	2190	96	1	-3.55957766105	0.9999966816813105	1.0	4.819413652465409e-05	0.004055335779647455	HORMAD2
GO_CHROMATIN_ASSEMBLY_OR_DISASSEMBLY	17831	2190	87	2	-2.41755865618	0.9998560866153346	1.0	0.0009489849952329213	0.04474797754190615	NFE2,SMARCD3
GO_CELLULAR_PROTEIN_COMPLEX_DISASSEMBLY	17831	2190	114	1	-3.8075051745	0.9999996909334449	1.0	5.278342903231047e-06	0.0006662258433171937	DNAJC6
GO_MITOTIC_CELL_CYCLE_CHECKPOINT	17831	2190	121	4	-1.89347839761	0.9998809439984021	1.0	0.000530956061466443	0.028732290171439575	CCND1,CDKN1A,MUC1,NEK11
GO_POSITIVE_REGULATION_OF_PROTEIN_MODIFICATION_BY_SMALL_PROTEIN_CONJUGATION_OR_REMOVAL	17831	2190	174	7	-1.61020373412	0.9999587898432389	1.0	0.00014748068498681834	0.010270249770030333	ANGPT1,CAV1,CLU,MAPK15,PTK2,RNF180,SPHK1
GO_CHROMATIN_REMODELING	17831	2190	117	4	-1.84497987992	0.9998166147176609	1.0	0.0007921759945104945	0.03854938363648057	FOXA1,GATA3,PADI2,SMARCD3
GO_TRANSLATIONAL_ELONGATION	17831	2190	102	1	-3.64704050231	0.9999984954046037	1.0	2.3132511690531446e-05	0.0022245765409061075	EEF2K
GO_PROTEASOMAL_PROTEIN_CATABOLIC_PROCESS	17831	2190	245	4	-2.91125309934	0.9999999999511517	1.0	6.056491977652198e-10	4.077028516289538e-07	FBXO36,NR1D1,USP44,WWTR1
GO_PROTEIN_ACYLATION	17831	2190	133	5	-1.70796950095	0.9998437576971214	1.0	0.0006078937612865522	0.030691036272954803	NUPR1,PORCN,SPI1,TRIM16,ZDHHC1
GO_REGULATION_OF_CHROMOSOME_SEGREGATION	17831	2190	71	1	-3.12436227984	0.9999107090114848	1.0	0.0009809388868314121	0.04554036970013878	USP44
GO_REGULATION_OF_PROTEIN_MODIFICATION_BY_SMALL_PROTEIN_CONJUGATION_OR_REMOVAL	17831	2190	250	11	-1.48096782636	0.9999953183501027	1.0	1.5067107986799258e-05	0.0015604115168892873	ANGPT1,CAV1,CLU,GCLC,HFE,MAPK15,PTK2,RNF180,SASH1,SPHK1,USP44
GO_REGULATION_OF_SIGNAL_TRANSDUCTION_BY_P53_CLASS_MEDIATOR	17831	2190	142	3	-2.53939977912	0.9999983084336694	1.0	1.1770627213823634e-05	0.0012849071166657745	CD74,MSX1,MUC1
GO_DNA_RECOMBINATION	17831	2190	173	1	-4.40924338797	0.9999999999026523	1.0	3.233566858555592e-09	1.1873069583369123e-06	SWAP70
GO_REGULATION_OF_CHROMOSOME_ORGANIZATION	17831	2190	239	14	-1.06812704626	0.9997102539088927	1.0	0.0006952490247278816	0.03424525379116968	CAMK1,GATA3,IL1B,LIF,MAPK15,MUC1,PADI2,PKIB,RAPGEF3,RPS6KA5,SPI1,SRC,USP44,VEGFA
GO_NUCLEAR_EXPORT	17831	2190	129	2	-2.98584241576	0.9999991802088424	1.0	7.837532631059297e-06	0.0009044512656242429	DUSP16,LZTS2
GO_DNA_GEOMETRIC_CHANGE	17831	2190	76	1	-3.22254267378	0.999953761755572	1.0	0.0005406422513071076	0.028732290171439575	ANXA1
GO_REGULATION_OF_LIGASE_ACTIVITY	17831	2190	117	1	-3.84497987992	0.9999997919923647	1.0	3.641555385006227e-06	0.0005071807655186259	USP44
GO_DNA_INTEGRITY_CHECKPOINT	17831	2190	123	4	-1.91712966567	0.9999041821670703	1.0	0.00043403413437888635	0.024115388292262695	CCND1,CDKN1A,MUC1,NEK11
GO_RNA_3_END_PROCESSING	17831	2190	85	1	-3.38400609647	0.9999858637969473	1.0	0.0001832856728997558	0.012135915292493665	APP
GO_RRNA_METABOLIC_PROCESS	17831	2190	230	1	-4.82010521128	1.0	1.0	2.2242685343009502e-12	4.491910305020769e-09	RBFA
GO_REGULATION_OF_RNA_SPLICING	17831	2190	84	1	-3.36693258311	0.9999838737816087	1.0	0.0002068048944599427	0.013258491567042995	AFF2
GO_METHYLATION	17831	2190	192	9	-1.38965265961	0.9999084105215218	1.0	0.0002790061966280559	0.01657214747324585	AS3MT,GAMT,GNMT,GSTO1,HNMT,INMT,NNMT,OCLN,PRDM6
GO_NCRNA_TRANSCRIPTION	17831	2190	76	1	-3.22254267378	0.999953761755572	1.0	0.0005406422513071076	0.028732290171439575	ANG
GO_RNA_CATABOLIC_PROCESS	17831	2190	198	1	-4.60397178041	0.9999999999751163	1.0	1.3430537092741174e-10	1.4621505185872596e-07	RNASE6
GO_MITOCHONDRIAL_TRANSPORT	17831	2190	139	4	-2.09355623306	0.9999835479407946	1.0	8.377333944897406e-05	0.00626593551915567	HK2,MPV17L,SLC1A3,UCP3
GO_NUCLEIC_ACID_PHOSPHODIESTER_BOND_HYDROLYSIS	17831	2190	209	3	-3.09701179169	0.9999999994856781	1.0	5.096034828950711e-09	1.7152403895109934e-06	ANG,RNASE4,RNASE6
GO_CELL_CYCLE_CHECKPOINT	17831	2190	163	4	-2.32334331456	0.9999989077184968	1.0	6.487861271078972e-06	0.000770719755114352	CCND1,CDKN1A,MUC1,NEK11
GO_OXIDATIVE_PHOSPHORYLATION	17831	2190	74	1	-3.18406852596	0.9999398363817062	1.0	0.0006864559699874294	0.03422957608369417	COX4I2
GO_MACROMOLECULE_METHYLATION	17831	2190	145	1	-4.15452425035	0.9999999948578149	1.0	1.1074544630502803e-07	2.7956303601625514e-05	PRDM6
GO_REGULATION_OF_GENE_EXPRESSION_EPIGENETIC	17831	2190	143	5	-1.81255840222	0.9999449262038898	1.0	0.0002297043688087077	0.01427347608643647	IGF2,KCNQ1,PADI2,SPI1,WTIP
GO_SISTER_CHROMATID_SEGREGATION	17831	2190	150	1	-4.20343385083	0.9999999973445618	1.0	5.907776594387381e-08	1.590767310982042e-05	HORMAD2
GO_GENE_SILENCING	17831	2190	122	2	-2.9053524979	0.9999980412652283	1.0	1.7754293925166906e-05	0.0017927398290937284	KCNQ1,WTIP
GO_NUCLEOBASE_CONTAINING_COMPOUND_TRANSPORT	17831	2190	164	2	-3.33216716495	0.9999999899008671	1.0	1.217711330142775e-07	2.893138860262746e-05	GJA1,SLC25A23
GO_NUCLEUS_ORGANIZATION	17831	2190	113	2	-2.79479412275	0.9999940273752299	1.0	5.033352424535237e-05	0.00414892049850976	DMPK,LMNA
GO_RNA_SPLICING_VIA_TRANSESTERIFICATION_REACTIONS	17831	2190	242	1	-4.89347839761	1.0	1.0	4.745192520706771e-13	1.9165832591134647e-09	RBPMS
