gene_set	genes_in_background	candidate_genes	gene_set_genes	overlapping_genes	log2_fold_enrichment	enrichment_p_value	enrichment_p.BH_value	underenrichment_p_value	underenrichment_p.BH_value	overlapping_gene_names
GO_REGIONALIZATION	17831	926	210	29	1.41096708836	1.4568069916767446e-06	0.001961347813127457	0.9999995367015723	0.9999997629237654	CHSY1,CTNNBIP1,CYP26B1,DLL1,DUSP6,EPB41L5,FOXC2,HEY2,HHIP,HNF1B,HOXA2,HOXA3,HOXA7,HOXB5,IFT122,IFT57,IRX3,LRP4,MEGF8,MEOX2,NRARP,RBPJ,RPGRIP1L,TCAP,TCTN1,TMEM107,VAX2,WNT5A,ZBTB16
GO_POSITIVE_REGULATION_OF_CALCIUM_ION_TRANSPORT	17831	926	85	14	1.66519559681	0.00011396817710941373	0.02001380292804009	0.9999714794279787	0.9999997629237654	AKAP5,ATP1B1,CCL2,CCL3,CCL4,F2R,JPH2,LPAR3,PDGFB,PLA2G1B,SNCA,STC1,TRPC6,WFS1
GO_NEURON_PROJECTION_GUIDANCE	17831	926	144	22	1.55673822809	5.1057884079453035e-06	0.0029460399113844403	0.9999985686366257	0.9999997629237654	BDNF,BOC,CDH4,DAG1,DPYSL5,EPHB3,FLRT3,FZD3,HOXA2,KIF26A,KIF5A,MAPK3,NCAM1,NEO1,OPHN1,PLXNA4,PLXNB1,PLXND1,SEMA6C,SLIT3,SPTB,WNT5A
GO_CILIUM_MORPHOGENESIS	17831	926	161	25	1.58017092255	8.690488521105639e-07	0.0017550441568372837	0.9999997597840163	0.9999997629237654	ABLIM3,ARL6,B9D1,BBS1,BBS5,BBS7,CCDC103,DNAH1,FAM161A,FNBP1L,IFT122,IFT57,IFT74,IFT88,NPHP3,RFX2,RPGRIP1L,SSX2IP,TCTN1,TMEM107,TMEM67,TTC26,TTC8,WDR35,ZMYND10
GO_CARDIAC_CHAMBER_DEVELOPMENT	17831	926	118	17	1.47205140278	0.00012451522071296546	0.02017578872059037	0.9999631444212371	0.9999997629237654	ACVR1,ADAMTS1,CPE,FOXC2,FZD2,HEY2,KCNK2,NPHP3,PKP2,PLXND1,PPP1R13L,PTK7,RBPJ,SOX4,TBX5,TNNI3,WNT5A
GO_WATER_HOMEOSTASIS	17831	926	46	11	2.20310127347	1.74453261641473e-05	0.0064056065797264495	0.9999972910948992	0.9999997629237654	ADCY2,ADCY8,ALOXE3,AQP9,CLDN4,CYP26B1,HYAL2,MYO5B,PRKAR1B,SCNN1G,WFS1
GO_NEGATIVE_REGULATION_OF_LOCOMOTION	17831	926	214	29	1.38374561962	2.1477319799699165e-06	0.0021686723667746232	0.999999302077539	0.9999997629237654	ADAM15,CCL2,CX3CR1,DACH1,DAG1,DLC1,HOXA7,HYAL2,KANK1,MARVELD3,MMP28,NDRG4,PKP2,PODN,PTPRR,SEMA4C,SEMA5A,SEMA6C,SEMA6D,SEMA7A,SERPINE1,SERPINF1,SRGAP1,STC1,TBX5,TIMP1,VASH1,WNT4,WNT5A
GO_CARDIAC_MUSCLE_TISSUE_DEVELOPMENT	17831	926	117	17	1.48432973256	0.0001118862865433716	0.02001380292804009	0.9999672029581611	0.9999997629237654	ACVR1,ANKRD1,CXADR,FOXC2,HEY2,NDRG4,NEXN,NOX4,PKP2,PPP1R13L,RBPJ,SGCG,SLC8A1,TBX5,TCAP,TNNI3,WNT5A
GO_REGULATION_OF_CHEMOTAXIS	17831	926	151	23	1.55238882763	3.304473970796363e-06	0.002669354073609302	0.9999990686942191	0.9999997629237654	CCL2,CCL3,CCL4,CX3CL1,DAPK2,IL12A,LBP,LPAR1,MEGF8,MET,MMP28,PDGFB,PLXNA4,PLXND1,PRKD1,SEMA4C,SEMA5A,SEMA6C,SEMA6D,SEMA7A,SERPINE1,TMEM102,WNT5A
GO_SPECIFICATION_OF_SYMMETRY	17831	926	88	14	1.61515491431	0.00016698584219478958	0.02594060833172135	0.9999564865043229	0.9999997629237654	ACVR1,ARL6,BBS5,BBS7,CCDC103,DLL1,IFT57,IFT74,MEGF8,MICAL2,NDRG4,NPHP3,RPGRIP1L,WNT5A
GO_ATRIAL_SEPTUM_DEVELOPMENT	17831	926	13	5	2.88871998764	0.00033891169807828773	0.04627341773650775	0.9999758297577626	0.9999997629237654	ACVR1,HEY2,NPHP3,SOX4,TBX5
GO_EAR_DEVELOPMENT	17831	926	138	20	1.480635249	2.986189331528842e-05	0.00861515622146071	0.9999911410172851	0.9999997629237654	ATP8B1,CEBPA,DLL1,ECE1,FZD2,FZD3,GATA2,GJB6,HEY2,HOXA2,KCNK2,KCNQ4,MAPK3,MCOLN3,PTK7,RBPJ,RPGRIP1L,STOX1,TCAP,WNT5A
GO_CELL_CHEMOTAXIS	17831	926	124	17	1.40049814176	0.00022987048841613134	0.03315881795402695	0.999928019194122	0.9999997629237654	ARHGEF16,ARHGEF5,CCL2,CCL3,CCL4,CX3CL1,CX3CR1,CXADR,HBEGF,ITGA1,ITGA9,KIT,LBP,LPAR1,PDGFB,PLA2G1B,SEMA5A
GO_EMBRYONIC_HEART_TUBE_MORPHOGENESIS	17831	926	50	11	2.08280703976	4.03775791875498e-05	0.010192815146157103	0.9999930251400375	0.9999997629237654	ACVR1,BBS5,BBS7,CCDC103,DLL1,IFT57,MEGF8,MICAL2,NDRG4,NPHP3,WNT5A
GO_POSITIVE_REGULATION_OF_NEURON_DIFFERENTIATION	17831	926	241	26	1.05478199281	0.0003436995622914663	0.04627341773650775	0.9998564441134904	0.9999997629237654	ADAMTS1,AKAP5,AMIGO1,ANKRD1,APBB1,BDNF,CDH4,ETV5,FOXO6,GATA2,IRX3,KCTD11,LPAR1,LPAR3,MEGF8,NDNF,NDRG4,PLXNB1,PRKD1,PTK7,PTPRD,SEMA5A,SEMA7A,SERPINF1,TRPC6,WNT5A
GO_UROGENITAL_SYSTEM_DEVELOPMENT	17831	926	239	27	1.12125230508	0.00012488108888704115	0.02017578872059037	0.9999503339625887	0.9999997629237654	ADAMTS1,COL4A3,COL4A4,CTNNBIP1,DLL1,EPHB3,FOXC2,GATA2,HNF1B,HYAL2,IRX3,KCNJ8,LRP4,LRRK2,NPHP3,OVOL1,PDGFB,RPGRIP1L,SDC1,SERPINF1,SOX4,THRA,WFS1,WNK4,WNT4,WNT5A,ZBTB16
GO_EMBRYONIC_ORGAN_MORPHOGENESIS	17831	926	207	27	1.32863215556	9.804119019289251e-06	0.003959883671890928	0.999996679474004	0.9999997629237654	ACVR1,BBS5,BBS7,CCDC103,DLL1,FOXC2,FZD2,FZD3,GATA2,GJB6,HNF1B,HOXA2,HOXA3,HOXA7,HOXB5,IFT57,KCNQ4,MAPK3,MEGF8,MICAL2,NDRG4,NPHP3,PAX5,PTK7,TCAP,VAX2,WNT5A
GO_CELL_PROJECTION_ASSEMBLY	17831	926	221	29	1.33731004663	4.120720440700941e-06	0.00277393164333185	0.9999986108698464	0.9999997629237654	ABLIM3,ARHGEF26,ARL6,B9D1,BBS1,BBS5,BBS7,CCDC103,DNAH1,DNM3,FAM161A,FNBP1L,IFT122,IFT57,IFT74,KIT,LPAR1,LPAR3,OPHN1,RFX2,RPGRIP1L,SH2B1,SSX2IP,TMEM107,TMEM67,TTC26,TTC8,WDR35,ZMYND10
GO_EMBRYONIC_HEART_TUBE_DEVELOPMENT	17831	926	59	13	2.08502827967	8.020877519349825e-06	0.0036069284354493607	0.9999985983915434	0.9999997629237654	ACVR1,BBS5,BBS7,CCDC103,DLL1,FOXC2,IFT122,IFT57,MEGF8,MICAL2,NDRG4,NPHP3,WNT5A
GO_CILIUM_ORGANIZATION	17831	926	148	22	1.5172098639	8.037226026007489e-06	0.0036069284354493607	0.9999976740245018	0.9999997629237654	ABLIM3,ARL6,B9D1,BBS1,BBS5,BBS7,CCDC103,DNAH1,FAM161A,FNBP1L,IFT122,IFT57,IFT74,RFX2,RPGRIP1L,SSX2IP,TMEM107,TMEM67,TTC26,TTC8,WDR35,ZMYND10
GO_POSITIVE_REGULATION_OF_CHEMOTAXIS	17831	926	106	16	1.53931115633	0.00011162624025683501	0.02001380292804009	0.999968799389799	0.9999997629237654	CCL2,CCL3,CCL4,CX3CL1,DAPK2,IL12A,LBP,LPAR1,MEGF8,MET,PDGFB,PRKD1,SEMA5A,SERPINE1,TMEM102,WNT5A
GO_NEGATIVE_CHEMOTAXIS	17831	926	33	9	2.39276249298	3.29301018364875e-05	0.008866978754504868	0.9999957856616326	0.9999997629237654	FLRT3,PLXNA4,SEMA4C,SEMA5A,SEMA6C,SEMA6D,SEMA7A,SLIT3,WNT5A
GO_CELLULAR_COMPONENT_ASSEMBLY_INVOLVED_IN_MORPHOGENESIS	17831	926	191	25	1.33365897263	1.9489206983897726e-05	0.006559742250663576	0.9999934431354274	0.9999997629237654	ABLIM3,ANKRD1,ARL6,B9D1,BBS1,BBS5,BBS7,CCDC103,DNAH1,FAM161A,FNBP1L,IFT122,IFT57,IFT74,LMOD1,RFX2,RPGRIP1L,SSX2IP,TCAP,TMEM107,TMEM67,TTC26,TTC8,WDR35,ZMYND10
GO_HEART_MORPHOGENESIS	17831	926	182	27	1.51432447286	8.113597871988075e-07	0.0017550441568372837	0.9999997629237654	0.9999997629237654	ACVR1,ADAM15,ADAMTS1,ANKRD1,BBS5,BBS7,CCDC103,CPE,DLC1,DLL1,FOXC2,FZD2,HEY2,IFT57,MEGF8,MICAL2,NDRG4,NPHP3,PKP2,PLXND1,PPP1R13L,RBPJ,SOX4,TBX5,TCAP,TNNI3,WNT5A
GO_MYELOID_LEUKOCYTE_MIGRATION	17831	926	71	13	1.81792420953	6.46444837312265e-05	0.014505503877245769	0.9999858103117213	0.9999997629237654	ARHGEF5,CCL2,CCL3,CCL4,CX3CL1,CX3CR1,CXADR,DAPK2,ITGA1,ITGA9,KIT,PDGFB,PLA2G1B
GO_MULTICELLULAR_ORGANISMAL_WATER_HOMEOSTASIS	17831	926	40	10	2.26723161089	2.7706304763270808e-05	0.008608135764526985	0.9999959753285743	0.9999997629237654	ADCY2,ADCY8,ALOXE3,CLDN4,CYP26B1,HYAL2,MYO5B,PRKAR1B,SCNN1G,WFS1
GO_POSITIVE_REGULATION_OF_RESPONSE_TO_WOUNDING	17831	926	122	17	1.42395711458	0.00018837500095766435	0.028179504772889122	0.9999420880099078	0.9999997629237654	CCL2,CCL3,CCL4,CX3CL1,ENPP4,F2R,FOXC2,HBEGF,HPSE,HYAL2,IL15,KANK1,LBP,REG3G,SERPINE1,TNFRSF1A,WNT5A
GO_SEMAPHORIN_PLEXIN_SIGNALING_PATHWAY	17831	926	35	9	2.30787359539	5.4896468366449815e-05	0.013042755043064165	0.9999923975712878	0.9999997629237654	MET,PLXNA4,PLXNB1,PLXND1,SEMA4C,SEMA5A,SEMA6C,SEMA6D,SEMA7A
GO_REGULATION_OF_AXON_GUIDANCE	17831	926	36	9	2.26723161089	6.984881584067088e-05	0.01484838774634051	0.9999899605541206	0.9999997629237654	MEGF8,PLXNA4,PLXND1,SEMA4C,SEMA5A,SEMA6C,SEMA6D,SEMA7A,WNT5A
GO_EXTRACELLULAR_STRUCTURE_ORGANIZATION	17831	926	248	28	1.12039022257	9.530044997422915e-05	0.019245925872295577	0.9999620221485557	0.9999997629237654	ADAM15,ADAMTS14,COL12A1,COL16A1,COL4A3,COL4A4,COL6A3,COL8A1,CREB3L1,CSGALNACT1,DAG1,DPT,ECM2,FOXC2,HSPG2,ITGA1,ITGA9,ITGB6,JAM2,LAMB3,MMP2,NDNF,PDGFB,SERPINE1,SH3PXD2B,SNCA,SPP1,TIMP1
