gene_set	genes_in_background	candidate_genes	gene_set_genes	overlapping_genes	log2_fold_enrichment	enrichment_p_value	enrichment_p.BH_value	underenrichment_p_value	underenrichment_p.BH_value	overlapping_gene_names
GO_T_CELL_RECEPTOR_SIGNALING_PATHWAY	17831	2793	121	6	-1.65940060068	0.9999398812204164	1.0	0.00023026960818499492	0.010505230919906208	BCAR1,CACNB3,NFKB1,PAK1,PLCG2,TNFRSF21
GO_CELL_CYCLE_PHASE_TRANSITION	17831	2793	234	13	-1.49542486557	0.9999995779720187	1.0	1.3996269049292696e-06	0.00013459745402403142	ACVR1,CCND1,CDK14,CDKN2B,ID4,NEK11,NES,OPTN,PLCB1,PRKAR2B,RHOU,TUBB4A,WEE1
GO_TRANSLATIONAL_INITIATION	17831	2793	133	1	-4.38078229963	0.9999999998667051	1.0	3.416925897111478e-09	9.200642465622173e-07	EIF4E3
GO_DNA_REPLICATION	17831	2793	187	6	-2.28743182329	0.9999999940202344	1.0	3.529304931786939e-08	6.788029818803547e-06	ACHE,CCDC88A,IGF1,NFIB,PDGFB,PTMS
GO_PROTEIN_ACETYLATION	17831	2793	106	5	-1.7314922238	0.999897764232665	1.0	0.0004154190459985578	0.016290073075613348	APBB1,ATAT1,NUPR1,SPI1,TRIM16
GO_CELL_CYCLE_G1_S_PHASE_TRANSITION	17831	2793	101	4	-1.98371134688	0.999958964275717	1.0	0.00020007018846226755	0.009506864602342336	ACVR1,CCND1,ID4,RHOU
GO_TRNA_PROCESSING	17831	2793	95	1	-3.89535547246	0.9999999106689579	1.0	1.6757660799499392e-06	0.00015382770902085918	TSEN34
GO_PROTEIN_MODIFICATION_BY_SMALL_PROTEIN_REMOVAL	17831	2793	99	4	-1.9548564842	0.9999454160945545	1.0	0.0002610540703981359	0.011586784509209571	UCHL1,USP27X,USP43,USP44
GO_PROTEIN_POLYUBIQUITINATION	17831	2793	220	9	-1.93693457621	0.999999990403612	1.0	4.377129260133401e-08	7.686619600729916e-06	FBXO2,NEDD4,NHLRC1,RNF144B,RNF180,RNF217,SASH1,SPSB1,TRIM6
GO_NUCLEOSIDE_MONOPHOSPHATE_METABOLIC_PROCESS	17831	2793	200	15	-1.06246545829	0.9998334190065963	1.0	0.00040531214615315106	0.016049566257966445	ADSSL1,AK1,ATP1A2,ATP1B1,ATP6V0A1,CHCHD10,COX4I2,ENO2,ENO3,ENO4,HK3,PFKFB4,SNCA,UPP1,UPP2
GO_CELLULAR_RESPIRATION	17831	2793	125	7	-1.48392922673	0.9998598767473543	1.0	0.00047255140934727475	0.01800599190899663	COX4I2,GPD1,IDH1,MDH1B,NFATC4,SLC1A3,SNCA
GO_DNA_MODIFICATION	17831	2793	60	1	-3.23239045973	0.9999642861629455	1.0	0.00043526812792099286	0.01690430739108548	PIWIL4
GO_PROTEIN_DNA_COMPLEX_SUBUNIT_ORGANIZATION	17831	2793	140	7	-1.64742795901	0.9999792911705105	1.0	7.80612597568953e-05	0.004260667948082434	DACH1,HEY2,HNF1B,NFE2,PADI4,SMARCD3,TCF4
GO_PROTEIN_SUMOYLATION	17831	2793	102	1	-3.9979252061	0.9999999731037907	1.0	5.403435046659971e-07	6.235564043845607e-05	BCL11A
GO_POSITIVE_REGULATION_OF_LIGASE_ACTIVITY	17831	2793	99	1	-3.9548564842	0.9999999549889496	1.0	8.782126477633821e-07	9.334476011358685e-05	ARRDC4
GO_RNA_MODIFICATION	17831	2793	94	1	-3.8800887158	0.9999998939548775	1.0	1.969018172588307e-06	0.00017288835650182982	ADARB1
GO_PROTEIN_LOCALIZATION_TO_ENDOPLASMIC_RETICULUM	17831	2793	115	1	-4.17098991507	0.9999999970990803	1.0	6.523333094390622e-08	1.0133747064709124e-05	KDELR3
GO_SIGNAL_TRANSDUCTION_IN_RESPONSE_TO_DNA_DAMAGE	17831	2793	85	3	-2.14992829954	0.9999299610075609	1.0	0.00038847996517882353	0.015628715160299397	MUC1,PCBP4,SOX4
GO_MACROMOLECULAR_COMPLEX_DISASSEMBLY	17831	2793	164	8	-1.68305186874	0.9999962526840183	1.0	1.4392452568490994e-05	0.0010198441390199145	AKAP5,CAV1,DSTN,FZD1,FZD2,MICAL2,NFE2,SMARCD3
GO_PROTEIN_ALKYLATION	17831	2793	82	2	-2.68305186874	0.9999864910704777	1.0	0.00010937019022788961	0.0058124499780321855	MECOM,PRDM6
GO_REGULATION_OF_MRNA_SPLICING_VIA_SPLICEOSOME	17831	2793	54	1	-3.08038736629	0.9999003931868637	1.0	0.0011021358375888804	0.03648792334443842	RBFOX2
GO_NEGATIVE_REGULATION_OF_PROTEIN_MODIFICATION_BY_SMALL_PROTEIN_CONJUGATION_OR_REMOVAL	17831	2793	126	5	-1.98085169274	0.9999935449733991	1.0	3.1028849417002144e-05	0.0019892940126233598	CAV1,GCLC,HFE,SOX4,USP44
GO_GENE_SILENCING_BY_RNA	17831	2793	87	2	-2.76844335997	0.9999939313665133	1.0	5.1968846976743916e-05	0.0030420604773778066	PIWIL4,WTIP
GO_DNA_CONFORMATION_CHANGE	17831	2793	174	1	-4.76844335997	1.0	1.0	3.850084589550272e-12	2.221498808170507e-09	PADI4
GO_COFACTOR_BIOSYNTHETIC_PROCESS	17831	2793	137	8	-1.42353194709	0.9998873474330017	1.0	0.000362023804986286	0.015074372663294939	ACOT1,ALAS2,HAAO,KMO,KYNU,ME1,PCBD1,PPT2
GO_MRNA_3_END_PROCESSING	17831	2793	66	1	-3.36989398348	0.9999871996985312	1.0	0.00017038928004312157	0.008392711001148391	APP
GO_DNA_PACKAGING	17831	2793	101	1	-3.98371134688	0.999999968038895	1.0	6.35364649411521e-07	6.935777889116576e-05	PADI4
GO_ER_TO_GOLGI_VESICLE_MEDIATED_TRANSPORT	17831	2793	148	10	-1.21302513487	0.9996921245639462	1.0	0.0008469644522600267	0.029490426057571104	ANK3,COPZ2,DYNC2LI1,F10,F5,F7,GAS6,NRBP2,PROS1,SPTB
GO_DNA_SYNTHESIS_INVOLVED_IN_DNA_REPAIR	17831	2793	64	1	-3.32549986413	0.9999819790727402	1.0	0.00023313112164028248	0.010505230919906208	USP43
GO_CHROMATIN_ASSEMBLY_OR_DISASSEMBLY	17831	2793	87	3	-2.18348085925	0.999948031175465	1.0	0.0002946939110161913	0.012662433048876562	NFE2,PADI4,SMARCD3
GO_CELLULAR_PROTEIN_COMPLEX_DISASSEMBLY	17831	2793	114	3	-2.57342737757	0.9999991479425179	1.0	6.263741690507454e-06	0.0004773443903388605	AKAP5,DSTN,MICAL2
GO_REGULATION_OF_CELLULAR_AMINO_ACID_METABOLIC_PROCESS	17831	2793	54	1	-3.08038736629	0.9999003931868637	1.0	0.0011021358375888804	0.03648792334443842	SLC7A7
GO_MITOTIC_CELL_CYCLE_CHECKPOINT	17831	2793	121	6	-1.65940060068	0.9999398812204164	1.0	0.00023026960818499492	0.010505230919906208	CCND1,CDKN2B,MUC1,NEK11,PCBP4,SOX4
GO_POSITIVE_REGULATION_OF_PROTEIN_MODIFICATION_BY_SMALL_PROTEIN_CONJUGATION_OR_REMOVAL	17831	2793	174	12	-1.18348085925	0.9998596919051974	1.0	0.00037492847934463404	0.015296324525989667	ANGPT1,ARRDC4,CAV1,CLU,LRRK2,MAPK15,NHLRC1,PRICKLE1,PTK2,RNF180,SPHK1,WFS1
GO_REGULATION_OF_PROTEIN_UBIQUITINATION_INVOLVED_IN_UBIQUITIN_DEPENDENT_PROTEIN_CATABOLIC_PROCESS	17831	2793	95	3	-2.31039297173	0.999984394777476	1.0	9.624166860446983e-05	0.005182934659912715	CLU,HFE,PTK2
GO_CHROMATIN_REMODELING	17831	2793	117	4	-2.19586458371	0.9999959634728858	1.0	2.2689222397826682e-05	0.001527362821080366	FOXA1,PADI2,PADI4,SMARCD3
GO_TRNA_METABOLIC_PROCESS	17831	2793	153	1	-4.58288770682	1.0	1.0	1.2592864296178418e-10	4.6238708083876936e-08	TSEN34
GO_TRANSLATIONAL_ELONGATION	17831	2793	102	1	-3.9979252061	0.9999999731037907	1.0	5.403435046659971e-07	6.235564043845607e-05	EEF2K
GO_PROTEASOMAL_PROTEIN_CATABOLIC_PROCESS	17831	2793	245	10	-1.94020970824	0.9999999984896047	1.0	7.028755920130346e-09	1.6699497153768512e-06	FBXO2,FBXO36,NHLRC1,NR1D1,TMEM67,UBXN11,UCHL1,USP44,WFS1,WWTR1
GO_MITOTIC_SPINDLE_ORGANIZATION	17831	2793	56	1	-3.13285478618	0.9999292342552468	1.0	0.0008094914633382443	0.028430748003679725	EML1
GO_PROTEIN_ACYLATION	17831	2793	133	8	-1.38078229963	0.9998172015053728	1.0	0.0005705794358579155	0.021142847169083677	APBB1,ATAT1,NUPR1,PORCN,SPI1,TRIM16,ZDHHC1,ZDHHC14
GO_REGULATION_OF_CHROMOSOME_SEGREGATION	17831	2793	71	1	-3.47524698363	0.9999945581072187	1.0	7.753812146413781e-05	0.004260667948082434	USP44
GO_REGULATION_OF_PROTEIN_MODIFICATION_BY_SMALL_PROTEIN_CONJUGATION_OR_REMOVAL	17831	2793	250	18	-1.12135914734	0.9999839382994912	1.0	4.048217218157931e-05	0.0025154998990984437	ANGPT1,ARRDC4,CAV1,CLU,FBXO2,GCLC,HFE,LRRK2,MAPK15,NHLRC1,PRICKLE1,PTK2,RNF180,SASH1,SOX4,SPHK1,USP44,WFS1
GO_REGULATION_OF_SIGNAL_TRANSDUCTION_BY_P53_CLASS_MEDIATOR	17831	2793	142	7	-1.66789206157	0.9999840365688888	1.0	6.10217935541852e-05	0.0034713665375401973	ANKRD1,CD74,MSX1,MUC1,PLA2R1,PPP1R13L,SPRED1
GO_DNA_RECOMBINATION	17831	2793	173	2	-3.76012809176	1.0	1.0	7.580346687689728e-11	3.401891141286534e-08	RBPJ,SWAP70
GO_REGULATION_OF_CHROMOSOME_ORGANIZATION	17831	2793	239	17	-1.13890383086	0.9999806073827164	1.0	4.957575265227468e-05	0.0029446538965079033	CAMK1,GATA2,IL1B,JDP2,MAPK15,MAPK3,MUC1,PADI2,PAX5,PKIB,PRKD1,RAPGEF3,SNCA,SPI1,SRC,USP44,VEGFA
GO_PROTEIN_TARGETING_TO_MEMBRANE	17831	2793	142	10	-1.15331888874	0.9994014297085988	1.0	0.0015807989411459559	0.048739289490752034	ANK3,ARL6,ATG4C,GAS6,KCNB1,NCF1,NKD2,PALM,PRKG2,RTP3
GO_SINGLE_ORGANISM_MEMBRANE_BUDDING	17831	2793	67	2	-2.39158905458	0.9998543778626987	1.0	0.0009753217267454492	0.033103566843066125	F5,RILP
GO_REGULATION_OF_DNA_REPAIR	17831	2793	61	1	-3.25623720169	0.9999698991606984	1.0	0.00037249419304307877	0.015296324525989667	APBB1
GO_REGULATION_OF_MRNA_METABOLIC_PROCESS	17831	2793	102	1	-3.9979252061	0.9999999731037907	1.0	5.403435046659971e-07	6.235564043845607e-05	RBFOX2
GO_NUCLEAR_EXPORT	17831	2793	129	2	-3.33672711955	0.9999999934300466	1.0	8.246542212913204e-08	1.1895637142127297e-05	DUSP16,LZTS2
GO_VESICLE_TARGETING	17831	2793	69	2	-2.4340243209	0.9998936989621156	1.0	0.0007317497503897482	0.026388725373430295	F5,WIPI1
GO_POSITIVE_REGULATION_OF_CHROMOSOME_ORGANIZATION	17831	2793	130	8	-1.34786767715	0.9997382181315577	1.0	0.0007990318880193167	0.028309559611491404	IL1B,JDP2,MAPK15,MAPK3,MUC1,PKIB,PRKD1,VEGFA
GO_DNA_BIOSYNTHETIC_PROCESS	17831	2793	101	1	-3.98371134688	0.999999968038895	1.0	6.35364649411521e-07	6.935777889116576e-05	USP43
GO_REGULATION_OF_LIGASE_ACTIVITY	17831	2793	117	2	-3.19586458371	0.9999999529640949	1.0	5.354377522889474e-07	6.235564043845607e-05	ARRDC4,USP44
GO_REGULATION_OF_RNA_STABILITY	17831	2793	123	6	-1.68305186874	0.9999538130148642	1.0	0.00017976216977303307	0.008747703659196152	HSPB1,PCBP4,RBM24,SCGB1A1,SLC11A1,TNFSF13
GO_MEIOTIC_CELL_CYCLE_PROCESS	17831	2793	105	3	-2.45478288107	0.9999965953014838	1.0	2.3117345721322056e-05	0.001530671465056062	CYP26B1,SPIRE1,SPIRE2
GO_DNA_INTEGRITY_CHECKPOINT	17831	2793	123	5	-1.94608627458	0.9999901626568826	1.0	4.6187000213777e-05	0.002826504452476444	CCND1,MUC1,NEK11,PCBP4,SOX4
GO_RNA_3_END_PROCESSING	17831	2793	85	1	-3.73489080026	0.9999995045568725	1.0	8.361387246641541e-06	0.0006140298743488215	APP
GO_NUCLEAR_ENVELOPE_ORGANIZATION	17831	2793	71	2	-2.47524698363	0.9999224618442448	1.0	0.0005481939313248667	0.020568178842601852	DMPK,LMNA
GO_REGULATION_OF_TRANSLATIONAL_INITIATION	17831	2793	74	1	-3.53495322975	0.9999967430900274	1.0	4.8238531789509267e-05	0.002907991491012357	HSPB1
GO_REGULATION_OF_RNA_SPLICING	17831	2793	84	3	-2.13285478618	0.9999187218943092	1.0	0.00044578378098576493	0.017147816108585758	ESRP1,ESRP2,RBFOX2
GO_PROTEIN_LOCALIZATION_TO_MITOCHONDRION	17831	2793	55	1	-3.10685957765	0.9999160427246635	1.0	0.0009446817644049386	0.03233533598670803	LRRK2
GO_METHYLATION	17831	2793	192	11	-1.45103074621	0.9999942490917973	1.0	1.8579025875310815e-05	0.0012718760255996675	AS3MT,GAMT,GSTO1,HNMT,INMT,MECOM,NNMT,OCLN,PIWIL4,PRDM6,PRDM8
GO_MEIOTIC_CELL_CYCLE	17831	2793	125	6	-1.70632164807	0.999964560845636	1.0	0.00014012326641150215	0.0071677612033003235	CYP26B1,MNS1,PIWIL4,RSPH1,SPIRE1,SPIRE2
GO_NCRNA_TRANSCRIPTION	17831	2793	76	1	-3.57342737757	0.9999976870852445	1.0	3.5124446790402165e-05	0.0022166818841630365	ANG
GO_RNA_CATABOLIC_PROCESS	17831	2793	198	1	-4.9548564842	0.9999999999943737	1.0	6.993237491215748e-14	5.649137245404081e-11	RNASE6
GO_MITOCHONDRIAL_TRANSPORT	17831	2793	139	5	-2.12251284196	0.9999989849502551	1.0	5.372669690908651e-06	0.0004226858931182593	MPV17L,SLC1A3,TMEM102,TST,UCP3
GO_NUCLEIC_ACID_PHOSPHODIESTER_BOND_HYDROLYSIS	17831	2793	209	6	-2.44789649548	0.999999999770081	1.0	1.5426834558955724e-09	4.792998829509398e-07	ANG,ENDOU,ENPP2,RNASE4,RNASE6,TSEN34
GO_NEGATIVE_REGULATION_OF_CELLULAR_AMIDE_METABOLIC_PROCESS	17831	2793	106	6	-1.46845781797	0.9995845809478232	1.0	0.0013993599440700157	0.04381406832634724	ANG,APOE,CLU,DAPK1,IGFBP5,WTIP
GO_CELL_CYCLE_CHECKPOINT	17831	2793	163	6	-2.08926551764	0.9999998104864818	1.0	9.735234944692499e-07	0.00010041641680127495	CCND1,CDKN2B,MUC1,NEK11,PCBP4,SOX4
GO_RNA_LOCALIZATION	17831	2793	154	1	-4.59228640482	1.0	1.0	1.0670942533510171e-10	4.309993689284758e-08	TST
GO_MACROMOLECULE_METHYLATION	17831	2793	145	3	-2.92044645342	0.9999999933846263	1.0	6.159654428968104e-08	9.95153769544087e-06	MECOM,PIWIL4,PRDM6
GO_PROTEIN_UBIQUITINATION_INVOLVED_IN_UBIQUITIN_DEPENDENT_PROTEIN_CATABOLIC_PROCESS	17831	2793	121	6	-1.65940060068	0.9999398812204164	1.0	0.00023026960818499492	0.010505230919906208	CBLC,HECW2,KLHDC8A,NEDD4,RNF144B,RNF217
GO_RNA_PHOSPHODIESTER_BOND_HYDROLYSIS	17831	2793	98	5	-1.61828161335	0.9997019693002407	1.0	0.0011228740940739297	0.036872263950931725	ANG,ENDOU,RNASE4,RNASE6,TSEN34
GO_REGULATION_OF_SISTER_CHROMATID_SEGREGATION	17831	2793	58	1	-3.18348085925	0.9999497265355264	1.0	0.0005938954095481644	0.021806759628773053	USP44
GO_CELL_CYCLE_G2_M_PHASE_TRANSITION	17831	2793	126	8	-1.30277978763	0.9995797554101208	1.0	0.001244077213653127	0.04052280537052403	CDK14,CDKN2B,NES,OPTN,PLCB1,PRKAR2B,TUBB4A,WEE1
GO_REGULATION_OF_GENE_EXPRESSION_EPIGENETIC	17831	2793	143	5	-2.16344310602	0.9999994296290684	1.0	3.1044773678799023e-06	0.0002612288351847276	IGF2,KCNQ1,PADI2,SPI1,WTIP
GO_GENE_SILENCING	17831	2793	122	3	-2.67127470097	0.9999997538498469	1.0	1.9326591467245604e-06	0.00017288835650182982	KCNQ1,PIWIL4,WTIP
GO_DOUBLE_STRAND_BREAK_REPAIR	17831	2793	128	1	-4.32549986413	0.9999999996811757	1.0	7.769626586591757e-09	1.7434178768468948e-06	APBB1
GO_NUCLEOBASE_CONTAINING_COMPOUND_TRANSPORT	17831	2793	164	3	-3.09808936802	0.9999999996969364	1.0	3.37038828787224e-09	9.200642465622173e-07	GJA1,SLC25A23,TST
GO_NUCLEUS_ORGANIZATION	17831	2793	113	2	-3.14567882654	0.999999909650435	1.0	9.944681039987617e-07	0.00010041641680127495	DMPK,LMNA
GO_RNA_SPLICING_VIA_TRANSESTERIFICATION_REACTIONS	17831	2793	242	3	-3.65940060068	1.0	1.0	1.5358963541778393e-14	2.067828458174764e-11	NOVA2,PRPF40B,RBPMS
