gene_set	genes_in_background	candidate_genes	gene_set_genes	overlapping_genes	log2_fold_enrichment	enrichment_p_value	enrichment_p.BH_value	underenrichment_p_value	underenrichment_p.BH_value	overlapping_gene_names
GO_LYMPHOCYTE_DIFFERENTIATION	17831	596	174	16	1.45998797784	0.0002496343931972773	0.022915302593722795	0.9999232565088881	0.9999999975625674	BCL6,CCR7,EOMES,FAS,IFNG,IL10,IL18R1,IRF4,ITGB1,LEF1,RORC,SATB1,SLAMF6,TBX21,TCF7,TNFSF8
GO_CHROMOSOME_LOCALIZATION	17831	596	53	9	2.34493602057	5.837262035963276e-05	0.009497767729296593	0.9999913945212145	0.9999999975625674	BIRC5,CDCA5,CDCA8,CEP55,DLGAP5,FAM83D,GEM,KIFC1,SPO11
GO_NUCLEAR_CHROMOSOME_SEGREGATION	17831	596	178	18	1.59712304417	3.0127066459913126e-05	0.006170426980703444	0.9999915930396767	0.9999999975625674	BIRC5,CDCA5,CDCA8,CENPA,CENPH,CEP55,DLGAP5,ERCC6L,FAM83D,GEM,KIF18B,KIFC1,NCAPG,NDC80,PLK1,PRC1,SPO11,TTN
GO_T_CELL_ACTIVATION_INVOLVED_IN_IMMUNE_RESPONSE	17831	596	41	9	2.71530447052	6.595567490063562e-06	0.0020491920840282098	0.9999992900380705	0.9999999975625674	CD86,EOMES,F2RL1,IFNG,IL18R1,IRF4,LEF1,RORC,SLAMF6
GO_REGULATION_OF_HEMOPOIESIS	17831	596	243	21	1.37043639287	7.089255685309678e-05	0.009873621969988203	0.9999763820489842	0.9999999975625674	ADIPOQ,BCL6,CCL5,CD27,CD86,DTX1,FAS,GPR55,HES5,IFNG,IKZF3,IL17A,IL23R,IRF4,ISG15,LEF1,MYB,PGLYRP1,SCIN,SLC9B2,TNFSF4
GO_REGULATION_OF_INTERFERON_GAMMA_PRODUCTION	17831	596	75	13	2.37455250134	1.0773903700272595e-06	0.00062030057508413	0.9999998402943052	0.9999999975625674	CCR7,IL10,IL12RB2,IL18R1,IL21,IL23R,ISG15,KLRK1,PGLYRP1,SLAMF6,TNFSF4,TXK,XCL1
GO_REGULATION_OF_HOMOTYPIC_CELL_CELL_ADHESION	17831	596	239	20	1.3239927606	0.00016208532258046347	0.017227963629012945	0.9999442210829695	0.9999999975625674	BCL6,BTLA,CASP3,CCL5,CCR7,CD86,DTX1,IFNG,IL10,IL21,IL23R,IL6ST,IRF4,KLRK1,LAG3,LAX1,MYB,TIGIT,TNFSF4,XCL1
GO_REGULATION_OF_CELL_KILLING	17831	596	51	11	2.68993775036	7.494170246505261e-07	0.00062030057508413	0.999999916077143	0.9999999975625674	CRTAM,F2RL1,IFNG,IL10,IL21,IL23R,KLRK1,LAG3,SH2D1A,SLAMF6,XCL1
GO_RESPONSE_TO_TYPE_I_INTERFERON	17831	596	42	7	2.31796897297	0.00043868038973660957	0.03343075649332389	0.9999357578247878	0.9999999975625674	IFIT1,IFIT2,IFIT3,IRF4,ISG15,MX1,MX2
GO_T_CELL_DIFFERENTIATION	17831	596	115	13	1.75788114089	0.00012274362481817593	0.013771152795572571	0.9999702787847724	0.9999999975625674	CCR7,EOMES,FAS,IFNG,IL18R1,IRF4,LEF1,RORC,SATB1,SLAMF6,TBX21,TCF7,TNFSF8
GO_POSITIVE_REGULATION_OF_CD4_POSITIVE_ALPHA_BETA_T_CELL_ACTIVATION	17831	596	24	6	2.90293147369	0.00010939219104359758	0.012995148812502666	0.9999905159136154	0.9999999975625674	CD86,IFNG,IL23R,MYB,TNFSF4,XCL1
GO_DENDRITIC_CELL_CHEMOTAXIS	17831	596	14	5	3.41750464652	6.391324164227663e-05	0.009560947518265011	0.9999967522416042	0.9999999975625674	CCL5,CCR5,CCR6,CCR7,CXCR4
GO_LEUKOCYTE_CHEMOTAXIS	17831	596	90	11	1.870509996	0.00020164723086449536	0.019937385607685484	0.9999558128752469	0.9999999975625674	CCL5,CCR5,CCR6,CCR7,CXCL10,CXCR3,CXCR4,EDN3,IFNG,IL10,XCL1
GO_LEUKOCYTE_MIGRATION	17831	596	215	19	1.40266613755	0.00011539944699250472	0.013317096182935046	0.9999626314419392	0.9999999975625674	ATP1B3,CCL5,CCR5,CCR6,CCR7,CXCL10,CXCR3,CXCR4,EDN3,F2RL1,GPR15,IFNG,IL10,ITGB1,RET,S1PR1,SELL,TBX21,XCL1
GO_POSITIVE_REGULATION_OF_STAT_CASCADE	17831	596	56	8	2.09557655164	0.0005129052352942428	0.038363411950989745	0.9999087139802068	0.9999999975625674	CCL5,HES5,IFNG,IL10,IL21,IL23R,IL6ST,SOCS3
GO_REGULATION_OF_CHEMOTAXIS	17831	596	151	14	1.47188165643	0.0005498456075771866	0.03896186682463608	0.9998339173387417	0.9999999975625674	CCL5,CCR6,CCR7,CXCL10,CXCR3,CXCR4,DSCAM,EDN3,F2RL1,KLRK1,NTRK3,S1PR1,WNT3,XCL1
GO_REGULATION_OF_ALPHA_BETA_T_CELL_DIFFERENTIATION	17831	596	41	7	2.35273439113	0.0003762740254833235	0.029875963872830546	0.999946442452556	0.9999999975625674	BCL6,CD86,IFNG,IL23R,IRF4,MYB,TNFSF4
GO_CELLULAR_DEFENSE_RESPONSE	17831	596	41	7	2.35273439113	0.0003762740254833235	0.029875963872830546	0.999946442452556	0.9999999975625674	CCR5,CCR6,CD160,ITGB1,PRF1,SH2D1A,TRAT1
GO_CHROMOSOME_SEGREGATION	17831	596	217	18	1.31130524269	0.00037724044503945476	0.029875963872830546	0.9998696403055513	0.9999999975625674	BIRC5,CDCA5,CDCA8,CENPA,CENPH,CEP55,DLGAP5,ERCC6L,FAM83D,GEM,KIF18B,KIFC1,NCAPG,NDC80,PLK1,PRC1,SPO11,TTN
GO_REGULATION_OF_ISOTYPE_SWITCHING	17831	596	20	5	2.90293147369	0.0004190225045942594	0.032546767231850265	0.9999646917316279	0.9999999975625674	BCL6,IFNG,IL10,TBX21,TNFSF4
GO_POSITIVE_REGULATION_OF_INTERFERON_GAMMA_PRODUCTION	17831	596	52	8	2.20249175555	0.0003054500478437014	0.02681984224436326	0.9999500783754028	0.9999999975625674	IL12RB2,IL18R1,IL21,IL23R,KLRK1,SLAMF6,TNFSF4,TXK
GO_REGULATION_OF_LEUKOCYTE_DIFFERENTIATION	17831	596	187	18	1.52596201525	5.794193374032465e-05	0.009497767729296593	0.9999829375610145	0.9999999975625674	ADIPOQ,BCL6,CCL5,CD27,CD86,DTX1,FAS,GPR55,IFNG,IKZF3,IL17A,IL23R,IRF4,LEF1,MYB,PGLYRP1,SLC9B2,TNFSF4
GO_ADAPTIVE_IMMUNE_RESPONSE	17831	596	179	21	1.81143311921	6.070686065538564e-07	0.00062030057508413	0.9999998554646036	0.9999999975625674	BCL6,BTLA,CD27,CD7,CD86,CRTAM,EOMES,FAS,IFNG,IL18R1,IRF4,KLRK1,LAX1,LEF1,RORC,SH2D1A,SLAMF6,SLAMF7,SUSD4,TRAT1,TXK
GO_REGULATION_OF_CYTOSOLIC_CALCIUM_ION_CONCENTRATION	17831	596	149	17	1.77122579448	1.0317590975524586e-05	0.002604546871883988	0.9999974868709582	0.9999999975625674	ATP2B2,CCR10,CCR5,CCR6,CCR7,CDH23,CXCR3,CXCR4,ESR1,F2RL1,GTF2I,RASA3,RYR1,RYR3,S1PR1,TBXA2R,XCL1
GO_DEFENSE_RESPONSE_TO_VIRUS	17831	596	111	13	1.80895532548	8.520642941770145e-05	0.011101573174777295	0.9999801616801139	0.9999999975625674	CD86,CXCL10,F2RL1,GBP3,IFIH1,IFIT1,IFIT2,IFIT3,IFNG,ISG15,MX1,MX2,PRF1
GO_CELL_CHEMOTAXIS	17831	596	124	13	1.64917488145	0.00026225627095888287	0.023538957297842843	0.99993101972498	0.9999999975625674	CCL5,CCR5,CCR6,CCR7,CXCL10,CXCR3,CXCR4,DOCK4,EDN3,IFNG,IL10,LEF1,XCL1
GO_ALPHA_BETA_T_CELL_DIFFERENTIATION	17831	596	44	10	2.76542794994	1.435525873415304e-06	0.0006442321114138237	0.9999998507635333	0.9999999975625674	EOMES,IFNG,IL18R1,IRF4,LEF1,RORC,SATB1,SLAMF6,TCF7,TNFSF8
GO_POSITIVE_REGULATION_OF_LYMPHOCYTE_MEDIATED_IMMUNITY	17831	596	55	11	2.58100337881	1.6677882448611168e-06	0.0006736196720994051	0.9999997947258998	0.9999999975625674	CRTAM,IFNG,IL21,IL23R,KLRK1,LAG3,SH2D1A,SLAMF6,TBX21,TNFSF4,XCL1
GO_CALCIUM_ION_TRANSMEMBRANE_TRANSPORT	17831	596	107	12	1.74642698801	0.00023907057049911846	0.022915302593722795	0.9999419562743259	0.9999999975625674	ATP2B2,CACNA1D,CACNA1S,CACNA2D4,CATSPER2,CCR5,CCR7,RASA3,RYR1,RYR3,SLC24A3,XCL1
GO_REGULATION_OF_CD4_POSITIVE_ALPHA_BETA_T_CELL_ACTIVATION	17831	596	34	8	2.81546863244	1.2507211905898103e-05	0.0029715664051719083	0.9999987830787507	0.9999999975625674	BCL6,CD86,IFNG,IL23R,IRF4,MYB,TNFSF4,XCL1
GO_LEUKOCYTE_CELL_CELL_ADHESION	17831	596	212	20	1.49693911402	3.055423114980661e-05	0.006170426980703444	0.999990759962156	0.9999999975625674	CCL5,CCR7,CD7,CD86,CRTAM,EOMES,F2RL1,FAS,IFNG,IL18R1,IRF4,ITGB1,LEF1,RORC,SATB1,SLAMF6,TBX21,TCF7,TNFSF4,TNFSF8
GO_REGULATION_OF_B_CELL_MEDIATED_IMMUNITY	17831	596	31	7	2.75609008536	5.878786660866918e-05	0.009497767729296593	0.9999940626889414	0.9999999975625674	BCL6,IFNG,IL10,SUSD4,TBX21,TNFSF4,XCL1
GO_CALCIUM_ION_TRANSPORT	17831	596	155	14	1.43416199048	0.0007138427836405079	0.0488679831037968	0.9997782608916178	0.9999999975625674	ATP2B2,CACNA1D,CACNA1S,CACNA2D4,CATSPER2,CCL5,CCR5,CCR7,CDH23,RASA3,RYR1,RYR3,SLC24A3,XCL1
GO_REGULATION_OF_LEUKOCYTE_MEDIATED_CYTOTOXICITY	17831	596	42	9	2.68053905236	8.147767913935922e-06	0.0022022178577569326	0.9999990958630933	0.9999999975625674	CRTAM,F2RL1,IL21,IL23R,KLRK1,LAG3,SH2D1A,SLAMF6,XCL1
GO_T_CELL_DIFFERENTIATION_INVOLVED_IN_IMMUNE_RESPONSE	17831	596	29	7	2.85230540062	3.6979968839004173e-05	0.0071124806733684695	0.9999965729973396	0.9999999975625674	EOMES,IFNG,IL18R1,IRF4,LEF1,RORC,SLAMF6
GO_LYMPHOCYTE_MIGRATION	17831	596	34	9	2.98539363388	1.2169391490394006e-06	0.00062030057508413	0.9999998974546943	0.9999999975625674	CCL5,CCR7,CXCL10,CXCR3,GPR15,RET,S1PR1,TBX21,XCL1
GO_DENDRITIC_CELL_MIGRATION	17831	596	18	5	3.05493456714	0.0002447618161029255	0.022915302593722795	0.9999820947893331	0.9999999975625674	CCL5,CCR5,CCR6,CCR7,CXCR4
GO_REGULATION_OF_INTERLEUKIN_17_PRODUCTION	17831	596	21	5	2.8325421458	0.0005349543617245517	0.03858358333938329	0.9999519594732769	0.9999999975625674	IFNG,IL21,IL23R,SLAMF6,TNFSF4
GO_REGULATION_OF_T_HELPER_CELL_DIFFERENTIATION	17831	596	23	6	2.96433201836	8.441516748422283e-05	0.011101573174777295	0.9999930835675446	0.9999999975625674	BCL6,CD86,IL23R,IRF4,MYB,TNFSF4
GO_NEGATIVE_REGULATION_OF_CYTOKINE_PRODUCTION	17831	596	171	17	1.57254180006	6.171790848297071e-05	0.009560947518265011	0.9999825040937815	0.9999999975625674	ADIPOQ,BCL6,F2RL1,IFIH1,IFNG,IL10,IL23R,ISG15,KLF2,LAG3,LEF1,PGLYRP1,REL,TIGIT,TNFRSF9,TNFSF4,XCL1
GO_REGULATION_OF_LEUKOCYTE_MEDIATED_IMMUNITY	17831	596	123	15	1.86730756396	1.5238788290120248e-05	0.003419414772433093	0.9999965772770819	0.9999999975625674	BCL6,CRTAM,F2RL1,IFNG,IL10,IL21,IL23R,KLRK1,LAG3,SH2D1A,SLAMF6,SUSD4,TBX21,TNFSF4,XCL1
GO_CHEMOKINE_MEDIATED_SIGNALING_PATHWAY	17831	596	49	10	2.61014972446	4.0901647950417915e-06	0.0013766813005978162	0.9999995128829839	0.9999999975625674	CCL5,CCR10,CCR5,CCR6,CCR7,CXCL10,CXCR3,CXCR4,CXCR5,XCL1
GO_POSITIVE_REGULATION_OF_OSTEOCLAST_DIFFERENTIATION	17831	596	21	5	2.8325421458	0.0005349543617245517	0.03858358333938329	0.9999519594732769	0.9999999975625674	CCL5,IFNG,IL17A,IL23R,SLC9B2
GO_POSITIVE_REGULATION_OF_CELL_KILLING	17831	596	31	10	3.27066325819	3.7980373746829767e-08	0.00015340272956344543	0.9999999975625674	0.9999999975625674	CRTAM,F2RL1,IFNG,IL21,IL23R,KLRK1,LAG3,SH2D1A,SLAMF6,XCL1
GO_LEUKOCYTE_DIFFERENTIATION	17831	596	243	20	1.30004706497	0.0002023849492238437	0.019937385607685484	0.9999291074583623	0.9999999975625674	BCL6,CCR7,CD109,CD86,EOMES,F2RL1,FAS,IFNG,IL10,IL18R1,IRF4,ITGB1,L3MBTL3,LEF1,RORC,SATB1,SLAMF6,TBX21,TCF7,TNFSF8
GO_POSITIVE_REGULATION_OF_LEUKOCYTE_MEDIATED_IMMUNITY	17831	596	67	12	2.42180478396	1.946138716071811e-06	0.0007145867522012769	0.9999997241389856	0.9999999975625674	CRTAM,F2RL1,IFNG,IL21,IL23R,KLRK1,LAG3,SH2D1A,SLAMF6,TBX21,TNFSF4,XCL1
GO_POSITIVE_REGULATION_OF_IMMUNE_EFFECTOR_PROCESS	17831	596	124	14	1.75609008536	6.89802929933583e-05	0.009873621969988203	0.9999831885189809	0.9999999975625674	CD86,CRTAM,F2RL1,IFNG,IL21,IL23R,KLRK1,LAG3,MYB,SH2D1A,SLAMF6,TBX21,TNFSF4,XCL1
GO_REGULATION_OF_LYMPHOCYTE_DIFFERENTIATION	17831	596	105	12	1.77364845675	0.00019995331785916117	0.019937385607685484	0.9999524534533956	0.9999999975625674	BCL6,CD27,CD86,DTX1,FAS,IFNG,IKZF3,IL23R,IRF4,MYB,PGLYRP1,TNFSF4
GO_MITOTIC_SISTER_CHROMATID_SEGREGATION	17831	596	78	11	2.07696087347	5.4101917092609735e-05	0.009497767729296593	0.9999899144263756	0.9999999975625674	CDCA5,CDCA8,CEP55,DLGAP5,KIF18B,KIFC1,NCAPG,NDC80,PLK1,PRC1,TTN
GO_RESPONSE_TO_VIRUS	17831	596	184	21	1.77168694041	9.590513379016471e-07	0.00062030057508413	0.9999997645064881	0.9999999975625674	CCL5,CD86,CXCL10,CXCR4,DCLK1,F2RL1,GBP3,IFIH1,IFIT1,IFIT2,IFIT3,IFNG,ISG15,MX1,MX2,ODC1,PENK,PRF1,TBX21,TNFSF4,XCL1
GO_CD4_POSITIVE_ALPHA_BETA_T_CELL_ACTIVATION	17831	596	33	7	2.66589227639	9.012403159051008e-05	0.011375342612314694	0.9999901493495863	0.9999999975625674	IL18R1,IRF4,LEF1,RORC,SATB1,SLAMF6,TNFSF4
GO_REGULATION_OF_NATURAL_KILLER_CELL_MEDIATED_IMMUNITY	17831	596	24	6	2.90293147369	0.00010939219104359758	0.012995148812502666	0.9999905159136154	0.9999999975625674	CRTAM,IL21,KLRK1,LAG3,SH2D1A,SLAMF6
GO_ALPHA_BETA_T_CELL_ACTIVATION	17831	596	50	11	2.71850690256	6.058796024923893e-07	0.00062030057508413	0.9999999338380398	0.9999999975625674	EOMES,IFNG,IL18R1,IRF4,LEF1,RORC,SATB1,SLAMF6,TCF7,TNFSF4,TNFSF8
GO_REGULATION_OF_LYMPHOCYTE_MEDIATED_IMMUNITY	17831	596	88	14	2.25085477711	1.2286220848410597e-06	0.00062030057508413	0.9999997974771854	0.9999999975625674	BCL6,CRTAM,IFNG,IL10,IL21,IL23R,KLRK1,LAG3,SH2D1A,SLAMF6,SUSD4,TBX21,TNFSF4,XCL1
GO_NATURAL_KILLER_CELL_ACTIVATION	17831	596	29	6	2.62991297929	0.00033490408626116793	0.028548565960499532	0.9999630200326078	0.9999999975625674	IL18R1,IL21R,IL2RB,KLRK1,SLAMF6,SLAMF7
GO_RESPONSE_TO_KETONE	17831	596	144	14	1.54036139431	0.0003392748616251492	0.028548565960499532	0.9999026267828773	0.9999999975625674	CATSPER2,CCL5,CCNE1,CCR7,FAS,FOXO1,KLF2,MSTN,NPAS4,NTRK3,PTGER2,SOCS3,TGFBR3,TNFSF4
GO_REGULATION_OF_ALPHA_BETA_T_CELL_ACTIVATION	17831	596	57	8	2.07004145953	0.0005794639256476196	0.040352668891219586	0.9998947667421556	0.9999999975625674	BCL6,CD86,IFNG,IL23R,IRF4,MYB,TNFSF4,XCL1
GO_SISTER_CHROMATID_SEGREGATION	17831	596	150	15	1.58100337881	0.0001542315687654218	0.01683625152009564	0.9999568692640413	0.9999999975625674	BIRC5,CDCA5,CDCA8,CENPA,CENPH,CEP55,DLGAP5,ERCC6L,KIF18B,KIFC1,NCAPG,NDC80,PLK1,PRC1,TTN
GO_POSITIVE_REGULATION_OF_NATURAL_KILLER_CELL_MEDIATED_IMMUNITY	17831	596	16	6	3.48789397441	8.178575852031194e-06	0.0022022178577569326	0.9999996041288026	0.9999999975625674	CRTAM,IL21,KLRK1,LAG3,SH2D1A,SLAMF6
