node	log2fold	enrichment_p_value	node_size
GO_LYMPHOCYTE_DIFFERENTIATION	1.4819398052	0.00021048330603763715	16
GO_CHROMOSOME_LOCALIZATION	2.36688784792	5.189837303107727e-05	9
GO_NUCLEAR_CHROMOSOME_SEGREGATION	1.61907487152	2.4665202231751787e-05	18
GO_T_CELL_ACTIVATION_INVOLVED_IN_IMMUNE_RESPONSE	2.73725629787	5.831997701159804e-06	9
GO_REGULATION_OF_HEMOPOIESIS	1.32199889233	0.0001656144511211548	20
GO_REGULATION_OF_INTERFERON_GAMMA_PRODUCTION	2.39650432869	9.088233047549531e-07	13
GO_REGULATION_OF_HOMOTYPIC_CELL_CELL_ADHESION	1.34594458795	0.0001323848437531542	20
GO_REGULATION_OF_CELL_KILLING	2.71188957771	6.451085691263839e-07	11
GO_RESPONSE_TO_TYPE_I_INTERFERON	2.33992080032	0.00040036043288732646	7
GO_T_CELL_DIFFERENTIATION	1.77983296824	0.00010550078612480825	13
GO_POSITIVE_REGULATION_OF_CD4_POSITIVE_ALPHA_BETA_T_CELL_ACTIVATION	2.92488330104	0.00010060347692538034	6
GO_DENDRITIC_CELL_CHEMOTAXIS	3.43945647387	5.94452999713848e-05	5
GO_LEUKOCYTE_CHEMOTAXIS	1.89246182335	0.00017674708354645948	11
GO_LEUKOCYTE_MIGRATION	1.4246179649	9.465741889644266e-05	19
GO_POSITIVE_REGULATION_OF_STAT_CASCADE	2.11752837899	0.00046377705993229845	8
GO_REGULATION_OF_CHEMOTAXIS	1.49383348378	0.00047314248178786884	14
GO_REGULATION_OF_ALPHA_BETA_T_CELL_DIFFERENTIATION	2.37468621848	0.00034325483513638374	7
GO_CHROMOSOME_SEGREGATION	1.33325707004	0.0003146058613464387	18
GO_REGULATION_OF_ISOTYPE_SWITCHING	2.92488330104	0.0003907233971534361	5
GO_POSITIVE_REGULATION_OF_INTERFERON_GAMMA_PRODUCTION	2.2244435829	0.0002757024744352653	8
GO_REGULATION_OF_LEUKOCYTE_DIFFERENTIATION	1.46545168241	0.00015494833281429492	17
GO_HOMOPHILIC_CELL_ADHESION_VIA_PLASMA_MEMBRANE_ADHESION_MOLECULES	1.88535493686	0.0007018582981952582	9
GO_ADAPTIVE_IMMUNE_RESPONSE	1.83338494656	4.7413548908970834e-07	21
GO_REGULATION_OF_CYTOSOLIC_CALCIUM_ION_CONCENTRATION	1.79317762183	8.463371208054868e-06	17
GO_DEFENSE_RESPONSE_TO_VIRUS	1.71542993542	0.0002937288501278087	12
GO_CELL_CHEMOTAXIS	1.6711267088	0.00022635664528284052	13
GO_ALPHA_BETA_T_CELL_DIFFERENTIATION	2.78737977729	1.2512634922992818e-06	10
GO_POSITIVE_REGULATION_OF_LYMPHOCYTE_MEDIATED_IMMUNITY	2.60295520616	1.4383468097585342e-06	11
GO_CALCIUM_ION_TRANSMEMBRANE_TRANSPORT	1.76837881536	0.00020793700956974484	12
GO_REGULATION_OF_INTERLEUKIN_12_PRODUCTION	2.20867626705	0.0007090354869903816	7
GO_REGULATION_OF_CD4_POSITIVE_ALPHA_BETA_T_CELL_ACTIVATION	2.83742045979	1.1198244013740265e-05	8
GO_LEUKOCYTE_CELL_CELL_ADHESION	1.51889094137	2.4635702305545114e-05	20
GO_REGULATION_OF_B_CELL_MEDIATED_IMMUNITY	2.77804191272	5.339276485425285e-05	7
GO_CALCIUM_ION_TRANSPORT	1.45611381783	0.0006153955617971891	14
GO_REGULATION_OF_LEUKOCYTE_MEDIATED_CYTOTOXICITY	2.70249087971	7.207803699468296e-06	9
GO_T_CELL_DIFFERENTIATION_INVOLVED_IN_IMMUNE_RESPONSE	2.87425722797	3.35563751109198e-05	7
GO_LYMPHOCYTE_MIGRATION	3.00734546124	1.0725957345165182e-06	9
GO_DENDRITIC_CELL_MIGRATION	3.07688639449	0.00022803872580412797	5
GO_REGULATION_OF_INTERLEUKIN_17_PRODUCTION	2.85449397315	0.0004990359793693536	5
GO_POSITIVE_REGULATION_OF_CHEMOTAXIS	1.65639446512	0.0007362724609175539	11
GO_REGULATION_OF_T_HELPER_CELL_DIFFERENTIATION	2.98628384571	7.759932689436133e-05	6
GO_NEGATIVE_REGULATION_OF_CYTOKINE_PRODUCTION	1.59449362741	5.115893484754435e-05	17
GO_REGULATION_OF_LEUKOCYTE_MEDIATED_IMMUNITY	1.88925939131	1.2741890045737817e-05	15
GO_CHEMOKINE_MEDIATED_SIGNALING_PATHWAY	2.63210155182	3.573436568758293e-06	10
GO_POSITIVE_REGULATION_OF_CELL_KILLING	3.29261508555	3.290510402227928e-08	10
GO_LEUKOCYTE_DIFFERENTIATION	1.32199889233	0.0001656144511211548	20
GO_POSITIVE_REGULATION_OF_LEUKOCYTE_MEDIATED_IMMUNITY	2.44375661131	1.6614804397863384e-06	12
GO_POSITIVE_REGULATION_OF_IMMUNE_EFFECTOR_PROCESS	1.77804191272	5.861721100272024e-05	14
GO_REGULATION_OF_LYMPHOCYTE_DIFFERENTIATION	1.7956002841	0.00017375389080219738	12
GO_MITOTIC_SISTER_CHROMATID_SEGREGATION	2.09891270082	4.716036452125035e-05	11
GO_RESPONSE_TO_VIRUS	1.72324943988	2.947353402524222e-06	20
GO_CD4_POSITIVE_ALPHA_BETA_T_CELL_ACTIVATION	2.68784410374	8.192579455092974e-05	7
GO_REGULATION_OF_NATURAL_KILLER_CELL_MEDIATED_IMMUNITY	2.92488330104	0.00010060347692538034	6
GO_ALPHA_BETA_T_CELL_ACTIVATION	2.74045872991	5.213050802149292e-07	11
GO_REGULATION_OF_LYMPHOCYTE_MEDIATED_IMMUNITY	2.27280660447	1.0264538102029167e-06	14
GO_NATURAL_KILLER_CELL_ACTIVATION	2.65186480664	0.000308666211242003	6
GO_RESPONSE_TO_KETONE	1.56231322166	0.00029100289322213564	14
GO_REGULATION_OF_ALPHA_BETA_T_CELL_ACTIVATION	2.09199328688	0.0005241926604522792	8
GO_SISTER_CHROMATID_SEGREGATION	1.60295520616	0.00013060998614523986	15
GO_POSITIVE_REGULATION_OF_NATURAL_KILLER_CELL_MEDIATED_IMMUNITY	3.50984580177	7.4952043282190345e-06	6
