node	log2fold	enrichment_p_value	node_size
GO_REGULATION_OF_NITRIC_OXIDE_BIOSYNTHETIC_PROCESS	1.43944296986	0.0006147124814195159	13
GO_CELLULAR_COMPONENT_MAINTENANCE	1.94063711288	0.002767419552379581	6
GO_REGULATION_OF_LEUKOCYTE_PROLIFERATION	0.97716298891	0.0001349301865229022	32
GO_RECEPTOR_INTERNALIZATION	1.6054529213	0.00017473661031306998	13
GO_EPITHELIAL_CILIUM_MOVEMENT	1.84752770849	0.004041138242602189	6
GO_REGULATION_OF_CYCLIC_NUCLEOTIDE_METABOLIC_PROCESS	1.15214121808	0.0002465446001531701	22
GO_REGULATION_OF_PROTEIN_KINASE_B_SIGNALING	1.0609313466	0.0010861779305037624	20
GO_ENDOTHELIAL_CELL_MIGRATION	1.64589384732	3.897260381506952e-05	15
GO_POSITIVE_REGULATION_OF_VASCULATURE_DEVELOPMENT	1.72778846422	4.881413506852674e-12	39
GO_VENTRICULAR_SEPTUM_MORPHOGENESIS	1.618709018	0.002913575452869872	8
GO_SYNAPTIC_SIGNALING	0.544708436554	0.01121802246858795	38
GO_REGULATION_OF_CALCIUM_ION_TRANSPORT	0.893331398106	0.0006066552085226775	30
GO_POSITIVE_REGULATION_OF_CELL_SUBSTRATE_ADHESION	1.60264064937	2.2183763672461965e-07	25
GO_REGIONALIZATION	0.940637112885	2.5046972603394538e-05	42
GO_POSITIVE_REGULATION_OF_CELL_DIVISION	0.893331398106	0.006953807646606817	18
GO_EPITHELIAL_CELL_DEVELOPMENT	1.35567461216	1.531577365478502e-08	40
GO_EXOCYTOSIS	1.13703432569	1.3216882643224337e-08	55
GO_REGULATION_OF_CELLULAR_RESPONSE_TO_GROWTH_FACTOR_STIMULUS	1.53853866931	7.20617670588818e-14	56
GO_ACUTE_PHASE_RESPONSE	1.67760270705	0.002177694261893682	8
GO_POSITIVE_REGULATION_OF_CALCIUM_ION_TRANSPORT	1.02309927308	0.0025632289338174117	18
GO_PHAGOCYTOSIS	1.51533127815	1.648705313112938e-10	42
GO_POSITIVE_REGULATION_OF_LEUKOCYTE_PROLIFERATION	0.940637112885	0.0024871769678601586	21
GO_REGULATION_OF_PRODUCTION_OF_MOLECULAR_MEDIATOR_OF_IMMUNE_RESPONSE	1.20671197304	0.00038320352369539714	19
GO_POSITIVE_REGULATION_OF_ENDOTHELIAL_CELL_MIGRATION	1.55629641083	1.0435479731049211e-05	19
GO_REGULATION_OF_SMOOTH_MUSCLE_CELL_PROLIFERATION	1.43068796658	2.65230837637093e-06	25
GO_REGULATION_OF_WOUND_HEALING	1.82004697207	4.736071812023031e-13	39
GO_POSITIVE_REGULATION_OF_INFLAMMATORY_RESPONSE	1.71236812521	6.39133987831501e-09	28
GO_ENDOTHELIAL_CELL_PROLIFERATION	1.61048851119	0.005489025491969113	7
GO_REGULATION_OF_SMOOTH_MUSCLE_CONTRACTION	1.84752770849	5.605798094624029e-06	15
GO_REGULATION_OF_COAGULATION	2.22192322327	2.8148621227184684e-16	35
GO_TISSUE_MIGRATION	1.65590763595	5.722221882478968e-07	22
GO_REGULATION_OF_CALCIUM_MEDIATED_SIGNALING	1.18727708047	0.002474474107422393	14
GO_REGULATION_OF_CANONICAL_WNT_SIGNALING_PATHWAY	0.747992034942	0.0015044360416218293	35
GO_REGULATION_OF_KIDNEY_DEVELOPMENT	1.64365537513	7.160032180217714e-05	14
GO_REGULATION_OF_CELL_SUBSTRATE_ADHESION	1.53594155783	9.992396821896862e-11	42
GO_SUPEROXIDE_ANION_GENERATION	2.26256520777	0.0019634467389136783	5
GO_REGULATION_OF_HEMOPOIESIS	0.861314660223	4.4902640171025604e-05	46
GO_HOMOTYPIC_CELL_CELL_ADHESION	1.48997570388	0.0006990476569179807	12
GO_MORPHOGENESIS_OF_A_BRANCHING_STRUCTURE	1.52559961361	1.2854767226153356e-10	42
GO_HEART_FORMATION	2.26256520777	0.0019634467389136783	5
GO_NEURON_PROJECTION_GUIDANCE	1.22192322327	1.317109374133692e-06	35
GO_ARGININE_METABOLIC_PROCESS	1.88405358452	0.007677426476988181	5
GO_BLOOD_COAGULATION_FIBRIN_CLOT_FORMATION	2.26256520777	2.8747865384030014e-05	9
GO_ENDOCARDIAL_CUSHION_FORMATION	2.26256520777	0.0006729679517929102	6
GO_CILIUM_MORPHOGENESIS	0.931648329658	0.00024767967798748527	32
GO_HEART_VALVE_FORMATION	2.12506168402	0.0032921461383460283	5
GO_ISOPRENOID_METABOLIC_PROCESS	1.19217587988	0.00031401165443630853	20
GO_MESENCHYME_MORPHOGENESIS	1.94063711288	4.7270254953247445e-06	14
GO_NEGATIVE_REGULATION_OF_HEMOPOIESIS	0.955903869538	0.0034451942907282405	19
GO_LUNG_EPITHELIUM_DEVELOPMENT	1.63029699227	0.0008350326534126312	10
GO_NEGATIVE_REGULATION_OF_OSTEOCLAST_DIFFERENTIATION	1.94063711288	0.000545287195981892	8
GO_RETINOL_METABOLIC_PROCESS	1.61048851119	0.005489025491969113	7
GO_REGULATION_OF_INSULIN_LIKE_GROWTH_FACTOR_RECEPTOR_SIGNALING_PATHWAY	1.88405358452	0.007677426476988181	5
GO_GRANULOCYTE_MIGRATION	1.56212548963	4.8590194316870626e-05	16
GO_PHAGOSOME_MATURATION	1.34502736796	0.0066653345682477225	9
GO_POSITIVE_REGULATION_OF_VASODILATION	1.80313358913	0.0011444550429977605	8
GO_LEUKOTRIENE_METABOLIC_PROCESS	2.26256520777	1.0175899669341111e-05	10
GO_CARTILAGE_DEVELOPMENT	1.27598572353	9.887934320717072e-06	27
GO_OSSIFICATION	1.20484970992	1.6471660130496554e-08	49
GO_RESPONSE_TO_FLUID_SHEAR_STRESS	1.47829389883	0.0034088668365240735	9
GO_RAS_PROTEIN_SIGNAL_TRANSDUCTION	0.814104706956	0.004274734234459456	24
GO_REGULATION_OF_SMOOTH_MUSCLE_CELL_MIGRATION	1.98693076516	5.19533352440606e-08	19
GO_NEGATIVE_REGULATION_OF_RYANODINE_SENSITIVE_CALCIUM_RELEASE_CHANNEL_ACTIVITY	2.09264020633	0.009626473275444258	4
GO_FATTY_ACID_METABOLIC_PROCESS	0.773180367033	0.0005922592499023236	39
GO_RESPONSE_TO_RETINOIC_ACID	1.37673622769	1.2981814759947374e-05	23
GO_NEGATIVE_REGULATION_OF_MAP_KINASE_ACTIVITY	1.02552601047	0.007226835180744427	14
GO_POSITIVE_REGULATION_OF_INTRACELLULAR_PROTEIN_TRANSPORT	0.817005763716	0.00037592164174016674	38
GO_MULTICELLULAR_ORGANISM_METABOLIC_PROCESS	2.10823706138	2.1355295295709652e-13	31
GO_REGULATION_OF_POTASSIUM_ION_TRANSMEMBRANE_TRANSPORT	1.10728698229	0.010673097907248219	11
GO_G_PROTEIN_COUPLED_PURINERGIC_NUCLEOTIDE_RECEPTOR_SIGNALING_PATHWAY	2.38809608986	0.00036900745953870833	6
GO_REGULATION_OF_HOMOTYPIC_CELL_CELL_ADHESION	0.787963154494	0.00025452444994084674	43
GO_GAS_TRANSPORT	2.26256520777	0.005825246963739877	4
GO_RESPONSE_TO_BMP	1.67760270705	4.2596533327162097e-07	22
GO_FIBRIL_ORGANIZATION	2.26256520777	2.8747865384030014e-05	9
GO_BRANCHING_INVOLVED_IN_SALIVARY_GLAND_MORPHOGENESIS	2.04017278644	0.0018197634852396224	6
GO_POSITIVE_REGULATION_OF_LIPID_STORAGE	2.16302953422	0.0003982793845449109	7
GO_LYMPH_VESSEL_MORPHOGENESIS	2.38809608986	0.00036900745953870833	6
GO_PHAGOCYTOSIS_RECOGNITION	2.36948041169	0.0001282306287353735	7
GO_PLASMA_MEMBRANE_ORGANIZATION	0.823143549866	0.0008168518053051216	33
GO_REGULATION_OF_POSITIVE_CHEMOTAXIS	1.94063711288	0.000545287195981892	8
GO_LONG_CHAIN_FATTY_ACID_METABOLIC_PROCESS	1.33656578922	0.0005579569339921208	15
GO_MATING	1.61048851119	0.005489025491969113	7
GO_CARDIAC_CHAMBER_DEVELOPMENT	1.3341184688	8.805916822481015e-07	31
GO_NEGATIVE_REGULATION_OF_CANONICAL_WNT_SIGNALING_PATHWAY	0.720037973371	0.011214152961787746	23
GO_REGULATION_OF_PLATELET_ACTIVATION	2.36210088132	1.757232429393003e-08	15
GO_CARDIAC_VENTRICLE_MORPHOGENESIS	1.26256520777	0.003103929210065356	12
GO_NEGATIVE_REGULATION_OF_TRANSMEMBRANE_TRANSPORT	1.23871846582	0.0011974732706712616	15
GO_POSITIVE_REGULATION_OF_STEROL_TRANSPORT	1.84752770849	0.004041138242602189	6
GO_DIGESTIVE_SYSTEM_PROCESS	1.76006486724	9.683645092056779e-05	12
GO_WATER_HOMEOSTASIS	1.19843487035	0.006526785898606505	11
GO_RESPONSE_TO_ESTROGEN	1.02907507755	1.8458255385737157e-05	37
GO_B_CELL_MEDIATED_IMMUNITY	1.64958833088	1.1602244900818099e-05	17
GO_REGULATION_OF_CELL_FATE_COMMITMENT	1.74799203494	0.0030047362136009018	7
GO_NEGATIVE_REGULATION_OF_TOLL_LIKE_RECEPTOR_SIGNALING_PATHWAY	1.78863401944	0.0006139467312741123	9
GO_POSITIVE_REGULATION_OF_PHOSPHATIDYLINOSITOL_3_KINASE_SIGNALING	1.8957828771	1.73379907037207e-07	19
GO_NEGATIVE_REGULATION_OF_CYTOPLASMIC_TRANSPORT	0.910579879029	0.004942382081959215	19
GO_PLATELET_DERIVED_GROWTH_FACTOR_RECEPTOR_SIGNALING_PATHWAY	1.63453398516	0.0004498918552660101	11
GO_REGULATION_OF_LIPID_KINASE_ACTIVITY	1.71507741247	7.236978911106276e-05	13
GO_NEGATIVE_REGULATION_OF_CALCIUM_ION_TRANSPORT_INTO_CYTOSOL	2.04017278644	0.0018197634852396224	6
GO_ACTIN_FILAMENT_ORGANIZATION	1.05689018138	5.800516633463084e-05	31
GO_RENAL_TUBULE_DEVELOPMENT	1.41929071146	0.00011417235797175421	17
GO_MULTICELLULAR_ORGANISMAL_MACROMOLECULE_METABOLIC_PROCESS	2.15947171481	2.6538583240111383e-12	27
GO_POSITIVE_REGULATION_OF_LEUKOCYTE_DEGRANULATION	2.04017278644	0.0018197634852396224	6
GO_MESENCHYMAL_CELL_DIFFERENTIATION	1.75560521905	4.65106936147902e-12	38
GO_FATTY_ACID_DERIVATIVE_BIOSYNTHETIC_PROCESS	2.30563392966	4.268306309649166e-09	17
GO_IMMUNE_RESPONSE_REGULATING_CELL_SURFACE_RECEPTOR_SIGNALING_PATHWAY	0.593771116248	0.005912599782611025	39
GO_PROTEIN_ACTIVATION_CASCADE	2.20116466311	5.270310901935151e-11	23
GO_CELL_JUNCTION_ASSEMBLY	1.53386722959	3.715083144355224e-09	35
GO_RENAL_SYSTEM_VASCULATURE_DEVELOPMENT	2.71507741247	2.4341286396302646e-09	13
GO_REGULATION_OF_MORPHOGENESIS_OF_A_BRANCHING_STRUCTURE	1.29573207171	0.0037623446732468475	11
GO_REGULATION_OF_HUMORAL_IMMUNE_RESPONSE	2.06992012983	1.2990109401305895e-06	14
GO_LEUKOCYTE_CHEMOTAXIS	1.5780670335	6.385139107400856e-08	28
GO_REGULATION_OF_STEROL_TRANSPORT	1.67760270705	0.0011621483767756224	9
GO_POSITIVE_REGULATION_OF_MESENCHYMAL_CELL_PROLIFERATION	1.67760270705	0.002177694261893682	8
GO_APOPTOTIC_CELL_CLEARANCE	2.19843487035	6.2793519987489255e-06	11
GO_NEGATIVE_REGULATION_OF_MUSCLE_CONTRACTION	1.59960019505	0.010422923153848102	6
GO_POSITIVE_REGULATION_OF_EXOCYTOSIS	1.33182787021	0.0003845877112616762	16
GO_REGULATION_OF_SODIUM_ION_TRANSPORT	1.33182787021	0.0003845877112616762	16
GO_NEGATIVE_REGULATION_OF_LOCOMOTION	1.49837814487	8.536511347930035e-15	63
GO_INTESTINAL_ABSORPTION	1.76006486724	0.005701220110219266	6
GO_REGULATION_OF_LYASE_ACTIVITY	1.09264020633	0.008519002268489787	12
GO_POSITIVE_REGULATION_OF_CHOLESTEROL_EFFLUX	1.88405358452	0.007677426476988181	5
GO_POSITIVE_REGULATION_OF_PROTEIN_AUTOPHOSPHORYLATION	2.01463769433	0.00035989241587102707	8
GO_DETECTION_OF_BIOTIC_STIMULUS	1.76006486724	0.005701220110219266	6
GO_MULTI_MULTICELLULAR_ORGANISM_PROCESS	1.10210053558	1.2969928114415958e-05	34
GO_ARACHIDONIC_ACID_METABOLIC_PROCESS	2.09264020633	6.150431300539659e-06	12
GO_POSITIVE_REGULATION_OF_INTERLEUKIN_12_PRODUCTION	1.35567461216	0.009851710105756173	8
GO_REGULATION_OF_NEUTROPHIL_MIGRATION	1.56212548963	0.003829443409366552	8
GO_CARDIAC_SEPTUM_DEVELOPMENT	1.28274308971	0.0002701007151701766	18
GO_POSITIVE_REGULATION_OF_SEQUESTERING_OF_CALCIUM_ION	1.99953080194	0.005162987700188683	5
GO_CELLULAR_RESPONSE_TO_LIPOPROTEIN_PARTICLE_STIMULUS	2.12506168402	0.0032921461383460283	5
GO_VASCULAR_PROCESS_IN_CIRCULATORY_SYSTEM	1.65314966333	3.006938792313896e-11	39
GO_MULTICELLULAR_ORGANISMAL_SIGNALING	1.14708799035	0.000912221066261706	18
GO_CELLULAR_RESPONSE_TO_AMINO_ACID_STIMULUS	1.23014373008	0.005470151753614125	11
GO_PRIMARY_ALCOHOL_METABOLIC_PROCESS	1.49703046141	0.0018465271973932568	10
GO_LEUKOCYTE_MIGRATION	1.60183519943	1.1870004066853401e-17	68
GO_REGULATION_OF_MUSCLE_SYSTEM_PROCESS	1.16740797473	6.279718035410008e-06	33
GO_REGULATION_OF_MONONUCLEAR_CELL_MIGRATION	2.43249020921	8.215987455790021e-06	9
GO_REGULATION_OF_ENDOTHELIAL_CELL_MIGRATION	1.81380709065	2.1802435704041357e-12	37
GO_REGULATION_OF_EPITHELIAL_CELL_APOPTOTIC_PROCESS	1.64785536366	2.1248816270714643e-05	16
GO_METANEPHRIC_NEPHRON_MORPHOGENESIS	1.84752770849	0.004041138242602189	6
GO_CHONDROCYTE_DIFFERENTIATION	1.67760270705	1.583160928135139e-05	16
GO_GLANDULAR_EPITHELIAL_CELL_DEVELOPMENT	1.7771383806	0.010931683694668052	5
GO_NOTCH_SIGNALING_PATHWAY	1.0609313466	0.0010861779305037624	20
GO_STEROL_HOMEOSTASIS	1.36444482179	0.002509467868500746	11
GO_POSITIVE_REGULATION_OF_CHEMOKINE_PRODUCTION	1.88405358452	3.875604291270828e-06	15
GO_POSITIVE_REGULATION_OF_EPITHELIAL_CELL_MIGRATION	1.43249020921	1.0419959909791387e-06	27
GO_REGULATION_OF_CARDIAC_MUSCLE_TISSUE_DEVELOPMENT	1.26256520777	0.009896400219169363	9
GO_RESPONSE_TO_TOXIC_SUBSTANCE	1.11466651266	5.758101239447828e-07	44
GO_EXTRACELLULAR_MATRIX_ASSEMBLY	2.73205049107	6.879674186013885e-07	9
GO_LIPOPOLYSACCHARIDE_MEDIATED_SIGNALING_PATHWAY	1.47829389883	0.0034088668365240735	9
GO_EPHRIN_RECEPTOR_SIGNALING_PATHWAY	1.01463769433	0.004594596235579972	16
GO_ADHERENS_JUNCTION_ORGANIZATION	1.57450921409	1.4601270622240859e-05	18
GO_LEUKOCYTE_MIGRATION_INVOLVED_IN_INFLAMMATORY_RESPONSE	2.38809608986	0.00036900745953870833	6
GO_REGULATION_OF_BONE_REMODELING	1.67760270705	0.0006233119532011178	10
GO_CELLULAR_RESPONSE_TO_ACID_CHEMICAL	1.15721220763	7.374314296489836e-06	33
GO_AXON_EXTENSION	1.52559961361	0.002661624654342905	9
GO_COMPLEMENT_ACTIVATION_ALTERNATIVE_PATHWAY	2.26256520777	0.005825246963739877	4
GO_REGULATION_OF_VASCULAR_PERMEABILITY	1.90892825316	0.0002977834267158334	9
GO_ACYLGLYCEROL_HOMEOSTASIS	1.59960019505	0.010422923153848102	6
GO_CARDIAC_EPITHELIAL_TO_MESENCHYMAL_TRANSITION	2.11056211433	8.180024566507382e-05	9
GO_RESPONSE_TO_PLATELET_DERIVED_GROWTH_FACTOR	2.06992012983	0.000644555068817173	7
GO_REGULATION_OF_EPITHELIAL_CELL_MIGRATION	1.64845636139	1.042160957422789e-13	49
GO_RESPONSE_TO_ESTRADIOL	0.91679037093	0.0016167161109878199	24
GO_ORGANIC_HYDROXY_COMPOUND_TRANSPORT	1.24926838516	1.4257103841562266e-05	27
GO_MIDGUT_DEVELOPMENT	2.12506168402	0.0032921461383460283	5
GO_NEGATIVE_REGULATION_OF_AXON_GUIDANCE	1.88405358452	0.0001626424063114289	10
GO_CARDIAC_MUSCLE_TISSUE_DEVELOPMENT	0.97716298891	0.0008812488423472815	24
GO_MICROTUBULE_BUNDLE_FORMATION	1.76006486724	1.8459578683848257e-06	18
GO_REGULATION_OF_PHOSPHOLIPASE_ACTIVITY	1.36210088132	0.0004543087459255476	15
GO_AMINOGLYCAN_BIOSYNTHETIC_PROCESS	1.27905333056	6.169259902307594e-05	22
GO_MESENCHYMAL_CELL_PROLIFERATION	2.26256520777	0.0019634467389136783	5
GO_RESPIRATORY_GASEOUS_EXCHANGE	1.78451791097	2.056953495666839e-05	14
GO_POSITIVE_REGULATION_OF_MYELOID_LEUKOCYTE_CYTOKINE_PRODUCTION_INVOLVED_IN_IMMUNE_RESPONSE	2.12506168402	0.0032921461383460283	5
GO_REGULATION_OF_MACROPHAGE_CYTOKINE_PRODUCTION	1.99953080194	0.005162987700188683	5
GO_NEGATIVE_REGULATION_OF_GROWTH	1.23923270394	2.0551647831595253e-08	46
GO_EPITHELIAL_TUBE_BRANCHING_INVOLVED_IN_LUNG_MORPHOGENESIS	1.80313358913	0.0011444550429977605	8
GO_POSITIVE_REGULATION_OF_OSTEOBLAST_DIFFERENTIATION	1.67760270705	1.583160928135139e-05	16
GO_NEGATIVE_REGULATION_OF_EXTRINSIC_APOPTOTIC_SIGNALING_PATHWAY	1.00622545451	0.0029326611109533125	18
GO_REGULATION_OF_STRESS_ACTIVATED_PROTEIN_KINASE_SIGNALING_CASCADE	0.762994198282	0.0031159422257806316	29
GO_METANEPHRIC_NEPHRON_DEVELOPMENT	2.13703432569	1.0501031509706382e-05	11
GO_FATTY_ACID_DERIVATIVE_METABOLIC_PROCESS	1.88910681224	2.0614887622290258e-08	22
GO_NEGATIVE_REGULATION_OF_MAST_CELL_ACTIVATION	2.09264020633	0.009626473275444258	4
GO_AXONEME_ASSEMBLY	2.16302953422	4.901574580250795e-07	14
GO_REGULATION_OF_MESENCHYMAL_CELL_PROLIFERATION	1.8151062308	0.00012719433347908716	11
GO_OSTEOBLAST_DIFFERENTIATION	0.982457288579	0.001711928734443236	21
GO_POSITIVE_REGULATION_OF_PROTEIN_SERINE_THREONINE_KINASE_ACTIVITY	0.861314660223	4.4902640171025604e-05	46
GO_NEGATIVE_REGULATION_OF_BLOOD_VESSEL_ENDOTHELIAL_CELL_MIGRATION	1.74799203494	0.0030047362136009018	7
GO_POSITIVE_REGULATION_OF_MAST_CELL_ACTIVATION	2.26256520777	0.0006729679517929102	6
GO_PROTEIN_LOCALIZATION_TO_CELL_PERIPHERY	0.730844728328	0.010273086302040596	23
GO_POSITIVE_REGULATION_OF_STAT_CASCADE	1.36210088132	0.0004543087459255476	15
GO_TISSUE_HOMEOSTASIS	1.0561143303	0.0002237734698167886	26
GO_NEGATIVE_REGULATION_OF_RECEPTOR_ACTIVITY	1.84752770849	0.00043265119128064507	9
GO_POSITIVE_REGULATION_OF_BLOOD_CIRCULATION	1.45521028571	5.056524963007407e-05	18
GO_POSITIVE_REGULATION_OF_HORMONE_SECRETION	0.940637112885	0.009675400431915228	15
GO_INNER_DYNEIN_ARM_ASSEMBLY	2.26256520777	0.005825246963739877	4
GO_ENDOCRINE_SYSTEM_DEVELOPMENT	1.31770676196	8.77098251714683e-05	20
GO_REGULATION_OF_CHEMOTAXIS	1.69658581042	7.16124537629106e-15	51
GO_POSITIVE_REGULATION_OF_FIBROBLAST_PROLIFERATION	1.48495762911	0.00026744211401165917	14
GO_REGULATION_OF_ION_HOMEOSTASIS	0.989546713366	0.00018369326926838446	30
GO_POSITIVE_REGULATION_OF_AXONOGENESIS	1.00880861553	0.010421035159790518	13
GO_POSITIVE_REGULATION_OF_LIPID_METABOLIC_PROCESS	1.34502736796	3.747244337057159e-06	27
GO_REGULATION_OF_CELL_ADHESION_MEDIATED_BY_INTEGRIN	1.83372190897	2.660857247516271e-05	13
GO_REGULATION_OF_PATHWAY_RESTRICTED_SMAD_PROTEIN_PHOSPHORYLATION	1.74319104868	1.560703647529965e-05	15
GO_CONNECTIVE_TISSUE_DEVELOPMENT	1.27234622856	2.606069915331833e-07	37
GO_NEGATIVE_REGULATION_OF_EPITHELIAL_TO_MESENCHYMAL_TRANSITION	2.19217587988	1.7611384244298605e-05	10
GO_POSITIVE_REGULATION_OF_TOLL_LIKE_RECEPTOR_SIGNALING_PATHWAY	1.67760270705	0.007808503965560312	6
GO_PHAGOCYTOSIS_ENGULFMENT	2.26256520777	2.8747865384030014e-05	9
GO_CELL_MATRIX_ADHESION	1.49118958282	1.615874652549078e-07	29
GO_RESPONSE_TO_PURINE_CONTAINING_COMPOUND	1.30987092255	1.3045293960410164e-06	31
GO_ORGAN_OR_TISSUE_SPECIFIC_IMMUNE_RESPONSE	1.99953080194	0.005162987700188683	5
GO_ACTOMYOSIN_STRUCTURE_ORGANIZATION	1.48812490819	2.2121470178667552e-05	19
GO_GLUTATHIONE_DERIVATIVE_METABOLIC_PROCESS	2.17510236652	0.00014012685520056758	8
GO_REGULATION_OF_LEUKOCYTE_MIGRATION	1.55629641083	4.899056630797788e-10	38
GO_POSITIVE_REGULATION_OF_MAST_CELL_ACTIVATION_INVOLVED_IN_IMMUNE_RESPONSE	2.52559961361	0.00018398140839858193	6
GO_SMOOTH_MUSCLE_CONTRACTION	1.63453398516	0.0004498918552660101	11
GO_NEGATIVE_REGULATION_OF_MYELOID_CELL_DIFFERENTIATION	1.16302953422	0.002923962589806826	14
GO_CELLULAR_RESPONSE_TO_FATTY_ACID	1.22694129804	0.008051620217412838	10
GO_REGULATION_OF_NEUROTRANSMITTER_LEVELS	0.792245272992	0.005206045554664314	24
GO_FATTY_ACID_BIOSYNTHETIC_PROCESS	1.31260589027	4.208459054730523e-05	22
GO_POSITIVE_REGULATION_OF_CELL_ADHESION_MEDIATED_BY_INTEGRIN	1.84752770849	0.004041138242602189	6
GO_REGULATION_OF_CELL_JUNCTION_ASSEMBLY	1.11572381944	0.004023972055199545	14
GO_REGULATION_OF_LIPOPROTEIN_LIPASE_ACTIVITY	2.12506168402	0.0032921461383460283	5
GO_CGMP_BIOSYNTHETIC_PROCESS	2.52559961361	0.00960757943188322	3
GO_REGULATION_OF_SYNCYTIUM_FORMATION_BY_PLASMA_MEMBRANE_FUSION	1.84752770849	0.004041138242602189	6
GO_POSITIVE_REGULATION_OF_CYTOPLASMIC_TRANSPORT	0.812313015909	0.00017352826518438728	43
GO_CELL_CELL_SIGNALING_INVOLVED_IN_CARDIAC_CONDUCTION	1.84752770849	0.004041138242602189	6
GO_REGULATION_OF_MULTICELLULAR_ORGANISMAL_METABOLIC_PROCESS	1.67760270705	0.0011621483767756224	9
GO_POSITIVE_REGULATION_OF_LIPID_TRANSPORT	1.67760270705	9.826991618543442e-05	13
GO_PROTEIN_LOCALIZATION_TO_CELL_SURFACE	2.09264020633	0.000229230047062397	8
GO_POSITIVE_REGULATION_OF_TISSUE_REMODELING	1.67760270705	0.004106662167430752	7
GO_RESPONSE_TO_XENOBIOTIC_STIMULUS	1.73205049107	2.5497218829092508e-06	18
GO_CELL_GROWTH	0.834703668136	0.006105884158040627	21
GO_REGULATION_OF_PEPTIDE_TRANSPORT	0.88242249894	0.00031606333008722334	34
GO_RESPONSE_TO_FATTY_ACID	1.09264020633	0.004688195220590554	14
GO_POSITIVE_REGULATION_OF_PROTEIN_LOCALIZATION_TO_NUCLEUS	0.940637112885	0.0019897782371412257	22
GO_REGULATION_OF_MONOOXYGENASE_ACTIVITY	1.34199967527	0.0008105402135854274	14
GO_NEGATIVE_REGULATION_OF_TRANSMEMBRANE_RECEPTOR_PROTEIN_SERINE_THREONINE_KINASE_SIGNALING_PATHWAY	1.11817529844	0.0008641801865342605	19
GO_EMBRYONIC_SKELETAL_SYSTEM_DEVELOPMENT	0.989546713366	0.003345368029672443	18
GO_CARDIAC_VENTRICLE_DEVELOPMENT	1.10110178508	0.001006150010885261	19
GO_REGULATION_OF_LEUKOCYTE_DEGRANULATION	1.76006486724	9.683645092056779e-05	12
GO_MUSCLE_ORGAN_DEVELOPMENT	0.947691870419	2.761473599169866e-05	41
GO_RESPONSE_TO_GROWTH_HORMONE	1.48495762911	0.009257022390728346	7
GO_NEGATIVE_REGULATION_OF_PROTEOLYSIS	0.796590743268	0.0003617593123379009	40
GO_REGULATION_OF_EPITHELIAL_CELL_PROLIFERATION	1.57849456204	7.046618559454604e-19	75
GO_SPECIFICATION_OF_SYMMETRY	1.44698977891	2.114485919957751e-06	25
GO_EYE_DEVELOPMENT	1.03048373027	3.105426612643228e-07	53
GO_REGULATION_OF_ORGAN_MORPHOGENESIS	0.833721908968	0.00024840954430010965	39
GO_NEGATIVE_REGULATION_OF_STEM_CELL_DIFFERENTIATION	1.63807434286	0.00024317815125772245	12
GO_COLUMNAR_CUBOIDAL_EPITHELIAL_CELL_DEVELOPMENT	1.41456830122	0.002951131996216615	10
GO_NEGATIVE_REGULATION_OF_ENDOTHELIAL_CELL_MIGRATION	1.91861080655	1.2613969636650245e-05	13
GO_REGULATION_OF_BMP_SIGNALING_PATHWAY	1.67760270705	1.416138376431842e-06	20
GO_MONOCARBOXYLIC_ACID_TRANSPORT	0.974988617676	0.0047688034842646426	17
GO_REGULATION_OF_TISSUE_REMODELING	1.70797635609	1.1676929090560664e-05	16
GO_POSITIVE_REGULATION_OF_NUCLEOCYTOPLASMIC_TRANSPORT	1.30479344316	9.752115420688756e-06	26
GO_NEGATIVE_REGULATION_OF_TRANSFORMING_GROWTH_FACTOR_BETA_RECEPTOR_SIGNALING_PATHWAY	1.2119391347	0.002083453680336881	14
GO_CILIUM_MOVEMENT	2.36948041169	4.8740521548478214e-08	14
GO_NEGATIVE_REGULATION_OF_NERVOUS_SYSTEM_DEVELOPMENT	0.954781295205	2.448650583438566e-05	41
GO_POSITIVE_REGULATION_OF_TRIGLYCERIDE_METABOLIC_PROCESS	1.7771383806	0.010931683694668052	5
GO_POSITIVE_REGULATION_OF_PROTEIN_SECRETION	1.18856462633	8.755962106542073e-07	38
GO_REGULATION_OF_ALCOHOL_BIOSYNTHETIC_PROCESS	1.45521028571	0.002347171959389245	10
GO_CELLULAR_RESPONSE_TO_BIOTIC_STIMULUS	1.24266565033	6.450280142745734e-07	36
GO_NEGATIVE_REGULATION_OF_CELL_DEVELOPMENT	1.25018148332	2.2257603950895747e-10	58
GO_RETINOIC_ACID_METABOLIC_PROCESS	1.7771383806	0.010931683694668052	5
GO_RESPIRATORY_BURST	1.88405358452	0.007677426476988181	5
GO_REGULATION_OF_MEMBRANE_DEPOLARIZATION	1.76780051602	0.00017869848275969558	11
GO_REGULATION_OF_PHAGOCYTOSIS	1.88910681224	2.0614887622290258e-08	22
GO_NEGATIVE_REGULATION_OF_CELL_ACTIVATION	1.36134336225	1.6243779137957497e-07	34
GO_METANEPHROS_MORPHOGENESIS	1.74799203494	0.0030047362136009018	7
GO_CELLULAR_MODIFIED_AMINO_ACID_METABOLIC_PROCESS	0.712368125212	0.0059853456927143655	28
GO_CYTOKINE_PRODUCTION	0.862634600884	0.008694009957196032	18
GO_REGULATION_OF_ADENYLATE_CYCLASE_ACTIVITY	1.23014373008	0.005470151753614125	11
GO_REGULATION_OF_MAST_CELL_ACTIVATION	1.84752770849	4.861157522612497e-05	12
GO_CALCIUM_MEDIATED_SIGNALING	1.08199296213	0.0037581513227816624	15
GO_REGULATION_OF_CHEMOKINE_SECRETION	2.45521028571	0.003173654168115746	4
GO_ACTIN_FILAMENT_BUNDLE_ORGANIZATION	1.56212548963	0.00042145405271225614	12
GO_NEGATIVE_REGULATION_OF_CELL_CELL_ADHESION	1.22153793951	2.9269050489503407e-05	26
GO_PROSTANOID_BIOSYNTHETIC_PROCESS	2.35567461216	4.492760325904521e-05	8
GO_NEGATIVE_REGULATION_OF_EPITHELIAL_CELL_PROLIFERATION	1.64690590983	3.5279361950026046e-09	31
GO_LIPID_STORAGE	1.54635817377	0.00719221835320092	7
GO_REGULATION_OF_LEUKOCYTE_DIFFERENTIATION	0.803133589135	0.0008854022250148262	34
GO_REGULATION_OF_SODIUM_ION_TRANSMEMBRANE_TRANSPORT	1.26256520777	0.006699875742162312	10
GO_EAR_DEVELOPMENT	0.797896940769	0.004186320331154585	25
GO_REGULATION_OF_MACROPHAGE_DERIVED_FOAM_CELL_DIFFERENTIATION	1.74799203494	0.0030047362136009018	7
GO_REACTIVE_OXYGEN_SPECIES_BIOSYNTHETIC_PROCESS	1.74799203494	0.0030047362136009018	7
GO_REGULATION_OF_METAL_ION_TRANSPORT	0.998352610741	1.0459167056230691e-06	51
GO_REGULATION_OF_CATION_CHANNEL_ACTIVITY	1.37992215841	0.0002543110908293338	16
GO_POSITIVE_REGULATION_OF_RESPONSE_TO_EXTERNAL_STIMULUS	1.39220048819	2.2928672095924604e-13	64
GO_REGULATION_OF_CELL_SIZE	0.872618689456	0.000940824316257413	29
GO_RENAL_VESICLE_DEVELOPMENT	2.09264020633	0.009626473275444258	4
GO_HOMOPHILIC_CELL_ADHESION_VIA_PLASMA_MEMBRANE_ADHESION_MOLECULES	1.30103935559	0.00015409302977408563	19
GO_ADAPTIVE_IMMUNE_RESPONSE	1.1006775254	2.3899706200925732e-06	40
GO_MAMMARY_GLAND_EPITHELIUM_DEVELOPMENT	1.45521028571	0.00033890999395818044	14
GO_POSITIVE_REGULATION_OF_LEUKOCYTE_MIGRATION	1.51533127815	1.7841532769143018e-07	28
GO_REGULATION_OF_PHOSPHATIDYLINOSITOL_3_KINASE_SIGNALING	1.22153793951	2.9269050489503407e-05	26
GO_ACTIVATION_OF_PROTEIN_KINASE_ACTIVITY	0.696218385218	0.0016721804233262886	39
GO_NEGATIVE_REGULATION_OF_ENDOTHELIAL_CELL_PROLIFERATION	2.26256520777	1.6543871015803468e-07	14
GO_EYE_MORPHOGENESIS	1.14227097405	0.00020065455800884544	23
GO_POSITIVE_REGULATION_OF_COAGULATION	2.11056211433	8.180024566507382e-05	9
GO_SMOOTH_MUSCLE_CELL_DIFFERENTIATION	2.14708799035	3.774662194049279e-06	12
GO_BLOOD_COAGULATION_INTRINSIC_PATHWAY	2.04017278644	0.0018197634852396224	6
GO_REGULATION_OF_RHO_PROTEIN_SIGNAL_TRANSDUCTION	0.955903869538	0.0034451942907282405	19
GO_ODONTOGENESIS	1.51934062313	2.075110012017133e-06	23
GO_POSITIVE_REGULATION_OF_SMOOTHENED_SIGNALING_PATHWAY	1.59960019505	0.010422923153848102	6
GO_REGULATION_OF_MACROPHAGE_CHEMOTAXIS	2.04017278644	0.0018197634852396224	6
GO_ACTION_POTENTIAL	1.16945580338	0.0020093960538030715	15
GO_SPECIFICATION_OF_ORGAN_IDENTITY	2.09264020633	0.009626473275444258	4
GO_PROTEIN_HETEROTRIMERIZATION	2.14708799035	0.0011398856572407015	6
GO_PROTEIN_MATURATION	0.642668916942	0.0057823913057061345	34
GO_HEART_PROCESS	1.08199296213	0.0037581513227816624	15
GO_REGULATION_OF_CYTOSOLIC_CALCIUM_ION_CONCENTRATION	0.798284189473	0.0029881907351867075	27
GO_ORGANIC_ACID_BIOSYNTHETIC_PROCESS	0.926630254891	3.932281429633853e-05	41
GO_NEGATIVE_REGULATION_OF_COAGULATION	2.41456830122	2.907789520365544e-11	20
GO_CARDIAC_CHAMBER_MORPHOGENESIS	1.6080617738	6.732334101642016e-08	27
GO_REGULATION_OF_CATION_TRANSMEMBRANE_TRANSPORT	0.903878562875	0.0004356481051900065	31
GO_POSITIVE_REGULATION_OF_NUCLEOTIDE_METABOLIC_PROCESS	0.940637112885	0.004881696450219253	18
GO_RESPONSE_TO_ACID_CHEMICAL	1.12740562449	1.2572079120932848e-08	56
GO_EMBRYONIC_DIGIT_MORPHOGENESIS	1.23014373008	0.005470151753614125	11
GO_NEGATIVE_REGULATION_OF_WOUND_HEALING	2.19843487035	1.451263772860455e-10	22
GO_CELL_CHEMOTAXIS	1.55629641083	4.899056630797788e-10	38
GO_MESODERM_MORPHOGENESIS	1.09264020633	0.008519002268489787	12
GO_RHO_PROTEIN_SIGNAL_TRANSDUCTION	1.64365537513	7.160032180217714e-05	14
GO_POSITIVE_REGULATION_OF_DEVELOPMENTAL_GROWTH	0.929141474047	0.0011522265336573508	25
GO_NEGATIVE_REGULATION_OF_NUCLEOCYTOPLASMIC_TRANSPORT	1.08036187655	0.006804181051452246	13
GO_REGULATED_EXOCYTOSIS	1.43344976698	1.1956449672743063e-10	47
GO_ORGAN_REGENERATION	1.26256520777	0.00032554165614728087	18
GO_BENZENE_CONTAINING_COMPOUND_METABOLIC_PROCESS	1.84752770849	0.004041138242602189	6
GO_ARTERY_DEVELOPMENT	2.00383093937	2.641200970745751e-11	28
GO_REGULATION_OF_CHEMOKINE_PRODUCTION	1.49703046141	0.00014700447702838647	15
GO_MAMMARY_GLAND_MORPHOGENESIS	1.89999512839	6.995594509301707e-06	14
GO_REGULATION_OF_REACTIVE_OXYGEN_SPECIES_BIOSYNTHETIC_PROCESS	1.23703011567	0.0017449556121499033	14
GO_POSITIVE_REGULATION_OF_FATTY_ACID_METABOLIC_PROCESS	1.618709018	0.002913575452869872	8
GO_NEGATIVE_REGULATION_OF_RESPONSE_TO_EXTERNAL_STIMULUS	1.23559816017	1.9435211327659164e-09	53
GO_REGULATION_OF_MITOCHONDRIAL_DEPOLARIZATION	1.88405358452	0.007677426476988181	5
GO_REGULATION_OF_BLOOD_VESSEL_ENDOTHELIAL_CELL_MIGRATION	1.54635817377	0.00016237627153275054	14
GO_NEGATIVE_REGULATION_OF_STEROL_TRANSPORT	2.45521028571	0.003173654168115746	4
GO_REGULATION_OF_FIBROBLAST_MIGRATION	1.56212548963	0.003829443409366552	8
GO_POSITIVE_REGULATION_OF_STEM_CELL_DIFFERENTIATION	1.64365537513	7.160032180217714e-05	14
GO_HEART_VALVE_DEVELOPMENT	1.57450921409	0.002050130843992076	9
GO_REGULATION_OF_ENDOTHELIAL_CELL_PROLIFERATION	1.86401583128	1.110160303555881e-11	33
GO_MUSCLE_CELL_DEVELOPMENT	0.862634600884	0.008694009957196032	18
GO_REGULATION_OF_OSSIFICATION	1.01970868388	0.0001241792646684128	30
GO_AXONEMAL_DYNEIN_COMPLEX_ASSEMBLY	2.26256520777	0.0002333818866085904	7
GO_POSITIVE_REGULATION_OF_LIPID_BIOSYNTHETIC_PROCESS	1.17510236652	0.005278334375485998	12
GO_REGULATION_OF_VASCULATURE_DEVELOPMENT	1.72132408448	1.4678294292786217e-19	67
GO_REGULATION_OF_VASOCONSTRICTION	1.37804242519	0.00095628401590057	13
GO_COMPLEMENT_ACTIVATION	2.16945580338	1.769905954482082e-07	15
GO_EMBRYONIC_HEART_TUBE_MORPHOGENESIS	1.52559961361	0.00011471177402076963	15
GO_RESPIRATORY_SYSTEM_DEVELOPMENT	1.58796549457	1.2319571246278414e-13	52
GO_DIGESTIVE_TRACT_MORPHOGENESIS	1.22694129804	0.008051620217412838	10
GO_ENDOTHELIAL_CELL_DEVELOPMENT	1.37503993703	0.003672784198835761	10
GO_MAMMARY_GLAND_DEVELOPMENT	1.18931622574	8.554364612181441e-05	24
GO_EPITHELIAL_CELL_DIFFERENTIATION_INVOLVED_IN_KIDNEY_DEVELOPMENT	2.38809608986	3.766741321336056e-07	12
GO_MEMBRANE_INVAGINATION	1.67760270705	0.0011621483767756224	9
GO_CYCLIC_NUCLEOTIDE_BIOSYNTHETIC_PROCESS	1.74799203494	0.0030047362136009018	7
GO_POSITIVE_REGULATION_OF_EMBRYONIC_DEVELOPMENT	1.50767770561	0.004952515002021764	8
GO_POSITIVE_REGULATION_OF_PEPTIDYL_TYROSINE_PHOSPHORYLATION	1.2845915141	9.238467264733338e-07	33
GO_CATECHOLAMINE_METABOLIC_PROCESS	1.94063711288	0.000545287195981892	8
GO_NEGATIVE_REGULATION_OF_CELL_JUNCTION_ASSEMBLY	1.59960019505	0.010422923153848102	6
GO_REGULATION_OF_PODOSOME_ASSEMBLY	2.26256520777	0.0002333818866085904	7
GO_RESPONSE_TO_CORTICOSTEROID	1.23197688794	1.106347924714307e-06	35
GO_CELL_ACTIVATION_INVOLVED_IN_IMMUNE_RESPONSE	0.873522917026	0.004429206440104509	21
GO_POSITIVE_REGULATION_OF_CARDIAC_MUSCLE_TISSUE_DEVELOPMENT	1.48495762911	0.009257022390728346	7
GO_REGULATION_OF_REACTIVE_OXYGEN_SPECIES_METABOLIC_PROCESS	0.929141474047	0.0011522265336573508	25
GO_NEGATIVE_REGULATION_OF_CATION_TRANSMEMBRANE_TRANSPORT	1.53674017121	0.0002974105689103017	13
GO_POSITIVE_REGULATION_OF_REGULATED_SECRETORY_PATHWAY	1.67760270705	0.0003356680479873721	11
GO_NEGATIVE_REGULATION_OF_ESTABLISHMENT_OF_PROTEIN_LOCALIZATION	0.798618108012	0.0021366754593533945	29
GO_POST_EMBRYONIC_ORGAN_DEVELOPMENT	1.7771383806	0.010931683694668052	5
GO_REGENERATION	1.20728277227	4.645222543245981e-06	32
GO_NEGATIVE_REGULATION_OF_CELL_MATRIX_ADHESION	1.50767770561	0.004952515002021764	8
GO_NEGATIVE_REGULATION_OF_CELL_GROWTH	1.08747850121	3.778109486475001e-05	31
GO_NEGATIVE_REGULATION_OF_CYTOKINE_SECRETION	1.43249020921	0.004311399961680679	9
GO_POSITIVE_REGULATION_OF_EPITHELIAL_CELL_DIFFERENTIATION	1.64107683103	0.00013180172351788096	13
GO_PROTEIN_TRIMERIZATION	1.47829389883	0.0034088668365240735	9
GO_B_CELL_PROLIFERATION	1.94063711288	0.000545287195981892	8
GO_STEROL_TRANSPORT	1.41456830122	0.002951131996216615	10
GO_POSITIVE_REGULATION_OF_ENDOTHELIAL_CELL_DIFFERENTIATION	2.56212548963	1.088954319526967e-05	8
GO_ADAPTIVE_IMMUNE_RESPONSE_BASED_ON_SOMATIC_RECOMBINATION_OF_IMMUNE_RECEPTORS_BUILT_FROM_IMMUNOGLOBULIN_SUPERFAMILY_DOMAINS	1.39749478786	1.1331390682167115e-06	28
GO_REGULATION_OF_GASTRULATION	1.94063711288	0.00011034800907160678	10
GO_REGULATION_OF_PROTEIN_TARGETING	0.84361265849	6.128291139375354e-05	46
GO_RENAL_SYSTEM_PROCESS_INVOLVED_IN_REGULATION_OF_SYSTEMIC_ARTERIAL_BLOOD_PRESSURE	2.26256520777	0.0006729679517929102	6
GO_REGULATION_OF_LIPID_BIOSYNTHETIC_PROCESS	0.912067960688	0.003946218026182229	20
GO_POSITIVE_REGULATION_OF_CELL_MORPHOGENESIS_INVOLVED_IN_DIFFERENTIATION	0.919420626975	0.000833238178200379	27
GO_POSITIVE_REGULATION_OF_SEQUENCE_SPECIFIC_DNA_BINDING_TRANSCRIPTION_FACTOR_ACTIVITY	0.670108170504	0.005461705785659698	32
GO_POSITIVE_REGULATION_OF_ENDOTHELIAL_CELL_PROLIFERATION	1.6537559651	1.9019129315353205e-06	20
GO_POSITIVE_REGULATION_OF_LEUKOCYTE_DIFFERENTIATION	0.873522917026	0.004429206440104509	21
GO_CELL_CELL_JUNCTION_ASSEMBLY	1.72199682641	2.307903682729311e-07	22
GO_REGULATION_OF_SMOOTH_MUSCLE_CELL_DIFFERENTIATION	1.94063711288	0.002767419552379581	6
GO_ANTIMICROBIAL_HUMORAL_RESPONSE	1.98245728858	0.0009976548182991847	7
GO_REGULATION_OF_NEUTROPHIL_CHEMOTAXIS	1.61048851119	0.005489025491969113	7
GO_LYMPHANGIOGENESIS	2.41456830122	0.0010737140736553292	5
GO_POSITIVE_REGULATION_OF_TRANSPORTER_ACTIVITY	1.28681275402	0.0008266023078242661	15
GO_PEPTIDYL_TYROSINE_MODIFICATION	0.949407322513	0.00015692976011168105	33
GO_REGULATION_OF_PLASMA_LIPOPROTEIN_PARTICLE_LEVELS	1.80313358913	6.91816355645189e-05	12
GO_POSITIVE_REGULATION_OF_PROTEIN_MATURATION	2.36948041169	0.0001282306287353735	7
GO_ARTERY_MORPHOGENESIS	2.09264020633	4.992480331952941e-09	20
GO_REGULATION_OF_CARDIAC_MUSCLE_CELL_MEMBRANE_REPOLARIZATION	1.84752770849	0.004041138242602189	6
GO_NEGATIVE_REGULATION_OF_CATION_CHANNEL_ACTIVITY	2.12506168402	2.9273321826655564e-05	10
GO_POSITIVE_REGULATION_OF_TRANSMEMBRANE_RECEPTOR_PROTEIN_SERINE_THREONINE_KINASE_SIGNALING_PATHWAY	1.65922417774	5.2179717084640754e-08	26
GO_REGULATION_OF_AXONOGENESIS	1.03685242814	7.646247921330891e-05	31
GO_ORGAN_FORMATION	1.61048851119	0.005489025491969113	7
GO_REGULATION_OF_INFLAMMATORY_RESPONSE	1.39888667898	6.698522191217169e-13	61
GO_REGULATION_OF_EXTENT_OF_CELL_GROWTH	1.21420218621	0.00012675643028750024	22
GO_REGULATION_OF_EXOCYTOSIS	0.950979057106	0.0004682448467892422	28
GO_PRODUCTION_OF_MOLECULAR_MEDIATOR_INVOLVED_IN_INFLAMMATORY_RESPONSE	2.74799203494	1.191108164719595e-05	7
GO_RESPONSE_TO_TRANSFORMING_GROWTH_FACTOR_BETA	1.46609860186	3.510386541205166e-09	38
GO_LIPOXYGENASE_PATHWAY	2.61048851119	2.9793032443694094e-05	7
GO_POSITIVE_REGULATION_OF_ACTIN_FILAMENT_POLYMERIZATION	1.09264020633	0.008519002268489787	12
GO_POSITIVE_REGULATION_OF_CYTOKINE_SECRETION	1.39466874378	3.847535456965891e-05	20
GO_REGULATION_OF_TOLL_LIKE_RECEPTOR_SIGNALING_PATHWAY	1.47115182958	0.00048687833514300953	13
GO_I_KAPPAB_PHOSPHORYLATION	2.12506168402	0.0032921461383460283	5
GO_PURINERGIC_NUCLEOTIDE_RECEPTOR_SIGNALING_PATHWAY	2.34502736796	1.5840628402361492e-05	9
GO_REGULATION_OF_DEVELOPMENTAL_GROWTH	1.18727708047	2.5666592754428503e-09	56
GO_DIGESTIVE_SYSTEM_DEVELOPMENT	1.58700015827	7.244801143584406e-10	36
GO_ENDODERMAL_CELL_DIFFERENTIATION	1.71824469155	0.00013347708315119408	12
GO_METANEPHRIC_MESENCHYME_DEVELOPMENT	1.99953080194	0.005162987700188683	5
GO_NEURAL_CREST_CELL_DIFFERENTIATION	1.72414529299	4.203005383018696e-07	21
GO_MACROPHAGE_ACTIVATION	1.72651230753	0.0004579394132750591	10
GO_POSITIVE_REGULATION_OF_ERK1_AND_ERK2_CASCADE	1.27424701282	2.3026208172639602e-06	31
GO_POSITIVE_REGULATION_OF_CALCIUM_ION_TRANSMEMBRANE_TRANSPORT	1.16740797473	0.007736715005798487	11
GO_POSITIVE_REGULATION_OF_DENDRITE_DEVELOPMENT	1.10502393079	0.0058501778262494255	13
GO_CELL_COMMUNICATION_INVOLVED_IN_CARDIAC_CONDUCTION	1.62513528716	0.0015560024689180486	9
GO_POSITIVE_REGULATION_OF_SMOOTH_MUSCLE_CELL_MIGRATION	2.04017278644	9.743858802174272e-06	12
GO_AMMONIUM_TRANSPORT	1.42126295379	0.0011152417296591245	12
GO_BONE_DEVELOPMENT	1.02049042057	0.00033769040070456884	26
GO_REGULATION_OF_CARDIAC_MUSCLE_CELL_PROLIFERATION	1.61048851119	0.005489025491969113	7
GO_PANCREAS_DEVELOPMENT	1.83806737924	3.6317722532633426e-07	19
GO_PEPTIDYL_TYROSINE_AUTOPHOSPHORYLATION	1.63807434286	0.00024317815125772245	12
GO_REGULATION_OF_CELL_SHAPE	1.41456830122	3.9222906567862974e-08	35
GO_POSITIVE_REGULATION_OF_SMAD_PROTEIN_IMPORT_INTO_NUCLEUS	2.12506168402	0.0032921461383460283	5
GO_REGULATION_OF_STEM_CELL_PROLIFERATION	1.63251481752	1.390329054594448e-06	21
GO_REGULATION_OF_ENDOTHELIAL_CELL_DIFFERENTIATION	2.20367151872	2.245482772558546e-06	12
GO_CELLULAR_RESPONSE_TO_RETINOIC_ACID	1.23508447135	0.0025476941508364914	13
GO_POSITIVE_REGULATION_OF_STEROID_METABOLIC_PROCESS	1.67760270705	0.007808503965560312	6
GO_POSITIVE_REGULATION_OF_PRODUCTION_OF_MOLECULAR_MEDIATOR_OF_IMMUNE_RESPONSE	1.42606394006	0.0004260981905978238	14
GO_EMBRYO_IMPLANTATION	1.63029699227	0.0008350326534126312	10
GO_REGULATION_OF_SMALL_GTPASE_MEDIATED_SIGNAL_TRANSDUCTION	0.734633652087	0.0005722035729240477	43
GO_VASODILATION	1.67760270705	0.004106662167430752	7
GO_POSITIVE_REGULATION_OF_NEURON_DIFFERENTIATION	0.964385715657	3.4090606333763193e-06	49
GO_REGULATION_OF_PROTEIN_ACTIVATION_CASCADE	2.32396575244	7.127396674540333e-07	12
GO_AORTA_MORPHOGENESIS	2.18456269577	4.956928996819304e-05	9
GO_REGULATION_OF_PHOSPHOLIPID_METABOLIC_PROCESS	1.8177803651	9.373547660144291e-07	18
GO_REGULATION_OF_PHOSPHATIDYLINOSITOL_3_KINASE_ACTIVITY	1.84752770849	4.861157522612497e-05	12
GO_CELL_JUNCTION_ORGANIZATION	1.57140330322	1.7222646894433456e-12	48
GO_ENDOCARDIAL_CUSHION_MORPHOGENESIS	2.01463769433	0.00035989241587102707	8
GO_BLOOD_VESSEL_REMODELING	2.10502393079	2.228603723290842e-06	13
GO_RESPONSE_TO_TEMPERATURE_STIMULUS	1.15947171481	4.689010919996463e-05	27
GO_AMEBOIDAL_TYPE_CELL_MIGRATION	1.34117504247	3.498876446291189e-07	33
GO_POSITIVE_REGULATION_OF_IMMUNOGLOBULIN_PRODUCTION	1.48495762911	0.009257022390728346	7
GO_POSITIVE_REGULATION_OF_NF_KAPPAB_IMPORT_INTO_NUCLEUS	2.11056211433	8.180024566507382e-05	9
GO_REGULATION_OF_PROTEIN_MATURATION	1.77223958119	2.200079645487723e-07	21
GO_HUMORAL_IMMUNE_RESPONSE_MEDIATED_BY_CIRCULATING_IMMUNOGLOBULIN	2.26256520777	4.614401139802086e-07	13
GO_REGULATION_OF_CGMP_METABOLIC_PROCESS	1.76006486724	0.005701220110219266	6
GO_REGULATION_OF_SYSTEMIC_ARTERIAL_BLOOD_PRESSURE	1.67760270705	4.7243041265039115e-06	18
GO_POSITIVE_REGULATION_OF_ENDOTHELIAL_CELL_APOPTOTIC_PROCESS	2.38809608986	0.00036900745953870833	6
GO_STRIATED_MUSCLE_CONTRACTION	1.02809995414	0.0032032892943450546	17
GO_CELL_MIGRATION_INVOLVED_IN_SPROUTING_ANGIOGENESIS	1.88405358452	0.007677426476988181	5
GO_DETOXIFICATION	1.89999512839	3.688698730446117e-08	21
GO_POSITIVE_REGULATION_OF_MUSCLE_CELL_DIFFERENTIATION	1.13328219083	0.0019116524291448794	16
GO_POSITIVE_REGULATION_OF_SMOOTH_MUSCLE_CELL_PROLIFERATION	1.53464475321	6.292783711683234e-05	16
GO_BONE_MORPHOGENESIS	1.16302953422	0.002923962589806826	14
GO_POSITIVE_REGULATION_OF_TYROSINE_PHOSPHORYLATION_OF_STAT3_PROTEIN	1.7771383806	0.0003306786266581555	10
GO_REGULATION_OF_TOLL_LIKE_RECEPTOR_4_SIGNALING_PATHWAY	1.98245728858	0.0009976548182991847	7
GO_REGULATION_OF_MUSCLE_CELL_DIFFERENTIATION	1.06325639955	0.000156839764281046	27
GO_REGULATION_OF_GLOMERULAR_FILTRATION	2.26256520777	0.0019634467389136783	5
GO_MYELOID_LEUKOCYTE_ACTIVATION	1.29733062593	7.372669839677778e-05	21
GO_PURINERGIC_RECEPTOR_SIGNALING_PATHWAY	2.12506168402	2.9273321826655564e-05	10
GO_SMOOTH_MUSCLE_TISSUE_DEVELOPMENT	1.98245728858	0.0009976548182991847	7
GO_LEUKOCYTE_PROLIFERATION	1.21817108841	0.0009831234874557863	16
GO_RECEPTOR_METABOLIC_PROCESS	0.982457288579	0.009454206232704522	14
GO_EPITHELIAL_CELL_CELL_ADHESION	2.26256520777	0.0006729679517929102	6
GO_ACTIVATION_OF_ADENYLATE_CYCLASE_ACTIVITY	1.40458421264	0.007934353985400603	8
GO_TRANSFORMING_GROWTH_FACTOR_BETA_RECEPTOR_SIGNALING_PATHWAY	1.34318366798	1.962038498094619e-05	23
GO_NEGATIVE_REGULATION_OF_SECRETION	0.918610806555	0.0010387392697614746	26
GO_REGULATION_OF_OSTEOCLAST_DIFFERENTIATION	1.31914873614	0.0014438366289702474	13
GO_CELL_SUBSTRATE_JUNCTION_ASSEMBLY	1.43659460755	0.0016172528556463901	11
GO_REGULATION_OF_BIOMINERAL_TISSUE_DEVELOPMENT	1.45521028571	0.0001305220073116422	16
GO_RESPONSE_TO_FUNGUS	2.04017278644	9.743858802174272e-06	12
GO_POSITIVE_REGULATION_OF_WOUND_HEALING	1.40006873152	0.0020237453727397683	11
GO_REGULATION_OF_CELLULAR_RESPONSE_TO_TRANSFORMING_GROWTH_FACTOR_BETA_STIMULUS	1.37673622769	1.2981814759947374e-05	23
GO_EPITHELIAL_TO_MESENCHYMAL_TRANSITION_INVOLVED_IN_ENDOCARDIAL_CUSHION_FORMATION	2.09264020633	0.009626473275444258	4
GO_RECEPTOR_MEDIATED_ENDOCYTOSIS	1.36594294762	6.702333631020889e-10	47
GO_SECOND_MESSENGER_MEDIATED_SIGNALING	1.16302953422	3.2625318979785436e-05	28
GO_CEREBRAL_CORTEX_GABAERGIC_INTERNEURON_DIFFERENTIATION	2.52559961361	0.00960757943188322	3
GO_UROGENITAL_SYSTEM_DEVELOPMENT	1.49098141674	3.688462308502997e-16	70
GO_POSITIVE_REGULATION_OF_STEM_CELL_PROLIFERATION	1.50357330728	0.0003822833102352298	13
GO_POSITIVE_REGULATION_OF_PHAGOCYTOSIS	1.64107683103	0.00013180172351788096	13
GO_NEGATIVE_REGULATION_OF_ION_TRANSPORT	1.2119391347	0.00018313785051959054	21
GO_NEGATIVE_REGULATION_OF_AXONOGENESIS	1.23703011567	0.0017449556121499033	14
GO_EMBRYONIC_ORGAN_MORPHOGENESIS	1.02850986891	3.1627114263150407e-06	44
GO_RESPONSE_TO_AMINO_ACID	0.973058590577	0.003805113861515627	18
GO_GLUTATHIONE_METABOLIC_PROCESS	1.67760270705	2.904285354532642e-05	15
GO_NEGATIVE_REGULATION_OF_CELL_ADHESION	1.45925711878	9.40910639004985e-12	51
GO_NEGATIVE_REGULATION_OF_PEPTIDASE_ACTIVITY	1.1116233097	1.117021092486486e-05	34
GO_POSITIVE_REGULATION_OF_MUSCLE_CONTRACTION	1.40458421264	0.007934353985400603	8
GO_CARDIAC_MUSCLE_CELL_ACTION_POTENTIAL	1.52559961361	0.002661624654342905	9
GO_STEM_CELL_DIFFERENTIATION	1.60621807381	1.9186479396499504e-12	46
GO_ENDOCARDIAL_CUSHION_DEVELOPMENT	1.98954671337	1.5048744740408583e-05	12
GO_REGULATION_OF_LIPID_STORAGE	1.34502736796	0.0066653345682477225	9
GO_UNSATURATED_FATTY_ACID_BIOSYNTHETIC_PROCESS	2.18456269577	8.384001542626812e-09	18
GO_RESPONSE_TO_CALCIUM_ION	1.11572381944	0.00048544756257556845	21
GO_PROTEIN_KINASE_B_SIGNALING	1.47829389883	0.0034088668365240735	9
GO_REGULATION_OF_OSTEOBLAST_DIFFERENTIATION	1.10029377887	0.00056474890364773	21
GO_GRANULOCYTE_ACTIVATION	1.84752770849	0.004041138242602189	6
GO_REGULATION_OF_LIPID_METABOLIC_PROCESS	0.858565979946	0.0001185810308441786	41
GO_CALCIUM_INDEPENDENT_CELL_CELL_ADHESION_VIA_PLASMA_MEMBRANE_CELL_ADHESION_MOLECULES	2.26256520777	0.0006729679517929102	6
GO_REGULATION_OF_POTASSIUM_ION_TRANSMEMBRANE_TRANSPORTER_ACTIVITY	1.5400991833	0.001435752096765947	10
GO_RESPONSE_TO_CAMP	0.995778667077	0.005251680208518183	16
GO_REGULATION_OF_BLOOD_PRESSURE	1.72778846422	4.881413506852674e-12	39
GO_AORTA_DEVELOPMENT	1.8604667642	1.0178447524818576e-05	14
GO_REGULATION_OF_EMBRYONIC_DEVELOPMENT	1.24696835272	6.167364985422454e-05	23
GO_MACROMOLECULAR_COMPLEX_REMODELING	2.56212548963	1.088954319526967e-05	8
GO_POSITIVE_REGULATION_OF_LEUKOCYTE_CHEMOTAXIS	1.59271380946	1.3303984176508905e-06	22
GO_KIDNEY_EPITHELIUM_DEVELOPMENT	1.66352752184	4.411705102896715e-10	34
GO_NEGATIVE_REGULATION_OF_INTRACELLULAR_TRANSPORT	1.02377834819	0.0004197592181476843	25
GO_CELLULAR_RESPONSE_TO_CALCIUM_ION	1.33656578922	0.00452735845908069	10
GO_NEGATIVE_REGULATION_OF_APOPTOTIC_SIGNALING_PATHWAY	0.745506771553	0.0037340696011807506	29
GO_NEGATIVE_REGULATION_OF_CALCIUM_ION_TRANSPORT	1.38809608986	0.0053897679112672615	9
GO_REGULATION_OF_LIPASE_ACTIVITY	1.45521028571	1.967808204549272e-05	20
GO_CARDIOCYTE_DIFFERENTIATION	1.04624730085	0.0027874958040599402	17
GO_MESONEPHRIC_TUBULE_MORPHOGENESIS	1.71236812521	3.9326582723550825e-05	14
GO_NEPHRIC_DUCT_DEVELOPMENT	2.14708799035	0.0011398856572407015	6
GO_MYELOID_LEUKOCYTE_DIFFERENTIATION	0.974988617676	0.0047688034842646426	17
GO_REGULATION_OF_CELL_MATRIX_ADHESION	1.20671197304	0.00038320352369539714	19
GO_MONOCYTE_DIFFERENTIATION	1.99953080194	0.005162987700188683	5
GO_POSITIVE_REGULATION_OF_CELL_ACTIVATION	0.890232159448	3.255793023649466e-05	45
GO_POSITIVE_REGULATION_OF_CELLULAR_RESPONSE_TO_TRANSFORMING_GROWTH_FACTOR_BETA_STIMULUS	1.61048851119	0.005489025491969113	7
GO_ODONTOGENESIS_OF_DENTIN_CONTAINING_TOOTH	1.36948041169	0.0006587324492709327	14
GO_PROTEIN_LIPID_COMPLEX_SUBUNIT_ORGANIZATION	1.67760270705	0.002177694261893682	8
GO_AGING	0.710467340957	0.0018123488941735818	37
GO_LATERAL_MESODERM_DEVELOPMENT	2.45521028571	0.003173654168115746	4
GO_CELL_PROJECTION_ASSEMBLY	1.02925150006	1.4586541514169057e-06	47
GO_REGULATION_OF_NITRIC_OXIDE_SYNTHASE_ACTIVITY	1.42126295379	0.0011152417296591245	12
GO_REGULATION_OF_ADAPTIVE_IMMUNE_RESPONSE	0.866636531441	0.006937289696466729	19
GO_FC_GAMMA_RECEPTOR_SIGNALING_PATHWAY	1.28274308971	0.0002701007151701766	18
GO_LUNG_MORPHOGENESIS	1.56212548963	0.00042145405271225614	12
GO_REGULATION_OF_SMAD_PROTEIN_IMPORT_INTO_NUCLEUS	2.14708799035	0.0011398856572407015	6
GO_NEGATIVE_REGULATION_OF_CELLULAR_PROTEIN_LOCALIZATION	0.914641904352	0.0025222218316980844	22
GO_NEGATIVE_REGULATION_OF_DEVELOPMENTAL_GROWTH	1.618709018	3.056199482478621e-07	24
GO_POSITIVE_REGULATION_OF_JUN_KINASE_ACTIVITY	1.31503262767	0.0009908219671225058	14
GO_SKELETAL_SYSTEM_MORPHOGENESIS	0.734186235417	0.0064599073885221875	26
GO_NEGATIVE_REGULATION_OF_CALCIUM_MEDIATED_SIGNALING	1.94063711288	0.002767419552379581	6
GO_REGULATION_OF_CYTOKINE_SECRETION	1.41456830122	3.59217340135299e-07	30
GO_POSITIVE_REGULATION_OF_BMP_SIGNALING_PATHWAY	1.84752770849	0.00043265119128064507	9
GO_REGULATION_OF_MAST_CELL_ACTIVATION_INVOLVED_IN_IMMUNE_RESPONSE	2.02155710827	2.6676973477376322e-05	11
GO_POSITIVE_REGULATION_OF_CYTOSKELETON_ORGANIZATION	0.950287282919	0.00030211170898766034	30
GO_REGULATION_OF_LIPID_TRANSPORT	1.36640101876	0.00012197810205348322	18
GO_HINDLIMB_MORPHOGENESIS	1.48495762911	0.009257022390728346	7
GO_POSITIVE_REGULATION_OF_MACROPHAGE_CHEMOTAXIS	2.38809608986	0.00036900745953870833	6
GO_SUPEROXIDE_METABOLIC_PROCESS	1.50767770561	0.004952515002021764	8
GO_EMBRYONIC_HEART_TUBE_DEVELOPMENT	1.46738499966	7.223231112997492e-05	17
GO_ESTABLISHMENT_OR_MAINTENANCE_OF_MONOPOLAR_CELL_POLARITY	1.7771383806	0.010931683694668052	5
GO_FIBRINOLYSIS	2.14708799035	0.0011398856572407015	6
GO_POSITIVE_REGULATION_OF_BIOMINERAL_TISSUE_DEVELOPMENT	1.58449330266	0.001102393294092557	10
GO_LIPID_LOCALIZATION	0.742697735273	0.0018556494579795918	34
GO_ENTEROENDOCRINE_CELL_DIFFERENTIATION	1.99953080194	0.005162987700188683	5
GO_REGULATION_OF_EPITHELIAL_CELL_DIFFERENTIATION	1.42384611481	1.8586653031831615e-06	26
GO_POSITIVE_REGULATION_OF_HOMEOSTATIC_PROCESS	0.660529193692	0.009746389139895159	28
GO_POSITIVE_REGULATION_OF_REACTIVE_OXYGEN_SPECIES_BIOSYNTHETIC_PROCESS	1.22694129804	0.008051620217412838	10
GO_NOTOCHORD_DEVELOPMENT	1.88405358452	0.007677426476988181	5
GO_FORMATION_OF_PRIMARY_GERM_LAYER	1.36726258644	6.296252535147393e-06	25
GO_DIGESTION	1.59960019505	1.1147247233993884e-05	18
GO_POSITIVE_REGULATION_OF_REACTIVE_OXYGEN_SPECIES_METABOLIC_PROCESS	1.0609313466	0.004349466148823307	15
GO_ENDOCRINE_PANCREAS_DEVELOPMENT	1.618709018	0.002913575452869872	8
GO_PEPTIDE_TRANSPORT	1.20367151872	0.004449522276341918	12
GO_NEGATIVE_REGULATION_OF_TRANSPORTER_ACTIVITY	1.37804242519	0.00095628401590057	13
GO_HORMONE_METABOLIC_PROCESS	1.01463769433	0.001644469175388128	20
GO_POSITIVE_REGULATION_OF_ENDOCYTOSIS	1.45521028571	4.64320560518119e-07	28
GO_CILIUM_ORGANIZATION	0.911092837271	0.0006025001246875814	29
GO_ALPHA_AMINO_ACID_CATABOLIC_PROCESS	0.961395673052	0.010753594617683404	14
GO_POSITIVE_REGULATION_OF_EPITHELIAL_CELL_PROLIFERATION	1.48812490819	2.187454114417693e-09	38
GO_NEGATIVE_REGULATION_OF_SMOOTH_MUSCLE_CELL_PROLIFERATION	1.43249020921	0.004311399961680679	9
GO_AMINO_ACID_IMPORT	2.12506168402	0.0032921461383460283	5
GO_MESENCHYME_DEVELOPMENT	1.74516599086	1.489897838628505e-15	51
GO_RESPONSE_TO_ORGANOPHOSPHORUS	1.31701299179	5.57895291229038e-06	27
GO_ENDOTHELIAL_CELL_DIFFERENTIATION	1.47829389883	3.9973514467172475e-05	18
GO_REGULATION_OF_SODIUM_ION_TRANSMEMBRANE_TRANSPORTER_ACTIVITY	1.35567461216	0.009851710105756173	8
GO_OVULATION	2.04017278644	0.0018197634852396224	6
GO_DEFENSE_RESPONSE_TO_BACTERIUM	1.50453799808	1.0993893632868339e-08	34
GO_POSITIVE_REGULATION_OF_INTERLEUKIN_6_PRODUCTION	1.36210088132	0.0004543087459255476	15
GO_NEPHRON_EPITHELIUM_DEVELOPMENT	1.69696803192	5.220456894961263e-08	25
GO_POSITIVE_REGULATION_OF_GROWTH	0.750115206835	0.0016981742162375923	34
GO_REGULATION_OF_REGULATED_SECRETORY_PATHWAY	1.19843487035	0.00015043153242983242	22
GO_REGULATION_OF_B_CELL_ACTIVATION	0.925530220495	0.004393204125759363	19
GO_PLATELET_AGGREGATION	1.49703046141	0.0018465271973932568	10
GO_POSITIVE_REGULATION_OF_CATION_CHANNEL_ACTIVITY	1.91464190435	6.087698514633254e-05	11
GO_NEURON_PROJECTION_EXTENSION	1.29573207171	0.0037623446732468475	11
GO_POSITIVE_REGULATION_OF_CHEMOTAXIS	1.53464475321	1.6899020214378538e-08	32
GO_VASCULAR_ENDOTHELIAL_GROWTH_FACTOR_RECEPTOR_SIGNALING_PATHWAY	1.48495762911	8.634088619572501e-06	21
GO_SENSORY_ORGAN_MORPHOGENESIS	0.889106812245	0.000352050811779003	33
GO_OUTFLOW_TRACT_MORPHOGENESIS	2.10029377887	1.8298397068934561e-09	21
GO_REGULATION_OF_PLATELET_AGGREGATION	1.94063711288	0.002767419552379581	6
GO_POSITIVE_REGULATION_OF_MYELOID_LEUKOCYTE_MEDIATED_IMMUNITY	2.26256520777	0.0002333818866085904	7
GO_REGULATION_OF_TYROSINE_PHOSPHORYLATION_OF_STAT_PROTEIN	1.41456830122	0.00029544948923907903	15
GO_POSITIVE_REGULATION_OF_ACUTE_INFLAMMATORY_RESPONSE	2.19217587988	1.7611384244298605e-05	10
GO_IMPORT_INTO_CELL	1.35567461216	0.009851710105756173	8
GO_REGULATION_OF_VASCULAR_ENDOTHELIAL_GROWTH_FACTOR_RECEPTOR_SIGNALING_PATHWAY	2.31914873614	2.5509031777639927e-07	13
GO_REGULATION_OF_LEUKOCYTE_APOPTOTIC_PROCESS	1.02552601047	0.007226835180744427	14
GO_NEGATIVE_REGULATION_OF_IMMUNE_EFFECTOR_PROCESS	0.958784459595	0.006794643491574775	16
GO_NEURAL_CREST_CELL_MIGRATION	1.67760270705	5.336994983582148e-05	14
GO_REGULATION_OF_PEPTIDYL_TYROSINE_PHOSPHORYLATION	1.20367151872	1.7450588626016175e-07	42
GO_POSITIVE_REGULATION_OF_MACROPHAGE_DERIVED_FOAM_CELL_DIFFERENTIATION	2.67760270705	8.073921234537749e-05	6
GO_INOSITOL_LIPID_MEDIATED_SIGNALING	0.858174952693	0.010907169011353109	17
GO_CHEMICAL_HOMEOSTASIS_WITHIN_A_TISSUE	2.67760270705	8.073921234537749e-05	6
GO_NEGATIVE_REGULATION_OF_PLATELET_ACTIVATION	2.43249020921	8.215987455790021e-06	9
GO_REGULATION_OF_JUN_KINASE_ACTIVITY	1.12506168402	0.0027717844702667424	15
GO_POSITIVE_REGULATION_OF_ORGAN_GROWTH	1.47829389883	0.0034088668365240735	9
GO_NEURON_PROJECTION_EXTENSION_INVOLVED_IN_NEURON_PROJECTION_GUIDANCE	2.09264020633	0.009626473275444258	4
GO_REGULATION_OF_MEMBRANE_REPOLARIZATION	1.67760270705	0.002177694261893682	8
GO_REGULATION_OF_MYELOID_CELL_DIFFERENTIATION	0.756674278042	0.006110057608547904	25
GO_DRUG_METABOLIC_PROCESS	2.04017278644	0.0018197634852396224	6
GO_REGULATION_OF_OXIDOREDUCTASE_ACTIVITY	1.14057468339	0.0013198984189437524	17
GO_VENOUS_BLOOD_VESSEL_DEVELOPMENT	2.48495762911	6.504696729185126e-05	7
GO_CELLULAR_RESPONSE_TO_DRUG	1.38809608986	0.00036758015523411934	15
GO_RESPONSE_TO_LOW_DENSITY_LIPOPROTEIN_PARTICLE	2.14708799035	0.0011398856572407015	6
GO_REPLACEMENT_OSSIFICATION	1.67760270705	0.004106662167430752	7
GO_RESPONSE_TO_NUTRIENT	1.09722747583	1.0530595511281366e-05	35
GO_REGULATION_OF_HEAT_GENERATION	1.7771383806	0.010931683694668052	5
GO_PHOSPHOLIPASE_C_ACTIVATING_G_PROTEIN_COUPLED_RECEPTOR_SIGNALING_PATHWAY	1.40841607424	0.0007697226674840701	13
GO_VASOCONSTRICTION	1.74799203494	0.0030047362136009018	7
GO_NEGATIVE_CHEMOTAXIS	1.5400991833	0.001435752096765947	10
GO_NEGATIVE_REGULATION_OF_CELL_PROJECTION_ORGANIZATION	1.10413584517	7.090706686459058e-05	28
GO_POSITIVE_REGULATION_OF_ION_TRANSPORT	0.924242674634	0.00014472357514617724	35
GO_NEGATIVE_REGULATION_OF_CYTOKINE_PRODUCTION	0.652067614944	0.010529508867308744	28
GO_REVERSE_CHOLESTEROL_TRANSPORT	2.12506168402	0.0032921461383460283	5
GO_REGULATION_OF_SYSTEMIC_ARTERIAL_BLOOD_PRESSURE_BY_HORMONE	1.61048851119	0.005489025491969113	7
GO_SIGNAL_RELEASE	0.975684059984	0.0007070040223056706	25
GO_MONOCARBOXYLIC_ACID_BIOSYNTHETIC_PROCESS	1.20553426274	6.6789507539634825e-06	31
GO_NEGATIVE_REGULATION_OF_VASCULATURE_DEVELOPMENT	1.7637593508	6.668587034724033e-08	23
GO_REGULATION_OF_LEUKOCYTE_MEDIATED_IMMUNITY	1.12740562449	5.234999601689859e-05	28
GO_GLOMERULAR_EPITHELIUM_DEVELOPMENT	2.34502736796	1.5840628402361492e-05	9
GO_POSITIVE_REGULATION_OF_CALCIUM_ION_TRANSMEMBRANE_TRANSPORTER_ACTIVITY	1.73205049107	0.000852872550365522	9
GO_PROTEIN_AUTOPHOSPHORYLATION	0.669335091067	0.007946991362906526	29
GO_ORGANIC_ACID_TRANSPORT	0.638074342864	0.009524842431479824	30
GO_MONOAMINE_TRANSPORT	1.67760270705	0.007808503965560312	6
GO_BONE_MINERALIZATION	1.91464190435	6.087698514633254e-05	11
GO_CELLULAR_COMPONENT_ASSEMBLY_INVOLVED_IN_MORPHOGENESIS	0.855061381179	0.0003141865553221837	36
GO_RENAL_SYSTEM_PROCESS	1.61620216239	5.557278031244016e-07	23
GO_NITRIC_OXIDE_METABOLIC_PROCESS	1.7771383806	0.010931683694668052	5
GO_DEVELOPMENT_OF_PRIMARY_SEXUAL_CHARACTERISTICS	0.730070126945	0.005039469257776455	28
GO_POSITIVE_REGULATION_OF_PEPTIDASE_ACTIVITY	0.74471690291	0.010654637623099265	22
GO_POSITIVE_REGULATION_OF_IMMUNOGLOBULIN_SECRETION	2.09264020633	0.009626473275444258	4
GO_LEUKOTRIENE_BIOSYNTHETIC_PROCESS	2.04017278644	0.0018197634852396224	6
GO_MULTICELLULAR_ORGANISMAL_HOMEOSTASIS	1.17879685008	8.00918481125665e-08	46
GO_REGULATION_OF_TRANSPORTER_ACTIVITY	0.989546713366	0.00018369326926838446	30
GO_POSITIVE_REGULATION_OF_KIDNEY_DEVELOPMENT	1.72651230753	0.0004579394132750591	10
GO_MESONEPHROS_DEVELOPMENT	1.59630260495	7.319581215178036e-07	23
GO_REGULATION_OF_GRANULOCYTE_MACROPHAGE_COLONY_STIMULATING_FACTOR_PRODUCTION	1.88405358452	0.007677426476988181	5
GO_REGULATION_OF_PROTEIN_IMPORT	1.16302953422	3.5848756059962934e-06	35
GO_COLLAGEN_FIBRIL_ORGANIZATION	2.16945580338	1.769905954482082e-07	15
GO_BRANCHING_INVOLVED_IN_URETERIC_BUD_MORPHOGENESIS	1.38809608986	0.0053897679112672615	9
GO_TRANSMEMBRANE_RECEPTOR_PROTEIN_SERINE_THREONINE_KINASE_SIGNALING_PATHWAY	1.29057958394	8.691636912876268e-08	39
GO_CARDIAC_SEPTUM_MORPHOGENESIS	1.71236812521	3.9326582723550825e-05	14
GO_REGULATION_OF_RECEPTOR_ACTIVITY	0.908928253157	0.006196125198884459	18
GO_REGULATION_OF_JNK_CASCADE	0.918610806555	0.0010387392697614746	26
GO_REACTIVE_OXYGEN_SPECIES_METABOLIC_PROCESS	1.26256520777	0.00032554165614728087	18
GO_LEUKOCYTE_MEDIATED_IMMUNITY	1.19955541025	1.9882168541588662e-05	28
GO_POSITIVE_REGULATION_OF_PROTEIN_KINASE_B_SIGNALING	1.50175287165	3.1397955994914875e-05	18
GO_METANEPHROS_DEVELOPMENT	1.39583173864	0.00014220303218700033	17
GO_TISSUE_REMODELING	1.75355156028	1.1154366533735538e-08	26
GO_POSITIVE_REGULATION_OF_PROTEIN_POLYMERIZATION	0.960002437752	0.00854155063255677	15
GO_NEGATIVE_REGULATION_OF_HOMOTYPIC_CELL_CELL_ADHESION	1.18856462633	0.0004542165242910086	19
GO_TRANSITION_METAL_ION_HOMEOSTASIS	0.92376329432	0.0069106536548313394	17
GO_RESPONSE_TO_HEAT	1.40196826444	5.528287137633304e-05	19
GO_REGULATION_OF_MICROVILLUS_ORGANIZATION	2.26256520777	0.0019634467389136783	5
GO_KIDNEY_MESENCHYME_DEVELOPMENT	2.04017278644	0.0018197634852396224	6
GO_GLOMERULUS_DEVELOPMENT	2.47115182958	8.379025739737942e-15	26
GO_REGULATION_OF_MUSCLE_CONTRACTION	1.31914873614	8.028176378753256e-06	26
GO_RESPONSE_TO_ATP	1.84752770849	0.00043265119128064507	9
GO_NEGATIVE_REGULATION_OF_CELL_SUBSTRATE_ADHESION	1.83630045307	3.087764284946913e-06	16
GO_REGULATION_OF_ADHERENS_JUNCTION_ORGANIZATION	1.23014373008	0.005470151753614125	11
GO_REGULATION_OF_BLOOD_CIRCULATION	1.13065353227	1.6959987226031988e-07	47
GO_POSITIVE_REGULATION_OF_OSSIFICATION	1.49703046141	1.2242236039713871e-05	20
GO_REGULATION_OF_EXTRINSIC_APOPTOTIC_SIGNALING_PATHWAY	0.730844728328	0.010273086302040596	23
GO_MUSCLE_CELL_FATE_COMMITMENT	2.09264020633	0.009626473275444258	4
GO_REGULATION_OF_ERK1_AND_ERK2_CASCADE	1.17717371654	4.1218913151363486e-07	41
GO_NEUROTRANSMITTER_TRANSPORT	0.843026316258	0.006872411037358772	20
GO_REGULATION_OF_NUCLEOCYTOPLASMIC_TRANSPORT	1.06879346438	4.263191414275281e-06	40
GO_CYCLOOXYGENASE_PATHWAY	2.67760270705	8.073921234537749e-05	6
GO_POSITIVE_REGULATION_OF_HEMOPOIESIS	0.818958556297	0.003433505676358725	25
GO_POSITIVE_REGULATION_OF_EPITHELIAL_TO_MESENCHYMAL_TRANSITION	1.52559961361	0.002661624654342905	9
GO_MAMMARY_GLAND_DUCT_MORPHOGENESIS	1.56212548963	0.003829443409366552	8
GO_REGULATION_OF_ACTIN_CYTOSKELETON_REORGANIZATION	1.52559961361	0.002661624654342905	9
GO_POSITIVE_REGULATION_OF_EPITHELIAL_CELL_APOPTOTIC_PROCESS	2.11056211433	8.180024566507382e-05	9
GO_REGULATION_OF_STAT_CASCADE	1.04017278644	0.0010047942606516646	21
GO_OUTFLOW_TRACT_SEPTUM_MORPHOGENESIS	2.52559961361	0.00018398140839858193	6
GO_POSITIVE_REGULATION_OF_TRANSMEMBRANE_TRANSPORT	0.926281819908	0.003508122086524458	20
GO_COPULATION	2.41456830122	0.0010737140736553292	5
GO_NEGATIVE_REGULATION_OF_PROTEIN_SECRETION	0.960002437752	0.00854155063255677	15
GO_REGULATION_OF_RENAL_SYSTEM_PROCESS	1.90892825316	0.0002977834267158334	9
GO_HYPEROSMOTIC_RESPONSE	1.88405358452	0.007677426476988181	5
GO_REGULATION_OF_TRANSMEMBRANE_RECEPTOR_PROTEIN_SERINE_THREONINE_KINASE_SIGNALING_PATHWAY	1.47730405657	3.77857248061817e-11	47
GO_NEGATIVE_REGULATION_OF_NEURON_DIFFERENTIATION	1.15344348539	4.205614132322601e-06	35
GO_REGULATION_OF_CYTOKINE_PRODUCTION_INVOLVED_IN_IMMUNE_RESPONSE	1.23281786438	0.0037281577211092137	12
GO_REGULATION_OF_PROTEIN_LOCALIZATION_TO_NUCLEUS	1.06879346438	4.263191414275281e-06	40
GO_MESODERM_DEVELOPMENT	1.16302953422	0.0003026269180950983	21
GO_ACUTE_INFLAMMATORY_RESPONSE	1.29057958394	0.001755882953943821	13
GO_LYMPHOCYTE_MEDIATED_IMMUNITY	1.24549169441	0.00012872852070810222	21
GO_BLOOD_VESSEL_ENDOTHELIAL_CELL_MIGRATION	2.04017278644	0.00012994189173739864	9
GO_MUSCLE_SYSTEM_PROCESS	1.33390398949	2.750562397774478e-11	57
GO_REGULATION_OF_ODONTOGENESIS	2.17510236652	0.00014012685520056758	8
GO_REGULATION_OF_HORMONE_SECRETION	0.661114584262	0.008594029647156722	29
GO_NEGATIVE_REGULATION_OF_LIPID_TRANSPORT	1.59960019505	0.010422923153848102	6
GO_RESPONSE_TO_MECHANICAL_STIMULUS	1.12170267193	2.177032358305698e-06	39
GO_REGULATION_OF_FIBROBLAST_PROLIFERATION	1.20028092952	0.0008049356481052887	17
GO_AMINOGLYCAN_METABOLIC_PROCESS	0.973058590577	0.0004556481618584188	27
GO_LEUKOCYTE_DIFFERENTIATION	0.797184322804	0.00018739291375021399	44
GO_RESPONSE_TO_LIPOPROTEIN_PARTICLE	1.76006486724	0.005701220110219266	6
GO_PROTEIN_HETEROOLIGOMERIZATION	1.11281808827	0.0022336064017568283	16
GO_MACROPHAGE_DIFFERENTIATION	1.76006486724	0.005701220110219266	6
GO_REGULATION_OF_VASCULOGENESIS	2.14708799035	0.0011398856572407015	6
GO_G_PROTEIN_COUPLED_PURINERGIC_RECEPTOR_SIGNALING_PATHWAY	2.06992012983	0.000644555068817173	7
GO_RETINA_DEVELOPMENT_IN_CAMERA_TYPE_EYE	1.10728698229	0.000392957881959545	22
GO_NEGATIVE_REGULATION_OF_EMBRYONIC_DEVELOPMENT	1.80313358913	0.0011444550429977605	8
GO_BASEMENT_MEMBRANE_ORGANIZATION	2.12506168402	0.0032921461383460283	5
GO_NEGATIVE_REGULATION_OF_IMMUNE_RESPONSE	1.07669866246	0.0009404890348644934	20
GO_HORMONE_TRANSPORT	1.26256520777	0.002121599788741795	13
GO_POSITIVE_REGULATION_OF_MEMBRANE_DEPOLARIZATION	2.26256520777	0.005825246963739877	4
GO_SEGMENTATION	0.979631244501	0.007515744480837535	15
GO_VASCULOGENESIS	1.86663653144	2.524325299381911e-07	19
GO_REGULATION_OF_GRANULOCYTE_CHEMOTAXIS	1.67760270705	0.0003356680479873721	11
GO_CELLULAR_RESPONSE_TO_PEPTIDE	0.773180367033	0.0005922592499023236	39
GO_HEART_MORPHOGENESIS	1.50965806974	4.950832663985428e-13	54
GO_POSITIVE_REGULATION_OF_MAP_KINASE_ACTIVITY	1.03739034576	1.612557588407621e-05	37
GO_L_AMINO_ACID_IMPORT	2.09264020633	0.009626473275444258	4
GO_REGULATION_OF_CAMP_METABOLIC_PROCESS	1.02809995414	0.0032032892943450546	17
GO_REGULATION_OF_NUCLEOTIDE_METABOLIC_PROCESS	0.910048793051	0.0007504588440589868	28
GO_REGULATION_OF_LIPID_CATABOLIC_PROCESS	1.22694129804	0.008051620217412838	10
GO_GLAND_MORPHOGENESIS	1.42857515921	6.7642196905914344e-06	23
GO_DEVELOPMENTAL_GROWTH_INVOLVED_IN_MORPHOGENESIS	1.32669554519	2.3973664115921895e-05	23
GO_MYELOID_LEUKOCYTE_MIGRATION	1.5722497069	1.7394886296869945e-06	22
GO_REGULATION_OF_ORGAN_GROWTH	1.37992215841	0.0002543110908293338	16
GO_NEGATIVE_REGULATION_OF_SMOOTH_MUSCLE_CONTRACTION	1.7771383806	0.010931683694668052	5
GO_MULTICELLULAR_ORGANISMAL_WATER_HOMEOSTASIS	1.26256520777	0.006699875742162312	10
GO_PROSTANOID_METABOLIC_PROCESS	2.26256520777	1.0175899669341111e-05	10
GO_CELLULAR_RESPONSE_TO_VASCULAR_ENDOTHELIAL_GROWTH_FACTOR_STIMULUS	2.2119391347	2.8915267269761075e-07	14
GO_REGULATION_OF_ACTIN_FILAMENT_BUNDLE_ASSEMBLY	1.00383093937	0.00828148904540461	14
GO_POSITIVE_REGULATION_OF_TRANSCRIPTION_FACTOR_IMPORT_INTO_NUCLEUS	1.2990910838	0.005530843149752824	10
GO_ACTIN_CYTOSKELETON_REORGANIZATION	1.23508447135	0.0025476941508364914	13
GO_EXTRACELLULAR_MATRIX_DISASSEMBLY	1.91464190435	1.403330653811046e-08	22
GO_ACTIN_MEDIATED_CELL_CONTRACTION	1.33182787021	0.0003845877112616762	16
GO_CELLULAR_IRON_ION_HOMEOSTASIS	1.30320719227	0.008160083163701218	9
GO_DEVELOPMENTAL_CELL_GROWTH	1.16302953422	0.002923962589806826	14
GO_PROTEIN_SECRETION	0.992476044404	0.004189424349643994	17
GO_REGULATION_OF_VASODILATION	1.76780051602	0.00017869848275969558	11
GO_BIOMINERAL_TISSUE_DEVELOPMENT	1.6148669517	5.176745134217069e-05	15
GO_REGULATION_OF_CILIUM_MOVEMENT	2.09264020633	0.009626473275444258	4
GO_EPITHELIAL_CELL_MORPHOGENESIS	1.83372190897	2.660857247516271e-05	13
GO_EPIBOLY	1.89999512839	0.0014866524000768547	7
GO_UNSATURATED_FATTY_ACID_METABOLIC_PROCESS	1.82515989546	1.3237355192667658e-08	24
GO_TRANSCYTOSIS	2.26256520777	0.0019634467389136783	5
GO_INSEMINATION	2.45521028571	0.003173654168115746	4
GO_REGULATION_OF_STEM_CELL_DIFFERENTIATION	1.43249020921	1.0419959909791387e-06	27
GO_CELLULAR_RESPONSE_TO_INORGANIC_SUBSTANCE	0.978772241772	0.001098972648355945	23
GO_POSITIVE_REGULATION_OF_PHOSPHOLIPID_METABOLIC_PROCESS	1.76006486724	9.683645092056779e-05	12
GO_EPIDERMIS_DEVELOPMENT	0.732050491073	0.005704866814753649	27
GO_RESPONSE_TO_MAGNESIUM_ION	2.09264020633	0.000229230047062397	8
GO_RENAL_SYSTEM_PROCESS_INVOLVED_IN_REGULATION_OF_BLOOD_VOLUME	2.12506168402	0.0032921461383460283	5
GO_POSITIVE_REGULATION_OF_CELL_MATRIX_ADHESION	1.26256520777	0.009896400219169363	9
GO_POSITIVE_REGULATION_OF_RESPONSE_TO_WOUNDING	1.61723008907	7.057483931112175e-11	39
GO_CELL_MATURATION	0.955903869538	0.0034451942907282405	19
GO_POSITIVE_REGULATION_OF_IMMUNE_EFFECTOR_PROCESS	1.21525949299	8.096269087504273e-06	30
GO_PLATELET_ACTIVATION	1.23948159466	3.966864595477598e-06	31
GO_NEGATIVE_REGULATION_OF_WNT_SIGNALING_PATHWAY	0.695524615048	0.008020249102812904	27
GO_EMBRYONIC_DIGESTIVE_TRACT_DEVELOPMENT	2.02155710827	2.6676973477376322e-05	11
GO_ENDOCRINE_PROCESS	1.57450921409	0.002050130843992076	9
GO_ACTIN_FILAMENT_BASED_MOVEMENT	1.18856462633	0.0004542165242910086	19
GO_HEMOSTASIS	1.27484353755	7.480216756670116e-11	59
GO_LUNG_ALVEOLUS_DEVELOPMENT	1.89999512839	6.995594509301707e-06	14
GO_APPENDAGE_DEVELOPMENT	1.09264020633	0.00014530840125872514	26
GO_REGULATION_OF_TRANSCRIPTION_FACTOR_IMPORT_INTO_NUCLEUS	0.921528289937	0.010924778513174803	15
GO_PALATE_DEVELOPMENT	1.22074503208	0.0006768765796595131	17
GO_CELL_CELL_ADHESION_VIA_PLASMA_MEMBRANE_ADHESION_MOLECULES	1.33095218275	4.5800266577912895e-06	27
GO_SKIN_DEVELOPMENT	0.907722490412	0.0011657592618510189	26
GO_CELLULAR_RESPONSE_TO_EXTERNAL_STIMULUS	0.612311246799	0.006484607701667359	36
GO_WOUND_HEALING_SPREADING_OF_EPIDERMAL_CELLS	2.58449330266	0.0005220613729311684	5
GO_CELLULAR_TRANSITION_METAL_ION_HOMEOSTASIS	1.26256520777	0.0009975833790216455	15
GO_DEFENSE_RESPONSE_TO_FUNGUS	2.17510236652	0.00014012685520056758	8
GO_CELL_DIFFERENTIATION_INVOLVED_IN_METANEPHROS_DEVELOPMENT	2.09264020633	0.009626473275444258	4
GO_NEGATIVE_REGULATION_OF_OXIDOREDUCTASE_ACTIVITY	1.59960019505	0.010422923153848102	6
GO_NEGATIVE_REGULATION_OF_EPITHELIAL_CELL_MIGRATION	1.82646609297	1.7010944513565935e-06	17
GO_MUSCLE_TISSUE_DEVELOPMENT	1.10979492737	2.671370450116728e-07	47
GO_CARDIAC_MUSCLE_CELL_CONTRACTION	1.67760270705	0.002177694261893682	8
GO_POSITIVE_REGULATION_OF_TUMOR_NECROSIS_FACTOR_SUPERFAMILY_CYTOKINE_PRODUCTION	1.23508447135	0.0025476941508364914	13
GO_HUMORAL_IMMUNE_RESPONSE	1.79441637203	3.817150206227503e-10	30
GO_CELLULAR_RESPONSE_TO_MECHANICAL_STIMULUS	1.30320719227	0.00022306086803213965	18
GO_CELL_DIFFERENTIATION_INVOLVED_IN_KIDNEY_DEVELOPMENT	2.21525949299	1.0405153787941408e-07	15
GO_REGULATION_OF_TUMOR_NECROSIS_FACTOR_SUPERFAMILY_CYTOKINE_PRODUCTION	1.08422796651	0.001167596264581686	19
GO_ORGANONITROGEN_COMPOUND_CATABOLIC_PROCESS	0.559129237171	0.01048710807718655	37
GO_REGULATION_OF_HEART_RATE	1.23871846582	0.0011974732706712616	15
GO_PLACENTA_DEVELOPMENT	0.901817863994	0.0028306510830406273	22
GO_REGULATION_OF_LEUKOCYTE_CHEMOTAXIS	1.71367196176	1.1608881653787898e-08	27
GO_NEGATIVE_REGULATION_OF_BMP_SIGNALING_PATHWAY	1.49703046141	0.0018465271973932568	10
GO_PLASMA_LIPOPROTEIN_PARTICLE_CLEARANCE	2.26256520777	8.163921906439418e-05	8
GO_EPITHELIAL_TO_MESENCHYMAL_TRANSITION	1.47115182958	0.00048687833514300953	13
GO_REGULATION_OF_HEART_CONTRACTION	1.12870946104	4.690767544613358e-06	36
GO_POSITIVE_REGULATION_OF_PROTEIN_IMPORT	1.22861787585	0.00015382347946704556	21
GO_NITRIC_OXIDE_MEDIATED_SIGNAL_TRANSDUCTION	2.26256520777	0.0006729679517929102	6
GO_RESPONSE_TO_PHENYLPROPANOID	2.26256520777	0.005825246963739877	4
GO_MOVEMENT_IN_ENVIRONMENT_OF_OTHER_ORGANISM_INVOLVED_IN_SYMBIOTIC_INTERACTION	1.22074503208	0.0006768765796595131	17
GO_REGULATION_OF_TYROSINE_PHOSPHORYLATION_OF_STAT3_PROTEIN	1.45521028571	0.002347171959389245	10
GO_PATTERNING_OF_BLOOD_VESSELS	1.8296058005	0.00023432089754855262	10
GO_COLUMNAR_CUBOIDAL_EPITHELIAL_CELL_DIFFERENTIATION	1.35110188237	4.069419314705815e-05	21
GO_NEGATIVE_REGULATION_OF_MULTICELLULAR_ORGANISMAL_METABOLIC_PROCESS	2.38809608986	0.00036900745953870833	6
GO_TRANSMISSION_OF_NERVE_IMPULSE	1.56212548963	0.003829443409366552	8
GO_TRIGLYCERIDE_CATABOLIC_PROCESS	1.88405358452	0.007677426476988181	5
GO_ENDOTHELIUM_DEVELOPMENT	1.64107683103	6.96979103406096e-08	26
GO_NEGATIVE_REGULATION_OF_ANTIGEN_RECEPTOR_MEDIATED_SIGNALING_PATHWAY	1.82199261639	0.0021439290575612853	7
GO_REGULATION_OF_STEROID_METABOLIC_PROCESS	1.13011491175	0.005005912069368793	13
GO_REGULATION_OF_NEURAL_PRECURSOR_CELL_PROLIFERATION	1.20367151872	0.004449522276341918	12
GO_POSITIVE_REGULATION_OF_NEURON_PROJECTION_DEVELOPMENT	0.990760592311	1.3174650897305089e-05	41
GO_OSTEOCLAST_DIFFERENTIATION	1.45521028571	0.0063111200154822135	8
GO_SUBSTRATE_ADHESION_DEPENDENT_CELL_SPREADING	1.96000243775	1.7666216982212426e-06	15
GO_REGULATION_OF_ENDOCYTOSIS	1.36827464894	9.59166886895948e-10	46
GO_AROMATIC_AMINO_ACID_FAMILY_CATABOLIC_PROCESS	1.7771383806	0.010931683694668052	5
GO_RESPONSE_TO_REACTIVE_OXYGEN_SPECIES	1.10569635916	5.165721254758687e-06	37
GO_SPROUTING_ANGIOGENESIS	1.84752770849	5.605798094624029e-06	15
GO_MUSCLE_CONTRACTION	1.30231138656	4.720773384782771e-09	46
GO_REGULATION_OF_VASCULAR_ENDOTHELIAL_GROWTH_FACTOR_PRODUCTION	1.72651230753	0.0004579394132750591	10
GO_RESPONSE_TO_YEAST	2.09264020633	0.009626473275444258	4
GO_SEMAPHORIN_PLEXIN_SIGNALING_PATHWAY	1.83372190897	2.660857247516271e-05	13
GO_REGULATION_OF_LYMPHOCYTE_MEDIATED_IMMUNITY	0.890596430385	0.008727406099395643	17
GO_POSITIVE_REGULATION_OF_NEURAL_PRECURSOR_CELL_PROLIFERATION	1.48495762911	0.009257022390728346	7
GO_SALIVARY_GLAND_DEVELOPMENT	1.67760270705	0.0011621483767756224	9
GO_REGULATION_OF_CELLULAR_EXTRAVASATION	1.59960019505	0.010422923153848102	6
GO_NEGATIVE_REGULATION_OF_CELLULAR_RESPONSE_TO_GROWTH_FACTOR_STIMULUS	1.38809608986	2.0094001755694946e-06	27
GO_POSITIVE_REGULATION_OF_CATION_TRANSMEMBRANE_TRANSPORT	1.01463769433	0.004594596235579972	16
GO_REGULATION_OF_INTERLEUKIN_6_PRODUCTION	1.04017278644	0.0022334945736204115	18
GO_NEGATIVE_REGULATION_OF_CELL_MORPHOGENESIS_INVOLVED_IN_DIFFERENTIATION	1.46233472015	2.594162438859984e-07	29
GO_GLANDULAR_EPITHELIAL_CELL_DIFFERENTIATION	1.73205049107	0.000852872550365522	9
GO_SENSORY_PERCEPTION_OF_PAIN	1.64785536366	2.1248816270714643e-05	16
GO_REGULATION_OF_CATENIN_IMPORT_INTO_NUCLEUS	1.48495762911	0.009257022390728346	7
GO_NEUTROPHIL_ACTIVATION_INVOLVED_IN_IMMUNE_RESPONSE	2.41456830122	0.0010737140736553292	5
GO_REGULATION_OF_HEART_RATE_BY_CARDIAC_CONDUCTION	1.54635817377	0.00719221835320092	7
GO_RESPONSE_TO_KETONE	0.793079924471	0.0037117989163089433	26
GO_POSITIVE_REGULATION_OF_LIPID_KINASE_ACTIVITY	2.02155710827	2.6676973477376322e-05	11
GO_REGULATION_OF_PROTEIN_AUTOPHOSPHORYLATION	1.76780051602	0.00017869848275969558	11
GO_REGULATION_OF_MONOCYTE_CHEMOTAXIS	1.98245728858	0.0009976548182991847	7
GO_CELL_FATE_COMMITMENT	0.835143984038	0.0014340539172257396	29
GO_MUSCLE_CELL_DIFFERENTIATION	0.893331398106	0.00018328477387843028	36
GO_POSITIVE_REGULATION_OF_CYCLIC_NUCLEOTIDE_METABOLIC_PROCESS	1.0609313466	0.004349466148823307	15
GO_POSITIVE_REGULATION_OF_LIPASE_ACTIVITY	1.50767770561	8.085313776297858e-05	16
GO_ENDODERM_FORMATION	1.6054529213	0.00017473661031306998	13
GO_POSITIVE_REGULATION_OF_VASCULAR_ENDOTHELIAL_GROWTH_FACTOR_RECEPTOR_SIGNALING_PATHWAY	1.84752770849	0.004041138242602189	6
GO_REGULATION_OF_ENDOTHELIAL_CELL_APOPTOTIC_PROCESS	1.63453398516	0.0004498918552660101	11
GO_POSITIVE_REGULATION_OF_STRESS_ACTIVATED_PROTEIN_KINASE_SIGNALING_CASCADE	1.1120055312	0.00015445857746453125	25
GO_RETINA_VASCULATURE_DEVELOPMENT_IN_CAMERA_TYPE_EYE	2.67760270705	2.7050907009728445e-07	10
GO_REGULATION_OF_SYSTEMIC_ARTERIAL_BLOOD_PRESSURE_MEDIATED_BY_A_CHEMICAL_SIGNAL	1.40458421264	0.007934353985400603	8
GO_GASTRULATION	1.12740562449	5.234999601689859e-05	28
GO_APICAL_JUNCTION_ASSEMBLY	1.41456830122	0.002951131996216615	10
GO_TERPENOID_METABOLIC_PROCESS	1.44440353076	3.537607025119473e-05	19
GO_RESPONSE_TO_INTERLEUKIN_6	1.61048851119	0.005489025491969113	7
GO_EMBRYONIC_DIGESTIVE_TRACT_MORPHOGENESIS	1.7771383806	0.010931683694668052	5
GO_REGULATION_OF_AXON_GUIDANCE	1.99953080194	1.1621313299638846e-06	15
GO_NEGATIVE_REGULATION_OF_ORGAN_GROWTH	1.67760270705	0.007808503965560312	6
GO_HIGH_DENSITY_LIPOPROTEIN_PARTICLE_REMODELING	2.26256520777	0.0019634467389136783	5
GO_NEGATIVE_REGULATION_OF_LEUKOCYTE_MIGRATION	1.73900325172	0.0015960132384116748	8
GO_NEGATIVE_REGULATION_OF_AXON_EXTENSION	1.49703046141	0.0018465271973932568	10
GO_REGULATION_OF_ACUTE_INFLAMMATORY_RESPONSE	2.11370182186	2.4558501042687217e-10	23
GO_NEGATIVE_REGULATION_OF_CHEMOTAXIS	1.84752770849	5.605798094624029e-06	15
GO_CELL_SUBSTRATE_ADHESION	1.69778058899	4.280611426385189e-14	48
GO_POSITIVE_REGULATION_OF_VASCULAR_ENDOTHELIAL_GROWTH_FACTOR_PRODUCTION	1.84752770849	0.00043265119128064507	9
GO_VASCULAR_ENDOTHELIAL_GROWTH_FACTOR_SIGNALING_PATHWAY	2.62513528716	1.747172446488294e-06	9
GO_POSITIVE_REGULATION_OF_CALCIUM_MEDIATED_SIGNALING	1.5400991833	0.001435752096765947	10
GO_CYCLIC_NUCLEOTIDE_MEDIATED_SIGNALING	1.30320719227	0.008160083163701218	9
GO_NEGATIVE_REGULATION_OF_EPITHELIAL_CELL_DIFFERENTIATION	1.94063711288	2.270923869489498e-05	12
GO_REGULATION_OF_EPITHELIAL_TO_MESENCHYMAL_TRANSITION	1.65251172609	3.471639706425039e-06	19
GO_OUTER_DYNEIN_ARM_ASSEMBLY	2.26256520777	0.005825246963739877	4
GO_LYMPH_VESSEL_DEVELOPMENT	2.67760270705	1.6134222501408315e-08	12
GO_SEMAPHORIN_PLEXIN_SIGNALING_PATHWAY_INVOLVED_IN_NEURON_PROJECTION_GUIDANCE	2.14708799035	0.0011398856572407015	6
GO_NEPHRON_DEVELOPMENT	1.94063711288	4.184673464888642e-14	38
GO_RENAL_FILTRATION	2.84752770849	2.9532577184367064e-05	6
GO_CHONDROCYTE_DEVELOPMENT	1.76006486724	0.005701220110219266	6
GO_RESPONSE_TO_COPPER_ION	1.54635817377	0.00719221835320092	7
GO_SEX_DIFFERENTIATION	0.888440901759	0.0001326053916959122	38
GO_EXTRACELLULAR_FIBRIL_ORGANIZATION	2.26256520777	0.0006729679517929102	6
GO_PLATELET_DEGRANULATION	2.09264020633	3.767690393857958e-15	36
GO_NEGATIVE_REGULATION_OF_RESPONSE_TO_WOUNDING	1.43765191433	2.512749209383046e-08	35
GO_RESPONSE_TO_VITAMIN	1.20671197304	0.00038320352369539714	19
GO_REGULATION_OF_DENDRITE_DEVELOPMENT	0.968382103368	0.0019435618619438153	21
GO_ENDOCHONDRAL_BONE_MORPHOGENESIS	1.41456830122	0.002951131996216615	10
GO_POSITIVE_REGULATION_OF_PHOSPHOLIPASE_ACTIVITY	1.47115182958	0.00048687833514300953	13
GO_DEVELOPMENTAL_MATURATION	0.940637112885	0.0004241392264637091	29
GO_EPITHELIAL_CELL_PROLIFERATION	1.30103935559	0.00015409302977408563	19
GO_VENTRICULAR_CARDIAC_MUSCLE_CELL_ACTION_POTENTIAL	1.99953080194	0.005162987700188683	5
GO_RESPONSE_TO_PROTOZOAN	1.59960019505	0.010422923153848102	6
GO_REGULATION_OF_CHOLESTEROL_STORAGE	2.12506168402	0.0032921461383460283	5
GO_BICELLULAR_TIGHT_JUNCTION_ASSEMBLY	1.40458421264	0.007934353985400603	8
GO_POSITIVE_REGULATION_OF_SMOOTH_MUSCLE_CONTRACTION	1.59960019505	0.010422923153848102	6
GO_REGULATION_OF_CELL_PROJECTION_ASSEMBLY	1.16945580338	1.580497347548832e-05	30
GO_INTEGRIN_MEDIATED_SIGNALING_PATHWAY	1.71507741247	2.109226640338855e-08	26
GO_NEURON_MIGRATION	1.12120935853	0.0015440679133712518	17
GO_ETHANOL_METABOLIC_PROCESS	2.09264020633	0.009626473275444258	4
GO_POSITIVE_REGULATION_OF_PATHWAY_RESTRICTED_SMAD_PROTEIN_PHOSPHORYLATION	1.89999512839	6.995594509301707e-06	14
GO_ENDODERM_DEVELOPMENT	1.42967519361	0.0001640938193613375	16
GO_CAMERA_TYPE_EYE_MORPHOGENESIS	0.979631244501	0.007515744480837535	15
GO_REGULATION_OF_FAT_CELL_DIFFERENTIATION	0.92376329432	0.0069106536548313394	17
GO_ANTERIOR_POSTERIOR_PATTERN_SPECIFICATION	0.962170274434	0.0005160031485743634	27
GO_POSITIVE_REGULATION_OF_CELL_CELL_ADHESION	0.752370475453	0.0019170172991142724	33
GO_NEGATIVE_REGULATION_OF_PROTEIN_SERINE_THREONINE_KINASE_ACTIVITY	0.847527708493	0.0054972125244324745	21
GO_BRANCHING_MORPHOGENESIS_OF_AN_EPITHELIAL_TUBE	1.61048851119	7.603705757774907e-10	35
GO_GLIOGENESIS	0.760064867243	0.006914152961790406	24
GO_LUNG_CELL_DIFFERENTIATION	1.54635817377	0.00719221835320092	7
GO_RESPONSE_TO_TRANSITION_METAL_NANOPARTICLE	0.967109324246	0.001555959165000353	22
GO_PEPTIDE_CROSS_LINKING	1.73900325172	0.0015960132384116748	8
GO_REGULATION_OF_NF_KAPPAB_IMPORT_INTO_NUCLEUS	1.51254346078	0.0010026710493626378	11
GO_EXOCRINE_SYSTEM_DEVELOPMENT	1.41456830122	0.002951131996216615	10
GO_B_CELL_RECEPTOR_SIGNALING_PATHWAY	1.89999512839	6.995594509301707e-06	14
GO_EXTRACELLULAR_STRUCTURE_ORGANIZATION	1.99486942457	1.0268941615192173e-37	103
GO_KIDNEY_MORPHOGENESIS	1.45521028571	5.056524963007407e-05	18
GO_MORPHOGENESIS_OF_AN_ENDOTHELIUM	1.84752770849	0.004041138242602189	6
