node	log2fold	underenrichment_p_value	node_size
GO_CELL_CYCLE_PHASE_TRANSITION	-1.60779951181	5.622652262862524e-05	8
GO_TRANSLATIONAL_INITIATION	-3.79271722773	6.904523271597035e-06	1
GO_DNA_REPLICATION	-2.28432925212	1.180850201242186e-05	4
GO_PROTEIN_MODIFICATION_BY_SMALL_PROTEIN_REMOVAL	-3.36679141231	0.0002264590728076749	1
GO_PROTEIN_POLYUBIQUITINATION	-2.19686641087	2.9967738870960795e-06	5
GO_PROTEIN_DNA_COMPLEX_SUBUNIT_ORGANIZATION	-2.28175530845	0.00016706881080839442	3
GO_PROTEIN_SUMOYLATION	-3.4098601342	0.00016702896677441573	1
GO_RNA_MODIFICATION	-3.29202364391	0.0003754068514071253	1
GO_PROTEIN_LOCALIZATION_TO_ENDOPLASMIC_RETICULUM	-3.58292484317	4.427382296877243e-05	1
GO_MACROMOLECULAR_COMPLEX_DISASSEMBLY	-2.09498679685	9.183802000280243e-05	4
GO_GENE_SILENCING_BY_RNA	-3.18037828808	0.0007584743308944411	1
GO_MEMBRANE_BUDDING	-3.4098601342	0.00016702896677441573	1
GO_TRANSLATIONAL_ELONGATION	-3.4098601342	0.00016702896677441573	1
GO_PROTEASOMAL_PROTEIN_CATABOLIC_PROCESS	-2.67407273123	5.279949560059685e-08	4
GO_REGULATION_OF_PROTEIN_MODIFICATION_BY_SMALL_PROTEIN_CONJUGATION_OR_REMOVAL	-1.24378745825	0.00042318301354571353	11
GO_REGULATION_OF_SIGNAL_TRANSDUCTION_BY_P53_CLASS_MEDIATOR	-2.30221941101	0.00013934036052490358	3
GO_DNA_RECOMBINATION	-4.17206301986	1.0453788139971135e-07	1
GO_NUCLEAR_EXPORT	-2.74866204765	8.39882390795985e-05	2
GO_REGULATION_OF_LIGASE_ACTIVITY	-3.60779951181	3.605250640827883e-05	1
GO_MEIOTIC_CELL_CYCLE_PROCESS	-2.45168030989	0.0008157630067152259	2
GO_DNA_INTEGRITY_CHECKPOINT	-2.09498679685	0.0007625743654027631	3
GO_RNA_CATABOLIC_PROCESS	-4.36679141231	7.378975960164284e-09	1
GO_MITOCHONDRIAL_TRANSPORT	-2.27141336423	0.0001828997575040224	3
GO_NUCLEIC_ACID_PHOSPHODIESTER_BOND_HYDROLYSIS	-2.85983142359	2.4757816865816395e-07	3
GO_CELL_CYCLE_CHECKPOINT	-2.50120044574	2.0094975108311456e-05	3
GO_MACROMOLECULE_METHYLATION	-3.91734388224	1.9795754587867087e-06	1
GO_GENE_SILENCING	-2.66817212979	0.00016426563398644171	2
GO_NUCLEOBASE_CONTAINING_COMPOUND_TRANSPORT	-3.09498679685	2.7271130963021013e-06	2
GO_NUCLEUS_ORGANIZATION	-2.55761375464	0.00038567353207869047	2
GO_RNA_SPLICING_VIA_TRANSESTERIFICATION_REACTIONS	-4.6562980295	6.646745599868991e-11	1
