set_1_name	set_2_name	background_genes	set_1_total_genes	set_2_total_genes	set 1_unique_gene	set_2_unique_genes	overlapping_genes	fold enrichment	p_value
KO vs WT	KO_RESCUE vs KO	17831	2786	3366	609	1189	2177	2.04942668241	0.0
KO_vs_WT_up	KO_RESCUE_vs_KO_up	17831	2190	573	2186	569	4	-4.13700648909	1.0
KO_vs_WT_up	KO_RESCUE_vs_KO_down	17831	2190	2793	332	935	1858	2.43731976777	0.0
KO_vs_WT_down	KO_RESCUE_vs_KO_up	17831	596	573	290	267	306	3.99792798763	0.0
KO_vs_WT_down	KO_RESCUE_vs_KO_down	17831	596	2793	587	2784	9	-3.37474338314	1.0
