gene_set	genes_in_background	candidate_genes	gene_set_genes	overlapping_genes	log2_fold_enrichment	enrichment_p_value	enrichment_p.BH_value	underenrichment_p_value	underenrichment_p.BH_value	overlapping_gene_names
GO_TRANSLATIONAL_INITIATION	17831	2786	133	3	-2.79219948323	0.9999999534280961	1.0	3.9670952690346206e-07	8.433209364016227e-05	DDX3Y,EIF4E3,EIF4EBP1
GO_DNA_REPLICATION	17831	2786	187	9	-1.69884900689	0.9999991712687493	1.0	3.203443453428553e-06	0.00043129027027993084	ACHE,CCDC88A,CCNE1,DBF4,DTL,IGF1,NFIB,NFIX,POLH
GO_PROTEIN_MODIFICATION_BY_SMALL_PROTEIN_REMOVAL	17831	2786	99	2	-2.95123616853	0.9999990828503517	1.0	8.859819240181623e-06	0.0008728002417339897	USP28,USP44
GO_PROTEIN_POLYUBIQUITINATION	17831	2786	220	13	-1.40279954383	0.9999975906923473	1.0	7.481665580038737e-06	0.000795222296783591	CBLB,DDB2,DTL,LONRF1,NEDD4,RNF138,RNF144B,RNF165,RNF180,RNF217,SASH1,SKP2,UBE2E2
GO_CELLULAR_RESPIRATION	17831	2786	125	6	-1.70270133239	0.9999629572259701	1.0	0.00014605673620490082	0.00951488963760636	COX4I2,GPD1,IDH1,MDH1B,SLC1A3,SLC25A13
GO_PROTEIN_DNA_COMPLEX_SUBUNIT_ORGANIZATION	17831	2786	140	7	-1.64380764333	0.99997826439103	1.0	8.170290184651818e-05	0.005689621044104948	CENPA,CENPH,DACH2,DDB2,NFE2,SMARCD3,TCF4
GO_PROTEIN_SUMOYLATION	17831	2786	102	4	-1.99430489042	0.999963012867102	1.0	0.00018154636388489402	0.010783320054868926	BCL11A,BIRC5,CDCA8,IFIH1
GO_POSITIVE_REGULATION_OF_LIGASE_ACTIVITY	17831	2786	99	2	-2.95123616853	0.9999990828503517	1.0	8.859819240181623e-06	0.0008728002417339897	PLK1,TRIB3
GO_RNA_MODIFICATION	17831	2786	94	2	-2.87646840012	0.9999979484613133	1.0	1.8859709674991404e-05	0.0016207312207934103	ADARB1,RBM47
GO_PROTEIN_LOCALIZATION_TO_ENDOPLASMIC_RETICULUM	17831	2786	115	2	-3.16736959939	0.9999999313789597	1.0	7.658506482948646e-07	0.00012905868806540777	KDELR3,SEC16B
GO_MACROMOLECULAR_COMPLEX_DISASSEMBLY	17831	2786	164	7	-1.87207663101	0.9999990980555155	1.0	3.9659257199043485e-06	0.000500574186959177	CAV1,DNAJC6,FRAT2,FZD1,KIF18B,NFE2,SMARCD3
GO_TELOMERE_ORGANIZATION	17831	2786	74	2	-2.53133291408	0.9999502055535148	1.0	0.00036496375559056857	0.01992011633554468	HSPA1A,PIF1
GO_PROTEIN_ALKYLATION	17831	2786	82	3	-2.09446905234	0.9998869943353765	1.0	0.0006041474230985594	0.030125326443149154	IRF4,PRDM6,SATB1
GO_NEGATIVE_REGULATION_OF_PROTEIN_MODIFICATION_BY_SMALL_PROTEIN_CONJUGATION_OR_REMOVAL	17831	2786	126	7	-1.49180454989	0.9998710594211013	1.0	0.0004370314717334968	0.022924287199111607	CAPN3,CAV1,GCLC,HFE,HSPA1A,ISG15,USP44
GO_GENE_SILENCING_BY_RNA	17831	2786	87	1	-3.7648230443	0.999999633686316	1.0	6.302438960673251e-06	0.0007273014560616933	WTIP
GO_DNA_CONFORMATION_CHANGE	17831	2786	174	9	-1.59489804285	0.9999956381749184	1.0	1.568493661340149e-05	0.0014078101995895248	ANXA1,CDCA5,CENPA,CENPH,DDB2,DFFB,NCAPG,PIF1,TTN
GO_GOLGI_ORGANIZATION	17831	2786	79	3	-2.0406977959	0.9998242105663433	1.0	0.0009072780825195403	0.04261042064298167	KIFC3,OBSL1,RAB30
GO_COFACTOR_BIOSYNTHETIC_PROCESS	17831	2786	137	8	-1.41991163141	0.9998822547726813	1.0	0.0003773429047489675	0.020321173230414397	ACOT1,ACOT2,ELOVL7,HAAO,KMO,KYNU,ME1,NMNAT2
GO_MRNA_3_END_PROCESSING	17831	2786	66	1	-3.3662736678	0.9999867995723108	1.0	0.0001752326308026016	0.010670550968581327	APP
GO_MEMBRANE_BUDDING	17831	2786	102	5	-1.67237679553	0.9998184536671726	1.0	0.0007088683070673127	0.03408475109815329	AREG,CTSC,CTSZ,F5,SEC16B
GO_CELLULAR_PROTEIN_COMPLEX_DISASSEMBLY	17831	2786	114	2	-3.15476956261	0.9999999192568287	1.0	8.935733197095868e-07	0.0001349293307602715	DNAJC6,KIF18B
GO_NUCLEOTIDE_EXCISION_REPAIR	17831	2786	105	2	-3.03612506611	0.9999996521822188	1.0	3.5557022129116256e-06	0.0004632735883209695	DDB2,NEIL3
GO_MITOTIC_CELL_CYCLE_CHECKPOINT	17831	2786	121	7	-1.43338786366	0.9997604205114399	1.0	0.0007805534115415487	0.03709006152019194	CCND1,CDKN1A,DGKZ,MUC1,NEK11,PLAGL1,PLK1
GO_POSITIVE_REGULATION_OF_PROTEIN_MODIFICATION_BY_SMALL_PROTEIN_CONJUGATION_OR_REMOVAL	17831	2786	174	10	-1.44289494941	0.9999843150928718	1.0	5.055015272163149e-05	0.003852303147974898	ANGPT1,CAV1,CLU,MAPK15,PLK1,PTK2,RNF180,SKP2,SPHK1,TRIB3
GO_REGULATION_OF_PROTEIN_UBIQUITINATION_INVOLVED_IN_UBIQUITIN_DEPENDENT_PROTEIN_CATABOLIC_PROCESS	17831	2786	95	4	-1.89173515678	0.9999002352776258	1.0	0.00045736272591746134	0.02368318012795675	CLU,HFE,PLK1,PTK2
GO_TRANSLATIONAL_ELONGATION	17831	2786	102	1	-3.99430489042	0.9999999717983012	1.0	5.651009858297078e-07	0.00010374740371664499	EEF2K
GO_PROTEASOMAL_PROTEIN_CATABOLIC_PROCESS	17831	2786	245	8	-2.25851748745	0.9999999999873923	1.0	3.3119342547769833e-10	1.9109860650063192e-07	CCNF,FBXO36,NR1D1,PLK1,RNF165,SKP2,USP44,WWTR1
GO_REGULATION_OF_PROTEIN_MODIFICATION_BY_SMALL_PROTEIN_CONJUGATION_OR_REMOVAL	17831	2786	250	17	-1.20020099186	0.9999935587413771	1.0	1.7195223061015812e-05	0.001509815346596584	ANGPT1,CAPN3,CAV1,CLU,GCLC,HFE,HSPA1A,ISG15,MAPK15,PLK1,PTK2,RNF180,SASH1,SKP2,SPHK1,TRIB3,USP44
GO_REGULATION_OF_SIGNAL_TRANSDUCTION_BY_P53_CLASS_MEDIATOR	17831	2786	142	3	-2.88666416723	0.9999999887086006	1.0	1.027942076470117e-07	2.7679053645752015e-05	CD74,MSX1,MUC1
GO_DNA_RECOMBINATION	17831	2786	173	7	-1.94915285403	0.9999997359465735	1.0	1.2247528159500058e-06	0.00017667059370078835	KDM4D,LEF1,PIF1,RNF138,SPO11,SWAP70,TCF7
GO_REGULATION_OF_MRNA_METABOLIC_PROCESS	17831	2786	102	1	-3.99430489042	0.9999999717983012	1.0	5.651009858297078e-07	0.00010374740371664499	HSPA1A
GO_NUCLEAR_EXPORT	17831	2786	129	2	-3.33310680387	0.9999999930514668	1.0	8.709151935999456e-08	2.6946127572959127e-05	DUSP16,LZTS2
GO_VACUOLE_ORGANIZATION	17831	2786	136	7	-1.60198746764	0.9999636191124717	1.0	0.00013290422581879074	0.008800002755444193	ANXA8,ATG4C,ATG9B,EEA1,MYO7A,RAB34,SYT7
GO_DNA_BIOSYNTHETIC_PROCESS	17831	2786	101	4	-1.9800910312	0.9999573438469073	1.0	0.00020739547874505833	0.011966719123589866	DNTT,DTL,ISG15,POLH
GO_REGULATION_OF_LIGASE_ACTIVITY	17831	2786	117	3	-2.60728176731	0.9999994377294896	1.0	4.227224692831332e-06	0.0005173866828589621	PLK1,TRIB3,USP44
GO_REGULATION_OF_RNA_STABILITY	17831	2786	123	7	-1.45703913173	0.9998127981044174	1.0	0.0006197372023027358	0.030525836098789637	HSPA1A,HSPB1,RBM24,SCGB1A1,SLC11A1,TNFSF13,ZC3H12D
GO_ANAPHASE_PROMOTING_COMPLEX_DEPENDENT_CATABOLIC_PROCESS	17831	2786	72	2	-2.49180454989	0.99993172403317	1.0	0.00048773354794602185	0.02493614936903775	PLK1,SKP2
GO_RNA_3_END_PROCESSING	17831	2786	85	1	-3.73127048458	0.9999994845231495	1.0	8.675402499457279e-06	0.0008728002417339897	APP
GO_RRNA_METABOLIC_PROCESS	17831	2786	230	1	-5.16736959939	1.0	1.0	3.595807804410197e-16	7.261733861006393e-13	RBFA
GO_REGULATION_OF_RNA_SPLICING	17831	2786	84	2	-2.71419697123	0.9999898236194728	1.0	8.405765154993098e-05	0.005754387366274089	AFF2,HSPA1A
GO_PROTEIN_LOCALIZATION_TO_MITOCHONDRION	17831	2786	55	1	-3.10323926197	0.9999138620839387	1.0	0.0009665938946371881	0.04436446295954094	HK2
GO_METHYLATION	17831	2786	192	12	-1.32187954845	0.9999803044992951	1.0	5.793845180493779e-05	0.00433358160815081	AS3MT,GAMT,GNMT,GSTO1,HNMT,INMT,IRF4,MGMT,NNMT,OCLN,PRDM6,SATB1
GO_NCRNA_TRANSCRIPTION	17831	2786	76	1	-3.56980706189	0.9999976036161752	1.0	3.629114808480286e-05	0.0028741166100886032	ANG
GO_RNA_CATABOLIC_PROCESS	17831	2786	198	1	-4.95123616853	1.0	1.0	7.650679612655192e-14	1.030036498517144e-10	RNASE6
GO_MITOCHONDRIAL_TRANSPORT	17831	2786	139	6	-1.85585812045	0.9999943477121287	1.0	2.4733994436521724e-05	0.002038787827124719	HK2,HSPA1A,MPV17L,SLC1A3,SLC25A13,UCP3
GO_NUCLEIC_ACID_PHOSPHODIESTER_BOND_HYDROLYSIS	17831	2786	209	10	-1.70731058564	0.9999998021574982	1.0	7.668750962044532e-07	0.00012905868806540777	ANG,CASP3,DDB2,DFFB,ENPP1,N4BP2,RNASE4,RNASE6,SPO11,ZC3H12D
GO_CELL_CYCLE_CHECKPOINT	17831	2786	163	10	-1.34867960779	0.9999421201030494	1.0	0.00017475676059781098	0.010670550968581327	BIRC5,CCND1,CDKN1A,DGKZ,DTL,MUC1,NEK11,PLAGL1,PLK1,USP28
GO_RNA_LOCALIZATION	17831	2786	154	3	-3.00370358842	0.9999999983390673	1.0	1.6668109120669898e-08	7.480276970931746e-06	KIF5C,MX2,SIDT1
GO_OXIDATIVE_PHOSPHORYLATION	17831	2786	74	1	-3.53133291408	0.9999966287058096	1.0	4.9794485001468984e-05	0.003852303147974898	COX4I2
GO_MACROMOLECULE_METHYLATION	17831	2786	145	4	-2.50178863846	0.9999999346755769	1.0	4.518281854309516e-07	9.124670204778067e-05	IRF4,MGMT,PRDM6,SATB1
GO_RNA_PHOSPHODIESTER_BOND_HYDROLYSIS	17831	2786	98	3	-2.35162689184	0.999989690889141	1.0	6.532021919074083e-05	0.00462856781248074	ANG,RNASE4,RNASE6
GO_REGULATION_OF_GENE_EXPRESSION_EPIGENETIC	17831	2786	143	6	-1.8967883845	0.9999967278890007	1.0	1.4724588252180037e-05	0.0013830839988501202	IGF2,KCNQ1,KLF2,PADI2,SPI1,WTIP
GO_GENE_SILENCING	17831	2786	122	2	-3.25261688601	0.9999999780828184	1.0	2.5911168828235407e-07	6.1561888763084e-05	KCNQ1,WTIP
GO_DOUBLE_STRAND_BREAK_REPAIR	17831	2786	128	3	-2.73691704773	0.9999998981947411	1.0	8.35222716139818e-07	0.0001349293307602715	CDCA5,KDM4D,RNF138
GO_NUCLEOBASE_CONTAINING_COMPOUND_TRANSPORT	17831	2786	164	6	-2.09446905234	0.9999998250209641	1.0	9.019786904004284e-07	0.0001349293307602715	GJA1,KIF5C,MX2,SIDT1,SLC25A23,SLC28A2
GO_DNA_DEPENDENT_DNA_REPLICATION	17831	2786	86	1	-3.74814430315	0.9999995654530378	1.0	7.394816679634796e-06	0.000795222296783591	CCNE1
GO_NUCLEUS_ORGANIZATION	17831	2786	113	5	-1.82013041597	0.9999589407095131	1.0	0.0001770059209940453	0.010670550968581327	CCNB2,CEP55,DMPK,LMNA,PLK1
GO_RNA_SPLICING_VIA_TRANSESTERIFICATION_REACTIONS	17831	2786	242	1	-5.24074278572	1.0	1.0	4.7797671269897594e-17	1.9305479425911637e-13	RBPMS
