gene_set	genes_in_background	candidate_genes	gene_set_genes	overlapping_genes	log2_fold_enrichment	enrichment_p_value	enrichment_p.BH_value	underenrichment_p_value	underenrichment_p.BH_value	overlapping_gene_names
GO_TRANSLATIONAL_INITIATION	17831	3366	133	2	-3.65000190268	0.9999999999837748	1.0	3.7909801552210085e-10	1.9139711058672067e-07	EIF4E3,RPL21
GO_NUCLEAR_TRANSCRIBED_MRNA_CATABOLIC_PROCESS_NONSENSE_MEDIATED_DECAY	17831	3366	113	1	-4.41489842959	1.0	1.0	1.3690888683202276e-09	5.02704539922309e-07	RPL21
GO_TRNA_PROCESSING	17831	3366	95	1	-4.16457507551	0.9999999978240052	1.0	5.123851036501542e-08	1.0347617168214864e-05	TSEN34
GO_PROTEIN_MODIFICATION_BY_SMALL_PROTEIN_REMOVAL	17831	3366	99	6	-1.63911358653	0.9999392990595127	1.0	0.0002357038247830276	0.015606684398338498	TNFAIP3,UCHL1,USP27X,USP28,USP43,USP44
GO_PROTEIN_POLYUBIQUITINATION	17831	3366	220	14	-1.56872425864	0.9999999778346998	1.0	7.93208984918111e-08	1.3929439522105436e-05	DTL,FBXO2,HECTD2,NEDD4,NHLRC1,RNF144A,RNF144B,RNF180,RNF217,SASH1,SPSB1,TNFAIP3,TRIM6,UBE2C
GO_NUCLEOSIDE_MONOPHOSPHATE_METABOLIC_PROCESS	17831	3366	200	21	-0.846258234171	0.9995931496178774	1.0	0.0008547373950447078	0.04262079430352562	ADK,ADSSL1,AK1,AMPD1,ATP1A2,ATP1B1,ATP6V0A1,CHCHD10,COX4I2,ENO2,ENO3,ENO4,FIGNL1,HK3,HSPA1A,HSPA1B,PFKFB4,SHMT1,SNCA,UPP1,UPP2
GO_CELLULAR_RESPIRATION	17831	3366	125	7	-1.75314882978	0.9999961092515774	1.0	1.6215107379256436e-05	0.0017700761812112634	COX4I2,GPD1,IDH1,MDH1B,NFATC4,SLC1A3,SNCA
GO_PROTEIN_SUMOYLATION	17831	3366	102	6	-1.68218230843	0.9999626636216286	1.0	0.00014930733687804456	0.010964587884553127	AURKB,BCL11A,BIRC5,CDCA8,IFIH1,TOP2A
GO_POSITIVE_REGULATION_OF_LIGASE_ACTIVITY	17831	3366	99	7	-1.4167211652	0.9997642961843778	1.0	0.0007792318527658028	0.04035022376052663	ARRDC4,BUB1B,CCNB1,CDC20,CDK1,PLK1,UBE2C
GO_RNA_MODIFICATION	17831	3366	94	1	-4.14930831885	0.9999999972945466	1.0	6.259846383157053e-08	1.1711377123940478e-05	ADARB1
GO_PROTEIN_LOCALIZATION_TO_ENDOPLASMIC_RETICULUM	17831	3366	115	2	-3.44020951812	0.9999999990954366	1.0	1.2688775419411719e-08	3.014703759941408e-06	KDELR3,RPL21
GO_MACROMOLECULAR_COMPLEX_DISASSEMBLY	17831	3366	164	12	-1.36730897107	0.9999926360982625	1.0	2.2923261778118202e-05	0.002316199834101175	AKAP5,CAV1,DSTN,FZD1,FZD2,KIF14,KIF18B,KIF2C,MICAL2,NFE2,SMARCD3,WNT1
GO_TELOMERE_ORGANIZATION	17831	3366	74	4	-1.8041728328	0.999818546916413	1.0	0.0008082945511243172	0.0408181148899341	HSPA1A,NBN,PIF1,RAD51
GO_PROTEIN_ALKYLATION	17831	3366	82	5	-1.63034337691	0.9997769927680755	1.0	0.0008706368549170162	0.04288417386597352	BTG2,IRF4,MECOM,PRDM6,SATB1
GO_ESTABLISHMENT_OF_PROTEIN_LOCALIZATION_TO_ENDOPLASMIC_RETICULUM	17831	3366	98	1	-4.20942931129	0.9999999988347281	1.0	2.8080170410406765e-08	6.300878238201829e-06	RPL21
GO_GENE_SILENCING_BY_RNA	17831	3366	87	4	-2.03766296302	0.9999812056098636	1.0	9.790405907709626e-05	0.007604509511776765	PIWIL4,TDRD9,WTIP,ZFP36
GO_RIBOSOME_ASSEMBLY	17831	3366	47	1	-3.14930831885	0.9999470860760125	1.0	0.0006334735801371972	0.03457567284019108	MDN1
GO_COFACTOR_BIOSYNTHETIC_PROCESS	17831	3366	137	9	-1.52282654869	0.9999903199391	1.0	3.399996298258904e-05	0.0031210420565153892	ACOT1,ALAS2,HAAO,KMO,KYNU,ME1,NMNAT2,PCBD1,PPT2
GO_MRNA_3_END_PROCESSING	17831	3366	66	1	-3.63911358653	0.999999019992281	1.0	1.6099103745119743e-05	0.0017700761812112634	APP
GO_ER_TO_GOLGI_VESICLE_MEDIATED_TRANSPORT	17831	3366	148	12	-1.21921033208	0.9999303160684728	1.0	0.00019536096107540069	0.013151048696392388	ANK3,AREG,CD55,COPZ2,DYNC2LI1,F10,F5,F7,GAS6,NRBP2,PROS1,SPTB
GO_PROTEIN_TRANSMEMBRANE_TRANSPORT	17831	3366	46	1	-3.11828142323	0.9999347337499049	1.0	0.0007660684221294803	0.040183770869882736	GPIHBP1
GO_NON_RECOMBINATIONAL_REPAIR	17831	3366	47	1	-3.14930831885	0.9999470860760125	1.0	0.0006334735801371972	0.03457567284019108	NBN
GO_CELLULAR_PROTEIN_COMPLEX_DISASSEMBLY	17831	3366	114	6	-1.84264698062	0.9999948618109923	1.0	2.293834943402996e-05	0.002316199834101175	AKAP5,DSTN,KIF14,KIF18B,KIF2C,MICAL2
GO_NUCLEOTIDE_EXCISION_REPAIR	17831	3366	105	1	-4.30896498484	0.9999999997746696	1.0	6.875793151658413e-09	1.983666324253452e-06	NEIL3
GO_REGULATION_OF_CELLULAR_AMINO_ACID_METABOLIC_PROCESS	17831	3366	54	1	-3.34960696934	0.9999878219184996	1.0	0.0001657680716352954	0.011956022166695682	SLC7A7
GO_TRNA_METABOLIC_PROCESS	17831	3366	153	1	-4.85210730987	1.0	1.0	3.985593609379011e-13	3.219562517656365e-10	TSEN34
GO_TRANSLATIONAL_ELONGATION	17831	3366	102	1	-4.26714480915	0.9999999995158063	1.0	1.2574176075354935e-08	3.014703759941408e-06	EEF2K
GO_PROTEASOMAL_PROTEIN_CATABOLIC_PROCESS	17831	3366	245	20	-1.20942931129	0.9999993189168264	1.0	1.8647760460242963e-06	0.00023536970155912915	AURKA,AURKB,BUB1B,CCNB1,CCNF,CDC20,CDK1,FBXO2,FBXO36,KIF14,NHLRC1,NR1D1,PLK1,TMEM67,UBE2C,UBXN11,UCHL1,USP44,WFS1,WWTR1
GO_NUCLEAR_TRANSCRIBED_MRNA_CATABOLIC_PROCESS_DEADENYLATION_DEPENDENT_DECAY	17831	3366	51	1	-3.26714480915	0.9999771420342685	1.0	0.0002950702868977671	0.018621701387188768	ZFP36
GO_REGULATION_OF_SIGNAL_TRANSDUCTION_BY_P53_CLASS_MEDIATOR	17831	3366	142	12	-1.15950408596	0.9998431688080209	1.0	0.0004215906968131377	0.024612734695666036	ANKRD1,AURKA,AURKB,BRIP1,CD74,EXO1,MSX1,MUC1,NBN,PLA2R1,PPP1R13L,SPRED1
GO_DNA_RECOMBINATION	17831	3366	173	14	-1.22199277275	0.9999803020428296	1.0	5.499315541246706e-05	0.004533007238999071	BRIP1,EME1,EXO1,HMGB2,KDM4D,LEF1,NBN,PIF1,RAD51,RAD54B,RBPJ,SWAP70,TCF7,TOP2A
GO_POSITIVE_REGULATION_OF_GENE_EXPRESSION_EPIGENETIC	17831	3366	47	1	-3.14930831885	0.9999470860760125	1.0	0.0006334735801371972	0.03457567284019108	PADI2
GO_REGULATION_OF_MRNA_METABOLIC_PROCESS	17831	3366	102	6	-1.68218230843	0.9999626636216286	1.0	0.00014930733687804456	0.010964587884553127	BTG2,CCNB1,HSPA1A,RBFOX2,RBM11,ZFP36
GO_NUCLEAR_EXPORT	17831	3366	129	2	-3.6059467226	0.9999999999776452	1.0	8.301886698885233e-10	3.3531320376797457e-07	DUSP16,LZTS2
GO_NEGATIVE_REGULATION_OF_GENE_EXPRESSION_EPIGENETIC	17831	3366	49	1	-3.20942931129	0.9999652211790513	1.0	0.00043265762896565704	0.024612734695666036	SPI1
GO_VESICLE_TARGETING	17831	3366	69	3	-2.11828142323	0.9999241692958131	1.0	0.0004248461634653219	0.024612734695666036	AREG,F5,WIPI1
GO_REGULATION_OF_LIGASE_ACTIVITY	17831	3366	117	8	-1.46508418676	0.9999445628177768	1.0	0.00018807486528124546	0.012875158997812719	ARRDC4,BUB1B,CCNB1,CDC20,CDK1,PLK1,UBE2C,USP44
GO_REGULATION_OF_RNA_STABILITY	17831	3366	123	8	-1.53723397251	0.9999778899181689	1.0	7.885507038278259e-05	0.006245012338746253	HSPA1A,HSPB1,PCBP4,RBM24,SCGB1A1,SLC11A1,TNFSF13,ZFP36
GO_MITOCHONDRIAL_RESPIRATORY_CHAIN_COMPLEX_ASSEMBLY	17831	3366	61	1	-3.52545680474	0.9999971990265322	1.0	4.2725483998530695e-05	0.0036097589987262326	SLC25A33
GO_RNA_3_END_PROCESSING	17831	3366	85	1	-4.00411040331	0.9999999819723056	1.0	3.774590954760756e-07	6.098229146511477e-05	APP
GO_MULTI_ORGANISM_METABOLIC_PROCESS	17831	3366	129	1	-4.6059467226	1.0	1.0	5.342222789195978e-11	3.596206307593759e-08	RPL21
GO_RRNA_METABOLIC_PROCESS	17831	3366	230	2	-4.44020951812	1.0	1.0	1.367713660243078e-18	4.609628890944063e-15	RPL21,WDR12
GO_REGULATION_OF_TRANSLATIONAL_INITIATION	17831	3366	74	2	-2.8041728328	0.9999966594185442	1.0	3.0290597089486967e-05	0.0029129457534389966	BOLL,HSPB1
GO_PROTEIN_LOCALIZATION_TO_MITOCHONDRION	17831	3366	55	1	-3.3760791807	0.9999901277917237	1.0	0.00013669509642685404	0.010417198008831386	LRRK2
GO_METHYLATION	17831	3366	192	16	-1.1796819679	0.9999875180668918	1.0	3.365267817375324e-05	0.0031210420565153892	AS3MT,BTG2,FOS,GAMT,GSTO1,HNMT,INMT,IRF4,MECOM,NNMT,OCLN,PIWIL4,PRDM6,PRDM8,SATB1,TDRD9
GO_NCRNA_TRANSCRIPTION	17831	3366	76	1	-3.84264698062	0.9999998801641488	1.0	2.250496532730781e-06	0.00027544713623332194	ANG
GO_RNA_CATABOLIC_PROCESS	17831	3366	198	3	-3.63911358653	1.0	1.0	1.4135127544983866e-14	1.9030593384729943e-11	RNASE6,RPL21,ZFP36
GO_MITOCHONDRIAL_TRANSPORT	17831	3366	139	7	-1.90630561784	0.9999996189608863	1.0	1.7663675940717137e-06	0.00023014060362760167	HSPA1A,MPV17L,SLC1A3,SLC25A33,TMEM102,TST,UCP3
GO_NUCLEIC_ACID_PHOSPHODIESTER_BOND_HYDROLYSIS	17831	3366	209	12	-1.71711609853	0.9999999921000987	1.0	3.161769936246773e-08	6.7212572486845875e-06	ANG,CASP3,DFFB,EME1,ENDOU,ENPP2,EXO1,HMGB2,RNASE4,RNASE6,TATDN2,TSEN34
GO_RIBONUCLEOPROTEIN_COMPLEX_SUBUNIT_ORGANIZATION	17831	3366	172	2	-4.02098422188	1.0	1.0	1.665034162626671e-13	1.681268245712281e-10	BICD1,MDN1
GO_RNA_LOCALIZATION	17831	3366	154	5	-2.53957791298	0.9999999993593554	1.0	4.90249938200226e-09	1.5886291207420984e-06	BICD1,IGF2BP3,MX2,SIDT1,TST
GO_ERAD_PATHWAY	17831	3366	66	3	-2.05415108581	0.9998690851240036	1.0	0.0007030432129551611	0.0373630465411302	FBXO2,TMEM67,WFS1
GO_OXIDATIVE_PHOSPHORYLATION	17831	3366	74	3	-2.21921033208	0.9999697094410851	1.0	0.00018145312176152682	0.012857704540259769	CHCHD10,COX4I2,SNCA
GO_MACROMOLECULE_METHYLATION	17831	3366	145	8	-1.77462855719	0.9999993321569489	1.0	2.8102871749564864e-06	0.00033384558528380144	BTG2,FOS,IRF4,MECOM,PIWIL4,PRDM6,SATB1,TDRD9
GO_RNA_PHOSPHODIESTER_BOND_HYDROLYSIS	17831	3366	98	6	-1.62446681057	0.999928692822257	1.0	0.00027413509949073846	0.017858575271662784	ANG,ENDOU,EXO1,RNASE4,RNASE6,TSEN34
GO_REGULATION_OF_GENE_EXPRESSION_EPIGENETIC	17831	3366	143	7	-1.9472358819	0.9999998061007755	1.0	9.248810776734905e-07	0.000133414095454401	IGF2,KCNQ1,KLF2,PADI2,SPI1,WTIP,ZFP36
GO_GENE_SILENCING	17831	3366	122	5	-2.20352870985	0.9999997697454515	1.0	1.3281794797467689e-06	0.00017881723062323997	KCNQ1,PIWIL4,TDRD9,WTIP,ZFP36
GO_DOUBLE_STRAND_BREAK_REPAIR	17831	3366	128	8	-1.59471946718	0.9999898493666094	1.0	3.76766724399039e-05	0.003308175651842866	APBB1,BRIP1,CDCA5,ESCO2,KDM4D,NBN,RAD51,RAD54B
GO_NUCLEOBASE_CONTAINING_COMPOUND_TRANSPORT	17831	3366	164	9	-1.78234647035	0.9999998643197121	1.0	5.718825019804266e-07	8.554938612959048e-05	GJA1,IGF2BP3,MX2,SIDT1,SLC25A23,SLC25A33,SLC28A2,SLC29A4,TST
GO_NUCLEUS_ORGANIZATION	17831	3366	113	8	-1.41489842959	0.9998986826644483	1.0	0.00033201100769154304	0.020630653231786807	CCNB1,CCNB2,CDK1,CEP55,DMPK,HMGB2,LMNA,PLK1
GO_RNA_SPLICING_VIA_TRANSESTERIFICATION_REACTIONS	17831	3366	242	3	-3.92862020373	1.0	1.0	2.2825594904402394e-18	4.609628890944063e-15	NOVA2,PRPF40B,RBPMS
