gene_set	genes_in_background	candidate_genes	gene_set_genes	overlapping_genes	log2_fold_enrichment	enrichment_p_value	enrichment_p.BH_value	underenrichment_p_value	underenrichment_p.BH_value	overlapping_gene_names
GO_DEOXYRIBONUCLEOTIDE_BIOSYNTHETIC_PROCESS	17831	263	12	3	4.08318100486	0.0006324103501320968	0.029026197774812947	0.9999791375894692	1.0	ADK,RRM2,SHMT1
GO_POSITIVE_REGULATION_OF_CYTOKINESIS	17831	263	22	8	4.62374938623	5.386590061370909e-10	2.1756437257877097e-07	0.9999999999704752	1.0	AURKB,CDC25B,CDC6,CIT,ECT2,KIF14,KIF23,RACGAP1
GO_POSITIVE_REGULATION_OF_CELL_DIVISION	17831	263	93	11	3.00345381239	1.2221575304398813e-07	2.3506163168793718e-05	0.9999999880521274	1.0	AURKA,AURKB,CDC25B,CDC6,CIT,ECT2,KIF14,KIF23,NUSAP1,RACGAP1,UBE2C
GO_REGULATION_OF_MICROTUBULE_BASED_PROCESS	17831	263	205	13	2.1041406235	1.1585861452392301e-05	0.0012245797903764856	0.9999977535697926	1.0	ASPM,AURKA,AURKB,CCNB1,CKAP2,ECT2,KIF23,MID1,RACGAP1,SKA1,SKA3,SPC25,TTK
GO_CELL_CYCLE_PHASE_TRANSITION	17831	263	234	15	2.11970688089	2.1464045344251343e-06	0.00028897759715143723	0.9999995865218168	1.0	AURKA,BUB1B,CCNB1,CDC25B,CDC25C,CDC6,CDK1,CDKN3,E2F7,KLF11,MCM10,MELK,ORC1,RRM2,UBE2C
GO_POSITIVE_REGULATION_OF_DNA_REPLICATION	17831	263	74	6	2.45869013995	0.0007788127134743563	0.034534435720426915	0.9998913140212601	1.0	AURKB,CDK1,E2F7,E2F8,JUN,PRKCQ
GO_CHROMOSOME_LOCALIZATION	17831	263	53	6	2.94022305102	0.00012488303114992056	0.007760039427915834	0.9999878888159096	1.0	CCNB1,CENPE,CENPF,KIF14,KIF22,KIF2C
GO_CYTOKINESIS	17831	263	73	8	2.89335644598	1.1824365393583296e-05	0.0012245797903764856	0.9999987723066004	1.0	AURKB,CIT,CKAP2,ECT2,KIF20A,KIF23,NUSAP1,RACGAP1
GO_NUCLEAR_CHROMOSOME_SEGREGATION	17831	263	178	25	3.25130376367	1.429953301554611e-17	1.9251937949930246e-14	1.0	1.0	AURKB,BUB1,BUB1B,CCNB1,CDC20,CENPE,CENPF,CENPI,CENPK,CENPM,CENPP,DSCC1,KIF14,KIF22,KIF23,KIF2C,KNTC1,NCAPH,NUF2,NUSAP1,RACGAP1,SKA1,SPC24,SPC25,TOP2A
GO_NEGATIVE_REGULATION_OF_MITOTIC_CELL_CYCLE	17831	263	170	15	2.58068066433	3.448312520785671e-08	7.935980599012896e-06	0.9999999952965903	1.0	AURKA,BTG2,BUB1,BUB1B,CCNA2,CCNB1,CDC25C,CDK1,CENPF,CLSPN,E2F7,KNTC1,NBN,TOP2A,TTK
GO_DNA_REPLICATION	17831	263	187	14	2.34364146703	7.509195565783436e-07	0.0001213185635607972	0.9999998777086337	1.0	BRIP1,CDC25C,CDC6,CDK1,CLSPN,DSCC1,EXO1,MCM10,NBN,ORC1,RAD51,RRM2,SLC25A33,TOP2A
GO_CELL_CYCLE_G1_S_PHASE_TRANSITION	17831	263	101	8	2.42496952211	0.00012467362834053266	0.007760039427915834	0.9999815543563527	1.0	CDC6,CDK1,CDKN3,E2F7,KLF11,MCM10,ORC1,RRM2
GO_REGULATION_OF_CYTOKINESIS	17831	263	48	11	3.95765012278	8.135405452894627e-11	4.6941289463202e-08	0.9999999999899558	1.0	AURKA,AURKB,CDC25B,CDC6,CIT,E2F7,E2F8,ECT2,KIF14,KIF23,RACGAP1
GO_POSITIVE_REGULATION_OF_MITOTIC_CELL_CYCLE	17831	263	106	7	2.16261547236	0.0009877262654775802	0.04046650758078789	0.9998253491629508	1.0	AURKA,CCNB1,CDC25B,CDC6,CDK1,NUSAP1,UBE2C
GO_ATP_DEPENDENT_CHROMATIN_REMODELING	17831	263	52	5	2.70466938161	0.0009918752786575887	0.04046650758078789	0.9998878835624225	1.0	CENPI,CENPK,CENPM,CENPP,CENPW
GO_MITOTIC_G2_M_TRANSITION_CHECKPOINT	17831	263	16	4	4.08318100486	7.321652401823774e-05	0.005280741794815397	0.9999974299928784	1.0	CCNA2,CDK1,CLSPN,NBN
GO_PROTEIN_LOCALIZATION_TO_KINETOCHORE	17831	263	8	3	4.66814350558	0.00016818327753893137	0.009964191189898497	0.9999969089088107	1.0	AURKB,BUB1B,CDK1
GO_TOLERANCE_INDUCTION	17831	263	11	3	4.20871188695	0.00047952337026175006	0.023911048055397635	0.999985928684034	1.0	CCR4,FOXP3,TNFAIP3
GO_REGULATION_OF_CYCLIN_DEPENDENT_PROTEIN_KINASE_ACTIVITY	17831	263	80	9	2.93117791142	2.6807067588699445e-06	0.0003383554562211158	0.9999997269961872	1.0	CCNA2,CDC25C,CDC6,CDKN3,CKS1B,CKS2,PIM1,TNFAIP3,UBE2C
GO_RESPONSE_TO_TYPE_I_INTERFERON	17831	263	42	9	3.86078858353	8.399571243788417e-09	2.6096821733585704e-06	0.9999999996250083	1.0	GBP2,IKBKE,IRF1,IRF7,IRF9,OAS3,SAMHD1,STAT1,XAF1
GO_METAPHASE_PLATE_CONGRESSION	17831	263	39	6	3.38274128672	2.109004805144644e-05	0.0019809931181347016	0.9999985590007182	1.0	CCNB1,CENPE,CENPF,KIF14,KIF22,KIF2C
GO_RESPONSE_TO_INTERFERON_BETA	17831	263	19	4	3.83525349142	0.00015058424820409713	0.009215299674187095	0.9999934020529768	1.0	IKBKE,IRF1,STAT1,XAF1
GO_NEGATIVE_REGULATION_OF_MITOTIC_NUCLEAR_DIVISION	17831	263	30	4	3.17629040925	0.0009373210984128296	0.03943583246343144	0.9999291871692966	1.0	BUB1,BUB1B,CENPF,TTK
GO_B_CELL_MEDIATED_IMMUNITY	17831	263	52	5	2.70466938161	0.0009918752786575887	0.04046650758078789	0.9998878835624225	1.0	CD55,EXO1,IGHG1,IRF7,NBN
GO_PROTEIN_DNA_COMPLEX_SUBUNIT_ORGANIZATION	17831	263	140	10	2.2758260828	4.386937594957555e-05	0.0034742825384379544	0.9999926149345804	1.0	ASF1B,CENPE,CENPF,CENPI,CENPK,CENPM,CENPP,CENPW,HMGB2,RAD51
GO_DNA_REPLICATION_INDEPENDENT_NUCLEOSOME_ORGANIZATION	17831	263	34	6	3.58068066433	9.247495210216609e-06	0.0010094765717314834	0.999999463258117	1.0	ASF1B,CENPI,CENPK,CENPM,CENPP,CENPW
GO_SIGNAL_TRANSDUCTION_IN_RESPONSE_TO_DNA_DAMAGE	17831	263	85	8	2.67379006872	3.635470135445244e-05	0.003004174543233237	0.9999955360930559	1.0	AURKA,BTG2,CCNB1,CDC25C,CDK1,E2F7,NBN,WNT1
GO_NEGATIVE_REGULATION_OF_PROTEIN_MODIFICATION_BY_SMALL_PROTEIN_CONJUGATION_OR_REMOVAL	17831	263	126	8	2.10590108136	0.00056512668539253	0.027500562437354565	0.9998943321517267	1.0	BUB1B,CCNB1,CDC20,CDK1,HSPA1B,TNFAIP3,UBE2C,WNT1
GO_POSITIVE_REGULATION_OF_FIBROBLAST_PROLIFERATION	17831	263	48	6	3.08318100486	7.099197493557254e-05	0.005213392486632318	0.9999938399857017	1.0	CCNA2,CCNB1,CDC6,JUN,MYC,WNT1
GO_HISTONE_EXCHANGE	17831	263	31	5	3.45091278936	8.34202760466405e-05	0.005809215430213465	0.9999947460601347	1.0	CENPI,CENPK,CENPM,CENPP,CENPW
GO_DNA_CONFORMATION_CHANGE	17831	263	174	16	2.64023750901	6.592388174146456e-09	2.2188879862814613e-06	0.9999999991253151	1.0	ASF1B,BRIP1,CCNB1,CDK1,CENPI,CENPK,CENPM,CENPP,CENPW,HMGB2,NBN,NCAPH,NUSAP1,RAD51,RAD54B,TOP2A
GO_PROTEIN_LOCALIZATION_TO_CHROMOSOME_CENTROMERIC_REGION	17831	263	10	3	4.3462154107	0.00035258190291239067	0.018026307669153745	0.9999909405194234	1.0	AURKB,BUB1B,CDK1
GO_CHROMOSOME_SEGREGATION	17831	263	217	30	3.22852036803	1.1096026569301907e-20	4.48168513134104e-17	1.0	1.0	AURKB,BUB1,BUB1B,CCNB1,CDC20,CDCA2,CENPE,CENPF,CENPI,CENPK,CENPM,CENPP,CENPW,DSCC1,ESCO2,KIF14,KIF22,KIF23,KIF2C,KNTC1,NCAPH,NUF2,NUSAP1,RACGAP1,SKA1,SKA3,SPC24,SPC25,TOP2A,TTK
GO_REGULATION_OF_MICROTUBULE_POLYMERIZATION_OR_DEPOLYMERIZATION	17831	263	148	12	2.45869013995	2.037036566878819e-06	0.00028606066775052814	0.9999996973745731	1.0	ASPM,AURKA,AURKB,CCNB1,CKAP2,KIF23,MID1,RACGAP1,SKA1,SKA3,SPC25,TTK
GO_NEGATIVE_REGULATION_OF_CHROMOSOME_SEGREGATION	17831	263	23	4	3.55961904881	0.00032841892622742893	0.01722706549392968	0.99998180729193	1.0	BUB1,BUB1B,CENPF,TTK
GO_G2_DNA_DAMAGE_CHECKPOINT	17831	263	29	4	3.22520000973	0.0008217866588838584	0.03569028295948284	0.9999402743342972	1.0	CCNA2,CDK1,CLSPN,NBN
GO_MITOTIC_G2_DNA_DAMAGE_CHECKPOINT	17831	263	12	3	4.08318100486	0.0006324103501320968	0.029026197774812947	0.9999791375894692	1.0	CCNA2,CDK1,NBN
GO_REGULATION_OF_CELL_CYCLE_G1_S_PHASE_TRANSITION	17831	263	126	9	2.2758260828	0.00010566782183947595	0.006883747296929732	0.9999823571436309	1.0	AURKA,BTG2,CCNB1,CDC25C,CDC6,CDK1,E2F7,KIF14,PIM1
GO_SISTER_CHROMATID_COHESION	17831	263	96	18	3.66814350558	2.9838706360094307e-15	3.0129633747105228e-12	0.9999999999848321	1.0	AURKB,BUB1,BUB1B,CDC20,CENPE,CENPF,CENPI,CENPK,CENPM,CENPP,DSCC1,KIF22,KIF2C,KNTC1,NUF2,SKA1,SPC24,SPC25
GO_DNA_PACKAGING	17831	263	101	12	3.00993202283	3.0723337508741714e-08	7.935980599012896e-06	0.9999999969803628	1.0	ASF1B,CCNB1,CDK1,CENPI,CENPK,CENPM,CENPP,CENPW,HMGB2,NCAPH,NUSAP1,TOP2A
GO_DEFENSE_RESPONSE_TO_VIRUS	17831	263	111	9	2.45869013995	3.9273472877798166e-05	0.003172511139068536	0.9999942732473299	1.0	DDX60,DHX58,IRF1,IRF7,IRF9,OAS3,PYCARD,SAMHD1,STAT1
GO_CHROMATIN_ASSEMBLY_OR_DISASSEMBLY	17831	263	87	7	2.44759243107	0.0003000263461192409	0.016375762323994784	0.9999569623841871	1.0	ASF1B,CENPI,CENPK,CENPM,CENPP,CENPW,HMGB2
GO_CELLULAR_RESPONSE_TO_INTERFERON_GAMMA	17831	263	74	8	2.87372763923	1.309036459237874e-05	0.0013217995647154433	0.9999986201488145	1.0	CCL1,GBP2,IRF1,IRF7,IRF9,MID1,OAS3,STAT1
GO_REGULATION_OF_MONOCYTE_DIFFERENTIATION	17831	263	12	3	4.08318100486	0.0006324103501320968	0.029026197774812947	0.9999791375894692	1.0	IRF7,JUN,MYC
GO_MITOTIC_CYTOKINESIS	17831	263	28	5	3.59775417769	5.002716860658155e-05	0.0038857641154227476	0.999997210002822	1.0	CKAP2,KIF20A,KIF23,NUSAP1,RACGAP1
GO_SPINDLE_CHECKPOINT	17831	263	22	5	3.94567748111	1.4410692014270447e-05	0.0014196289035521546	0.9999994048041191	1.0	AURKB,BUB1,BUB1B,CENPF,TTK
GO_REGULATION_OF_NUCLEAR_DIVISION	17831	263	134	13	2.71753153255	9.416414984007471e-08	1.9016450060203087e-05	0.9999999884493542	1.0	AURKA,BUB1,BUB1B,CCNB1,CDC20,CDC25C,CDC6,CENPE,CENPF,KNTC1,NUSAP1,TTK,UBE2C
GO_CELLULAR_RESPONSE_TO_OXIDATIVE_STRESS	17831	263	158	9	1.94932525813	0.0005724359521914718	0.027524628701206602	0.9998787788003396	1.0	CCNA2,CDK1,ECT2,FOS,HSPA1B,KDM6B,MELK,RBM11,TNFAIP3
GO_MITOTIC_CELL_CYCLE_CHECKPOINT	17831	263	121	15	3.0712083632	3.0572495369551943e-10	1.5435288599702537e-07	0.9999999999668336	1.0	AURKA,BTG2,BUB1,BUB1B,CCNA2,CCNB1,CDC25C,CDK1,CENPF,CLSPN,E2F7,KNTC1,NBN,TOP2A,TTK
GO_ADAPTIVE_IMMUNE_RESPONSE_BASED_ON_SOMATIC_RECOMBINATION_OF_IMMUNE_RECEPTORS_BUILT_FROM_IMMUNOGLOBULIN_SUPERFAMILY_DOMAINS	17831	263	102	7	2.21811058495	0.000786622452656419	0.034534435720426915	0.9998664157162945	1.0	CD55,EXO1,FOXP3,IGHG1,IRF7,KLHL6,NBN
GO_REGULATION_OF_TYPE_I_INTERFERON_PRODUCTION	17831	263	100	8	2.43932481509	0.0001162595284376863	0.007453527545393889	0.9999829816353619	1.0	DHX58,HMGB2,IKBKE,IRF1,IRF7,PYCARD,TNFAIP3,ZBP1
GO_POSITIVE_REGULATION_OF_CELL_CYCLE_ARREST	17831	263	72	6	2.49821850414	0.0006731218181097731	0.030547629475790716	0.9999087777826736	1.0	AURKA,BTG2,CCNB1,CDC25C,CDK1,E2F7
GO_KINETOCHORE_ORGANIZATION	17831	263	11	3	4.20871188695	0.00047952337026175006	0.023911048055397635	0.999985928684034	1.0	CENPE,CENPF,CENPW
GO_REGULATION_OF_CELL_DIVISION	17831	263	209	24	2.9607843735	6.869953255530517e-15	5.549548239817552e-12	0.9999999999888582	1.0	ASPM,AURKA,AURKB,BUB1,BUB1B,CCNB1,CDC20,CDC25B,CDC25C,CDC6,CENPE,CENPF,CIT,E2F7,E2F8,ECT2,KIF14,KIF23,KNTC1,MYC,NUSAP1,RACGAP1,TTK,UBE2C
GO_CENTROMERE_COMPLEX_ASSEMBLY	17831	263	29	7	4.03255493179	1.658480204024288e-07	3.0448188836609544e-05	0.9999999933540457	1.0	CENPE,CENPF,CENPI,CENPK,CENPM,CENPP,CENPW
GO_POSITIVE_REGULATION_OF_DNA_METABOLIC_PROCESS	17831	263	159	11	2.22972966822	2.4595404376004e-05	0.002257746324424549	0.9999956893571614	1.0	AURKB,CDK1,DSCC1,E2F7,E2F8,JUN,MYC,NBN,PRKCQ,RAD51,TOP2A
GO_NEGATIVE_REGULATION_OF_NF_KAPPAB_TRANSCRIPTION_FACTOR_ACTIVITY	17831	263	53	5	2.67718864519	0.0010821869711549908	0.042852482122500084	0.9998751169802759	1.0	FOXP3,NFKBIA,NFKBID,PYCARD,TNFAIP3
GO_NEGATIVE_REGULATION_OF_CELLULAR_PROTEIN_CATABOLIC_PROCESS	17831	263	56	6	2.86078858353	0.00017022262740851605	0.009964191189898497	0.9999824512282416	1.0	BUB1,BUB1B,CENPF,PBK,TTK,WNT1
GO_MITOTIC_SPINDLE_ORGANIZATION	17831	263	56	7	3.08318100486	1.7548765080284735e-05	0.0016876062418873822	0.9999984490357722	1.0	AURKA,AURKB,CCNB1,KIF23,RACGAP1,SPC25,TTK
GO_REGULATION_OF_CHROMOSOME_SEGREGATION	17831	263	71	12	3.51839638608	4.881938732829704e-10	2.1756437257877097e-07	0.9999999999123694	1.0	AURKB,BUB1,BUB1B,CCNB1,CDC6,CENPE,CENPF,ECT2,KIF2C,RACGAP1,TTK,UBE2C
GO_NEGATIVE_REGULATION_OF_CYTOSKELETON_ORGANIZATION	17831	263	183	11	2.02691278522	8.876219193025103e-05	0.006076449037394643	0.9999819534917935	1.0	ASPM,AURKA,AURKB,AVIL,CCNB1,CKAP2,KIF23,MID1,RACGAP1,SPC25,TTK
GO_NEGATIVE_REGULATION_OF_I_KAPPAB_KINASE_NF_KAPPAB_SIGNALING	17831	263	41	5	3.04755709513	0.0003262670458114443	0.01722706549392968	0.9999716433836923	1.0	NFKBIA,NFKBID,PYCARD,STAT1,TNFAIP3
GO_REGULATION_OF_CELL_CYCLE_G2_M_PHASE_TRANSITION	17831	263	50	7	3.24667973715	8.149278029116573e-06	0.0009680862929294658	0.9999993672905093	1.0	CCNA2,CDK1,CENPF,CLSPN,KIF14,NBN,PRKCQ
GO_REGULATION_OF_CHROMOSOME_ORGANIZATION	17831	263	239	13	1.88275391502	5.784947242879915e-05	0.004408566398866411	0.9999868182116419	1.0	AURKB,BUB1,BUB1B,CCNB1,CDC6,CENPE,CENPF,FOXP3,MYC,NBN,PRKCQ,TTK,UBE2C
GO_REGULATION_OF_CELL_CYCLE_ARREST	17831	263	89	7	2.41480249595	0.00034506599238362854	0.01786822491330097	0.9999492844725116	1.0	AURKA,BTG2,CCNB1,CDC25C,CDK1,E2F7,SLC25A33
GO_NEGATIVE_REGULATION_OF_CELL_CYCLE_G2_M_PHASE_TRANSITION	17831	263	21	4	3.69086358208	0.00022718366326049326	0.012744372443182392	0.9999887292254983	1.0	CCNA2,CDK1,CLSPN,NBN
GO_REGULATION_OF_ADAPTIVE_IMMUNE_RESPONSE	17831	263	100	7	2.24667973715	0.0006990345497197148	0.03137111718131031	0.9998837404781555	1.0	DUSP10,FOXP3,IRF1,IRF7,PRKCQ,PYCARD,TNFAIP3
GO_NEGATIVE_REGULATION_OF_PROTEIN_COMPLEX_DISASSEMBLY	17831	263	139	11	2.42367155078	6.893579720471083e-06	0.0008437323785146273	0.9999989536377187	1.0	ASPM,AURKA,AURKB,AVIL,CCNB1,CKAP2,KIF23,MID1,RACGAP1,SPC25,TTK
GO_DNA_GEOMETRIC_CHANGE	17831	263	76	6	2.42021599214	0.0008968811768786167	0.038131611299081394	0.9998712249177082	1.0	BRIP1,HMGB2,NBN,RAD51,RAD54B,TOP2A
GO_G1_DNA_DAMAGE_CHECKPOINT	17831	263	63	6	2.69086358208	0.0003268707771963516	0.01722706549392968	0.9999616526073115	1.0	AURKA,BTG2,CCNB1,CDC25C,CDK1,E2F7
GO_REGULATION_OF_ATTACHMENT_OF_SPINDLE_MICROTUBULES_TO_KINETOCHORE	17831	263	9	3	4.49821850414	0.0002495251799627361	0.013805920573554674	0.9999945005107762	1.0	CCNB1,ECT2,RACGAP1
GO_NEURAL_PRECURSOR_CELL_PROLIFERATION	17831	263	53	5	2.67718864519	0.0010821869711549908	0.042852482122500084	0.9998751169802759	1.0	ASPM,KIF14,MELK,RACGAP1,WNT1
GO_HISTONE_PHOSPHORYLATION	17831	263	21	4	3.69086358208	0.00022718366326049326	0.012744372443182392	0.9999887292254983	1.0	AURKA,AURKB,CCNB1,CDK1
GO_MEIOTIC_CELL_CYCLE_PROCESS	17831	263	105	9	2.53886048864	2.521856425935963e-05	0.002263506245412301	0.9999965366589234	1.0	ASPM,AURKA,CDC25B,CKS2,MKI67,RAD51,RAD54B,TDRD9,TOP2A
GO_ANAPHASE_PROMOTING_COMPLEX_DEPENDENT_CATABOLIC_PROCESS	17831	263	72	7	2.72061092548	9.122218803190354e-05	0.00614077362434764	0.9999893368829562	1.0	AURKA,AURKB,BUB1B,CCNB1,CDC20,CDK1,UBE2C
GO_DNA_INTEGRITY_CHECKPOINT	17831	263	123	12	2.72562900024	2.782397268746515e-07	4.886131551507467e-05	0.9999999662356428	1.0	AURKA,BRIP1,BTG2,CCNA2,CCNB1,CDC25C,CDC6,CDK1,CLSPN,E2F7,NBN,TOP2A
GO_REGULATION_OF_PROTEASOMAL_UBIQUITIN_DEPENDENT_PROTEIN_CATABOLIC_PROCESS	17831	263	137	9	2.15507392334	0.00019979604545433569	0.01152823182271517	0.9999635542032352	1.0	AURKA,BUB1,BUB1B,CCNB1,CENPF,PBK,RNF144A,TRIB2,TTK
GO_NEGATIVE_REGULATION_OF_CELL_CYCLE_PROCESS	17831	263	177	15	2.52246605039	5.9131162389747666e-08	1.2570040257483728e-05	0.9999999915576406	1.0	AURKA,AURKB,BTG2,BUB1,BUB1B,CCNA2,CCNB1,CDC25C,CDK1,CENPF,CLSPN,E2F7,E2F8,NBN,TTK
GO_NEGATIVE_REGULATION_OF_CELL_DIVISION	17831	263	49	9	3.63839616219	3.536708363016394e-08	7.935980599012896e-06	0.9999999979886265	1.0	ASPM,AURKB,BUB1,BUB1B,CENPF,E2F7,E2F8,MYC,TTK
GO_SIGNAL_TRANSDUCTION_BY_P53_CLASS_MEDIATOR	17831	263	106	9	2.52518555174	2.7208164136275654e-05	0.0023889951075308125	0.9999962248750054	1.0	AURKA,BTG2,CCNB1,CDC25C,CDK1,E2F2,E2F7,NBN,PYCARD
GO_REGULATION_OF_TRANSCRIPTION_INVOLVED_IN_G1_S_TRANSITION_OF_MITOTIC_CELL_CYCLE	17831	263	24	6	4.08318100486	1.0473760960279743e-06	0.0001627058481483457	0.9999999608324532	1.0	CDC6,CDK1,E2F7,KLF11,ORC1,RRM2
GO_MITOTIC_DNA_INTEGRITY_CHECKPOINT	17831	263	86	10	2.97884434505	5.433220793716825e-07	9.143657827425939e-05	0.9999999462899875	1.0	AURKA,BTG2,CCNA2,CCNB1,CDC25C,CDK1,CLSPN,E2F7,NBN,TOP2A
GO_MEIOTIC_CELL_CYCLE	17831	263	125	11	2.57682833884	2.453523249855887e-06	0.0003196703356828363	0.9999996680056349	1.0	ASPM,AURKA,CDC25B,CKS2,EXO1,MKI67,NBN,RAD51,RAD54B,TDRD9,TOP2A
GO_REGULATION_OF_FIBROBLAST_PROLIFERATION	17831	263	71	6	2.51839638608	0.0006246301822649222	0.029026197774812947	0.9999166098906559	1.0	CCNA2,CCNB1,CDC6,JUN,MYC,WNT1
GO_STRAND_DISPLACEMENT	17831	263	26	4	3.38274128672	0.0005355360906513229	0.02637841792854504	0.9999656992287171	1.0	BRIP1,EXO1,NBN,RAD51
GO_CYTOSKELETON_DEPENDENT_CYTOKINESIS	17831	263	34	6	3.58068066433	9.247495210216609e-06	0.0010094765717314834	0.999999463258117	1.0	AURKB,CKAP2,KIF20A,KIF23,NUSAP1,RACGAP1
GO_CYTOKINETIC_PROCESS	17831	263	14	3	3.86078858353	0.001023737930268339	0.04134877500353821	0.9999587828516188	1.0	AURKB,KIF23,RACGAP1
GO_CELL_CYCLE_CHECKPOINT	17831	263	163	18	2.90437785207	3.519669529249345e-11	2.3693242047730174e-08	0.9999999999721212	1.0	AURKA,AURKB,BRIP1,BTG2,BUB1,BUB1B,CCNA2,CCNB1,CDC25C,CDC6,CDK1,CENPF,CLSPN,E2F7,KNTC1,NBN,TOP2A,TTK
GO_CHROMOSOME_CONDENSATION	17831	263	25	5	3.76125290998	2.8040554522730854e-05	0.002409697866325743	0.9999986388663581	1.0	CCNB1,CDK1,NCAPH,NUSAP1,TOP2A
GO_MITOTIC_SISTER_CHROMATID_SEGREGATION	17831	263	78	11	3.25721040464	1.8952573801521484e-08	5.467817541738948e-06	0.9999999984898343	1.0	AURKB,CCNB1,CENPE,DSCC1,KIF14,KIF22,KIF23,KIF2C,NCAPH,NUSAP1,RACGAP1
GO_RESPONSE_TO_VIRUS	17831	263	184	11	2.01905066744	9.319436181265891e-05	0.006170688973136546	0.9999809437517867	1.0	DDX60,DHX58,FOXP3,IKBKE,IRF1,IRF7,IRF9,OAS3,PYCARD,SAMHD1,STAT1
GO_REGULATION_OF_PROTEIN_COMPLEX_DISASSEMBLY	17831	263	178	11	2.06687919253	6.920348877711008e-05	0.00517616465131014	0.9999863337048267	1.0	ASPM,AURKA,AURKB,AVIL,CCNB1,CKAP2,KIF23,MID1,RACGAP1,SPC25,TTK
GO_PROTEIN_UBIQUITINATION_INVOLVED_IN_UBIQUITIN_DEPENDENT_PROTEIN_CATABOLIC_PROCESS	17831	263	121	9	2.33424276903	7.727141062848868e-05	0.0054754250443590485	0.9999876423055479	1.0	AURKA,AURKB,BUB1B,CCNB1,CDC20,CDK1,HECTD2,RNF144A,UBE2C
GO_NEGATIVE_REGULATION_OF_CELL_CYCLE_PHASE_TRANSITION	17831	263	123	13	2.84110621766	3.37739308107885e-08	7.935980599012896e-06	0.9999999962464007	1.0	AURKA,BTG2,BUB1,BUB1B,CCNA2,CCNB1,CDC25C,CDK1,CENPF,CLSPN,E2F7,NBN,TTK
GO_POSITIVE_REGULATION_OF_MRNA_3_END_PROCESSING	17831	263	15	3	3.76125290998	0.0012657836877138816	0.049635925385207454	0.999944445101995	1.0	BTG2,CCNB1,ZFP36
GO_INTERFERON_GAMMA_MEDIATED_SIGNALING_PATHWAY	17831	263	41	7	3.5329839223	2.0539141779562553e-06	0.00028606066775052814	0.999999873714414	1.0	GBP2,IRF1,IRF7,IRF9,MID1,OAS3,STAT1
GO_RESPONSE_TO_INTERFERON_GAMMA	17831	263	92	9	2.72954405025	8.6107427262428e-06	0.0009936797106084192	0.999998976119738	1.0	CCL1,GBP2,IRF1,IRF7,IRF9,MID1,OAS3,STAT1,UBD
GO_REGULATION_OF_SISTER_CHROMATID_SEGREGATION	17831	263	58	8	3.22520000973	2.040254682939371e-06	0.00028606066775052814	0.9999998367268861	1.0	BUB1,BUB1B,CCNB1,CDC6,CENPE,CENPF,TTK,UBE2C
GO_MEIOSIS_I	17831	263	56	6	2.86078858353	0.00017022262740851605	0.009964191189898497	0.9999824512282416	1.0	AURKA,CDC25B,CKS2,RAD51,RAD54B,TOP2A
GO_REGULATION_OF_DNA_REPLICATION	17831	263	137	10	2.30707701679	3.6445791685671854e-05	0.003004174543233237	0.9999940045412352	1.0	AURKB,CDC6,CDK1,DSCC1,E2F7,E2F8,ESCO2,JUN,NBN,PRKCQ
GO_SISTER_CHROMATID_SEGREGATION	17831	263	150	25	3.49821850414	2.0092376059249392e-19	4.0576553451654147e-16	0.9999999999920768	1.0	AURKB,BUB1,BUB1B,CCNB1,CDC20,CENPE,CENPF,CENPI,CENPK,CENPM,CENPP,DSCC1,KIF14,KIF22,KIF23,KIF2C,KNTC1,NCAPH,NUF2,NUSAP1,RACGAP1,SKA1,SPC24,SPC25,TOP2A
GO_REGULATION_OF_PROTEASOMAL_PROTEIN_CATABOLIC_PROCESS	17831	263	167	9	1.86940171383	0.0008514173550169809	0.03658377337142113	0.9998090446839515	1.0	AURKA,BUB1,BUB1B,CCNB1,CENPF,PBK,RNF144A,TRIB2,TTK
GO_POSITIVE_REGULATION_OF_CELL_CYCLE_PROCESS	17831	263	197	18	2.63105418685	8.105707080480259e-10	2.976268263459979e-07	0.9999999998822678	1.0	AURKA,AURKB,BTG2,CCNB1,CDC25B,CDC25C,CDC6,CDK1,CIT,E2F7,E2F8,ECT2,KIF14,KIF23,NUSAP1,ORC1,RACGAP1,UBE2C
