Source	Target	overlap_ratio	overlap_size
GO_LEUKOCYTE_CHEMOTAXIS	GO_LYMPHOCYTE_MIGRATION	0.555556	5
GO_LEUKOCYTE_CHEMOTAXIS	GO_DENDRITIC_CELL_MIGRATION	1.000000	5
GO_LEUKOCYTE_CHEMOTAXIS	GO_REGULATION_OF_CYTOSOLIC_CALCIUM_ION_CONCENTRATION	0.545455	6
GO_LEUKOCYTE_CHEMOTAXIS	GO_DENDRITIC_CELL_CHEMOTAXIS	1.000000	5
GO_LEUKOCYTE_CHEMOTAXIS	GO_CELL_CHEMOTAXIS	1.000000	11
GO_LEUKOCYTE_CHEMOTAXIS	GO_CHEMOKINE_MEDIATED_SIGNALING_PATHWAY	0.800000	8
GO_LEUKOCYTE_CHEMOTAXIS	GO_LEUKOCYTE_MIGRATION	1.000000	11
GO_LEUKOCYTE_CHEMOTAXIS	GO_REGULATION_OF_CHEMOTAXIS	0.727273	8
GO_REGULATION_OF_ISOTYPE_SWITCHING	GO_REGULATION_OF_B_CELL_MEDIATED_IMMUNITY	1.000000	5
GO_REGULATION_OF_ISOTYPE_SWITCHING	GO_REGULATION_OF_LYMPHOCYTE_MEDIATED_IMMUNITY	1.000000	5
GO_REGULATION_OF_ISOTYPE_SWITCHING	GO_REGULATION_OF_LEUKOCYTE_MEDIATED_IMMUNITY	1.000000	5
GO_T_CELL_DIFFERENTIATION_INVOLVED_IN_IMMUNE_RESPONSE	GO_LEUKOCYTE_DIFFERENTIATION	1.000000	7
GO_T_CELL_DIFFERENTIATION_INVOLVED_IN_IMMUNE_RESPONSE	GO_LYMPHOCYTE_DIFFERENTIATION	1.000000	7
GO_T_CELL_DIFFERENTIATION_INVOLVED_IN_IMMUNE_RESPONSE	GO_CD4_POSITIVE_ALPHA_BETA_T_CELL_ACTIVATION	0.714286	5
GO_T_CELL_DIFFERENTIATION_INVOLVED_IN_IMMUNE_RESPONSE	GO_T_CELL_DIFFERENTIATION	1.000000	7
GO_T_CELL_DIFFERENTIATION_INVOLVED_IN_IMMUNE_RESPONSE	GO_ADAPTIVE_IMMUNE_RESPONSE	1.000000	7
GO_T_CELL_DIFFERENTIATION_INVOLVED_IN_IMMUNE_RESPONSE	GO_ALPHA_BETA_T_CELL_DIFFERENTIATION	1.000000	7
GO_T_CELL_DIFFERENTIATION_INVOLVED_IN_IMMUNE_RESPONSE	GO_ALPHA_BETA_T_CELL_ACTIVATION	1.000000	7
GO_T_CELL_DIFFERENTIATION_INVOLVED_IN_IMMUNE_RESPONSE	GO_LEUKOCYTE_CELL_CELL_ADHESION	1.000000	7
GO_T_CELL_DIFFERENTIATION_INVOLVED_IN_IMMUNE_RESPONSE	GO_T_CELL_ACTIVATION_INVOLVED_IN_IMMUNE_RESPONSE	1.000000	7
GO_LEUKOCYTE_DIFFERENTIATION	GO_LYMPHOCYTE_DIFFERENTIATION	1.000000	16
GO_LEUKOCYTE_DIFFERENTIATION	GO_CD4_POSITIVE_ALPHA_BETA_T_CELL_ACTIVATION	0.857143	6
GO_LEUKOCYTE_DIFFERENTIATION	GO_T_CELL_DIFFERENTIATION	1.000000	13
GO_LEUKOCYTE_DIFFERENTIATION	GO_ADAPTIVE_IMMUNE_RESPONSE	0.500000	10
GO_LEUKOCYTE_DIFFERENTIATION	GO_ALPHA_BETA_T_CELL_DIFFERENTIATION	1.000000	10
GO_LEUKOCYTE_DIFFERENTIATION	GO_ALPHA_BETA_T_CELL_ACTIVATION	0.909091	10
GO_LEUKOCYTE_DIFFERENTIATION	GO_LEUKOCYTE_CELL_CELL_ADHESION	0.800000	16
GO_LEUKOCYTE_DIFFERENTIATION	GO_T_CELL_ACTIVATION_INVOLVED_IN_IMMUNE_RESPONSE	1.000000	9
GO_POSITIVE_REGULATION_OF_CD4_POSITIVE_ALPHA_BETA_T_CELL_ACTIVATION	GO_POSITIVE_REGULATION_OF_IMMUNE_EFFECTOR_PROCESS	1.000000	6
GO_POSITIVE_REGULATION_OF_CD4_POSITIVE_ALPHA_BETA_T_CELL_ACTIVATION	GO_REGULATION_OF_HOMOTYPIC_CELL_CELL_ADHESION	1.000000	6
GO_POSITIVE_REGULATION_OF_CD4_POSITIVE_ALPHA_BETA_T_CELL_ACTIVATION	GO_REGULATION_OF_ALPHA_BETA_T_CELL_DIFFERENTIATION	0.833333	5
GO_POSITIVE_REGULATION_OF_CD4_POSITIVE_ALPHA_BETA_T_CELL_ACTIVATION	GO_REGULATION_OF_ALPHA_BETA_T_CELL_ACTIVATION	1.000000	6
GO_POSITIVE_REGULATION_OF_CD4_POSITIVE_ALPHA_BETA_T_CELL_ACTIVATION	GO_REGULATION_OF_LYMPHOCYTE_DIFFERENTIATION	0.833333	5
GO_POSITIVE_REGULATION_OF_CD4_POSITIVE_ALPHA_BETA_T_CELL_ACTIVATION	GO_REGULATION_OF_CD4_POSITIVE_ALPHA_BETA_T_CELL_ACTIVATION	1.000000	6
GO_POSITIVE_REGULATION_OF_CD4_POSITIVE_ALPHA_BETA_T_CELL_ACTIVATION	GO_REGULATION_OF_LEUKOCYTE_DIFFERENTIATION	0.833333	5
GO_POSITIVE_REGULATION_OF_CD4_POSITIVE_ALPHA_BETA_T_CELL_ACTIVATION	GO_REGULATION_OF_HEMOPOIESIS	0.833333	5
GO_REGULATION_OF_B_CELL_MEDIATED_IMMUNITY	GO_REGULATION_OF_HOMOTYPIC_CELL_CELL_ADHESION	0.714286	5
GO_REGULATION_OF_B_CELL_MEDIATED_IMMUNITY	GO_REGULATION_OF_LYMPHOCYTE_MEDIATED_IMMUNITY	1.000000	7
GO_REGULATION_OF_B_CELL_MEDIATED_IMMUNITY	GO_REGULATION_OF_LEUKOCYTE_MEDIATED_IMMUNITY	1.000000	7
GO_REGULATION_OF_B_CELL_MEDIATED_IMMUNITY	GO_NEGATIVE_REGULATION_OF_CYTOKINE_PRODUCTION	0.714286	5
GO_RESPONSE_TO_VIRUS	GO_DEFENSE_RESPONSE_TO_VIRUS	1.000000	13
GO_RESPONSE_TO_VIRUS	GO_RESPONSE_TO_TYPE_I_INTERFERON	0.857143	6
GO_LYMPHOCYTE_MIGRATION	GO_CELL_CHEMOTAXIS	0.555556	5
GO_LYMPHOCYTE_MIGRATION	GO_CHEMOKINE_MEDIATED_SIGNALING_PATHWAY	0.555556	5
GO_LYMPHOCYTE_MIGRATION	GO_LEUKOCYTE_MIGRATION	1.000000	9
GO_LYMPHOCYTE_MIGRATION	GO_REGULATION_OF_CHEMOTAXIS	0.666667	6
GO_POSITIVE_REGULATION_OF_IMMUNE_EFFECTOR_PROCESS	GO_REGULATION_OF_HOMOTYPIC_CELL_CELL_ADHESION	0.642857	9
GO_POSITIVE_REGULATION_OF_IMMUNE_EFFECTOR_PROCESS	GO_REGULATION_OF_LYMPHOCYTE_MEDIATED_IMMUNITY	0.785714	11
GO_POSITIVE_REGULATION_OF_IMMUNE_EFFECTOR_PROCESS	GO_REGULATION_OF_INTERLEUKIN_17_PRODUCTION	1.000000	5
GO_POSITIVE_REGULATION_OF_IMMUNE_EFFECTOR_PROCESS	GO_REGULATION_OF_LEUKOCYTE_MEDIATED_CYTOTOXICITY	1.000000	9
GO_POSITIVE_REGULATION_OF_IMMUNE_EFFECTOR_PROCESS	GO_REGULATION_OF_ALPHA_BETA_T_CELL_DIFFERENTIATION	0.714286	5
GO_POSITIVE_REGULATION_OF_IMMUNE_EFFECTOR_PROCESS	GO_POSITIVE_REGULATION_OF_INTERFERON_GAMMA_PRODUCTION	0.625000	5
GO_POSITIVE_REGULATION_OF_IMMUNE_EFFECTOR_PROCESS	GO_REGULATION_OF_ALPHA_BETA_T_CELL_ACTIVATION	0.750000	6
GO_POSITIVE_REGULATION_OF_IMMUNE_EFFECTOR_PROCESS	GO_POSITIVE_REGULATION_OF_LEUKOCYTE_MEDIATED_IMMUNITY	1.000000	12
GO_POSITIVE_REGULATION_OF_IMMUNE_EFFECTOR_PROCESS	GO_REGULATION_OF_CELL_KILLING	0.909091	10
GO_POSITIVE_REGULATION_OF_IMMUNE_EFFECTOR_PROCESS	GO_POSITIVE_REGULATION_OF_CELL_KILLING	1.000000	10
GO_POSITIVE_REGULATION_OF_IMMUNE_EFFECTOR_PROCESS	GO_REGULATION_OF_LEUKOCYTE_MEDIATED_IMMUNITY	0.857143	12
GO_POSITIVE_REGULATION_OF_IMMUNE_EFFECTOR_PROCESS	GO_POSITIVE_REGULATION_OF_LYMPHOCYTE_MEDIATED_IMMUNITY	1.000000	11
GO_POSITIVE_REGULATION_OF_IMMUNE_EFFECTOR_PROCESS	GO_POSITIVE_REGULATION_OF_NATURAL_KILLER_CELL_MEDIATED_IMMUNITY	1.000000	6
GO_POSITIVE_REGULATION_OF_IMMUNE_EFFECTOR_PROCESS	GO_LEUKOCYTE_CELL_CELL_ADHESION	0.500000	7
GO_POSITIVE_REGULATION_OF_IMMUNE_EFFECTOR_PROCESS	GO_REGULATION_OF_CD4_POSITIVE_ALPHA_BETA_T_CELL_ACTIVATION	0.750000	6
GO_POSITIVE_REGULATION_OF_IMMUNE_EFFECTOR_PROCESS	GO_REGULATION_OF_NATURAL_KILLER_CELL_MEDIATED_IMMUNITY	1.000000	6
GO_NUCLEAR_CHROMOSOME_SEGREGATION	GO_CHROMOSOME_LOCALIZATION	1.000000	9
GO_NUCLEAR_CHROMOSOME_SEGREGATION	GO_CHROMOSOME_SEGREGATION	1.000000	18
GO_NUCLEAR_CHROMOSOME_SEGREGATION	GO_SISTER_CHROMATID_SEGREGATION	1.000000	15
GO_NUCLEAR_CHROMOSOME_SEGREGATION	GO_MITOTIC_SISTER_CHROMATID_SEGREGATION	1.000000	11
GO_REGULATION_OF_T_HELPER_CELL_DIFFERENTIATION	GO_REGULATION_OF_HOMOTYPIC_CELL_CELL_ADHESION	1.000000	6
GO_REGULATION_OF_T_HELPER_CELL_DIFFERENTIATION	GO_REGULATION_OF_ALPHA_BETA_T_CELL_DIFFERENTIATION	1.000000	6
GO_REGULATION_OF_T_HELPER_CELL_DIFFERENTIATION	GO_REGULATION_OF_ALPHA_BETA_T_CELL_ACTIVATION	1.000000	6
GO_REGULATION_OF_T_HELPER_CELL_DIFFERENTIATION	GO_REGULATION_OF_LYMPHOCYTE_DIFFERENTIATION	1.000000	6
GO_REGULATION_OF_T_HELPER_CELL_DIFFERENTIATION	GO_REGULATION_OF_CD4_POSITIVE_ALPHA_BETA_T_CELL_ACTIVATION	1.000000	6
GO_REGULATION_OF_T_HELPER_CELL_DIFFERENTIATION	GO_REGULATION_OF_LEUKOCYTE_DIFFERENTIATION	1.000000	6
GO_REGULATION_OF_T_HELPER_CELL_DIFFERENTIATION	GO_REGULATION_OF_HEMOPOIESIS	1.000000	6
GO_REGULATION_OF_HOMOTYPIC_CELL_CELL_ADHESION	GO_POSITIVE_REGULATION_OF_STAT_CASCADE	0.750000	6
GO_REGULATION_OF_HOMOTYPIC_CELL_CELL_ADHESION	GO_REGULATION_OF_LYMPHOCYTE_MEDIATED_IMMUNITY	0.642857	9
GO_REGULATION_OF_HOMOTYPIC_CELL_CELL_ADHESION	GO_REGULATION_OF_LEUKOCYTE_MEDIATED_CYTOTOXICITY	0.555556	5
GO_REGULATION_OF_HOMOTYPIC_CELL_CELL_ADHESION	GO_REGULATION_OF_ALPHA_BETA_T_CELL_DIFFERENTIATION	1.000000	7
GO_REGULATION_OF_HOMOTYPIC_CELL_CELL_ADHESION	GO_REGULATION_OF_ALPHA_BETA_T_CELL_ACTIVATION	1.000000	8
GO_REGULATION_OF_HOMOTYPIC_CELL_CELL_ADHESION	GO_POSITIVE_REGULATION_OF_LEUKOCYTE_MEDIATED_IMMUNITY	0.583333	7
GO_REGULATION_OF_HOMOTYPIC_CELL_CELL_ADHESION	GO_REGULATION_OF_INTERFERON_GAMMA_PRODUCTION	0.538462	7
GO_REGULATION_OF_HOMOTYPIC_CELL_CELL_ADHESION	GO_REGULATION_OF_CELL_KILLING	0.636364	7
GO_REGULATION_OF_HOMOTYPIC_CELL_CELL_ADHESION	GO_POSITIVE_REGULATION_OF_CELL_KILLING	0.600000	6
GO_REGULATION_OF_HOMOTYPIC_CELL_CELL_ADHESION	GO_REGULATION_OF_LEUKOCYTE_MEDIATED_IMMUNITY	0.600000	9
GO_REGULATION_OF_HOMOTYPIC_CELL_CELL_ADHESION	GO_POSITIVE_REGULATION_OF_LYMPHOCYTE_MEDIATED_IMMUNITY	0.636364	7
GO_REGULATION_OF_HOMOTYPIC_CELL_CELL_ADHESION	GO_REGULATION_OF_LYMPHOCYTE_DIFFERENTIATION	0.666667	8
GO_REGULATION_OF_HOMOTYPIC_CELL_CELL_ADHESION	GO_REGULATION_OF_CD4_POSITIVE_ALPHA_BETA_T_CELL_ACTIVATION	1.000000	8
GO_REGULATION_OF_HOMOTYPIC_CELL_CELL_ADHESION	GO_REGULATION_OF_LEUKOCYTE_DIFFERENTIATION	0.500000	9
GO_DENDRITIC_CELL_MIGRATION	GO_DENDRITIC_CELL_CHEMOTAXIS	1.000000	5
GO_DENDRITIC_CELL_MIGRATION	GO_CELL_CHEMOTAXIS	1.000000	5
GO_DENDRITIC_CELL_MIGRATION	GO_CHEMOKINE_MEDIATED_SIGNALING_PATHWAY	1.000000	5
GO_DENDRITIC_CELL_MIGRATION	GO_LEUKOCYTE_MIGRATION	1.000000	5
GO_REGULATION_OF_LYMPHOCYTE_MEDIATED_IMMUNITY	GO_REGULATION_OF_INTERLEUKIN_17_PRODUCTION	1.000000	5
GO_REGULATION_OF_LYMPHOCYTE_MEDIATED_IMMUNITY	GO_REGULATION_OF_LEUKOCYTE_MEDIATED_CYTOTOXICITY	0.888889	8
GO_REGULATION_OF_LYMPHOCYTE_MEDIATED_IMMUNITY	GO_POSITIVE_REGULATION_OF_INTERFERON_GAMMA_PRODUCTION	0.625000	5
GO_REGULATION_OF_LYMPHOCYTE_MEDIATED_IMMUNITY	GO_REGULATION_OF_ALPHA_BETA_T_CELL_ACTIVATION	0.625000	5
GO_REGULATION_OF_LYMPHOCYTE_MEDIATED_IMMUNITY	GO_ADAPTIVE_IMMUNE_RESPONSE	0.500000	7
GO_REGULATION_OF_LYMPHOCYTE_MEDIATED_IMMUNITY	GO_POSITIVE_REGULATION_OF_LEUKOCYTE_MEDIATED_IMMUNITY	0.916667	11
GO_REGULATION_OF_LYMPHOCYTE_MEDIATED_IMMUNITY	GO_REGULATION_OF_INTERFERON_GAMMA_PRODUCTION	0.538462	7
GO_REGULATION_OF_LYMPHOCYTE_MEDIATED_IMMUNITY	GO_REGULATION_OF_CELL_KILLING	0.909091	10
GO_REGULATION_OF_LYMPHOCYTE_MEDIATED_IMMUNITY	GO_POSITIVE_REGULATION_OF_CELL_KILLING	0.900000	9
GO_REGULATION_OF_LYMPHOCYTE_MEDIATED_IMMUNITY	GO_REGULATION_OF_LEUKOCYTE_MEDIATED_IMMUNITY	1.000000	14
GO_REGULATION_OF_LYMPHOCYTE_MEDIATED_IMMUNITY	GO_POSITIVE_REGULATION_OF_LYMPHOCYTE_MEDIATED_IMMUNITY	1.000000	11
GO_REGULATION_OF_LYMPHOCYTE_MEDIATED_IMMUNITY	GO_POSITIVE_REGULATION_OF_NATURAL_KILLER_CELL_MEDIATED_IMMUNITY	1.000000	6
GO_REGULATION_OF_LYMPHOCYTE_MEDIATED_IMMUNITY	GO_REGULATION_OF_CD4_POSITIVE_ALPHA_BETA_T_CELL_ACTIVATION	0.625000	5
GO_REGULATION_OF_LYMPHOCYTE_MEDIATED_IMMUNITY	GO_REGULATION_OF_NATURAL_KILLER_CELL_MEDIATED_IMMUNITY	1.000000	6
GO_REGULATION_OF_LYMPHOCYTE_MEDIATED_IMMUNITY	GO_NEGATIVE_REGULATION_OF_CYTOKINE_PRODUCTION	0.500000	7
GO_REGULATION_OF_INTERLEUKIN_17_PRODUCTION	GO_POSITIVE_REGULATION_OF_LEUKOCYTE_MEDIATED_IMMUNITY	1.000000	5
GO_REGULATION_OF_INTERLEUKIN_17_PRODUCTION	GO_REGULATION_OF_LEUKOCYTE_MEDIATED_IMMUNITY	1.000000	5
GO_REGULATION_OF_INTERLEUKIN_17_PRODUCTION	GO_POSITIVE_REGULATION_OF_LYMPHOCYTE_MEDIATED_IMMUNITY	1.000000	5
GO_REGULATION_OF_LEUKOCYTE_MEDIATED_CYTOTOXICITY	GO_POSITIVE_REGULATION_OF_LEUKOCYTE_MEDIATED_IMMUNITY	1.000000	9
GO_REGULATION_OF_LEUKOCYTE_MEDIATED_CYTOTOXICITY	GO_REGULATION_OF_INTERFERON_GAMMA_PRODUCTION	0.555556	5
GO_REGULATION_OF_LEUKOCYTE_MEDIATED_CYTOTOXICITY	GO_REGULATION_OF_CELL_KILLING	1.000000	9
GO_REGULATION_OF_LEUKOCYTE_MEDIATED_CYTOTOXICITY	GO_POSITIVE_REGULATION_OF_CELL_KILLING	1.000000	9
GO_REGULATION_OF_LEUKOCYTE_MEDIATED_CYTOTOXICITY	GO_REGULATION_OF_LEUKOCYTE_MEDIATED_IMMUNITY	1.000000	9
GO_REGULATION_OF_LEUKOCYTE_MEDIATED_CYTOTOXICITY	GO_POSITIVE_REGULATION_OF_LYMPHOCYTE_MEDIATED_IMMUNITY	0.888889	8
GO_REGULATION_OF_LEUKOCYTE_MEDIATED_CYTOTOXICITY	GO_POSITIVE_REGULATION_OF_NATURAL_KILLER_CELL_MEDIATED_IMMUNITY	1.000000	6
GO_REGULATION_OF_LEUKOCYTE_MEDIATED_CYTOTOXICITY	GO_REGULATION_OF_NATURAL_KILLER_CELL_MEDIATED_IMMUNITY	1.000000	6
GO_REGULATION_OF_CYTOSOLIC_CALCIUM_ION_CONCENTRATION	GO_CALCIUM_ION_TRANSPORT	0.571429	8
GO_REGULATION_OF_CYTOSOLIC_CALCIUM_ION_CONCENTRATION	GO_CHEMOKINE_MEDIATED_SIGNALING_PATHWAY	0.700000	7
GO_REGULATION_OF_CYTOSOLIC_CALCIUM_ION_CONCENTRATION	GO_REGULATION_OF_CHEMOTAXIS	0.500000	7
GO_REGULATION_OF_CYTOSOLIC_CALCIUM_ION_CONCENTRATION	GO_CALCIUM_ION_TRANSMEMBRANE_TRANSPORT	0.583333	7
GO_CHROMOSOME_LOCALIZATION	GO_CHROMOSOME_SEGREGATION	1.000000	9
GO_CHROMOSOME_LOCALIZATION	GO_SISTER_CHROMATID_SEGREGATION	0.666667	6
GO_CHROMOSOME_LOCALIZATION	GO_MITOTIC_SISTER_CHROMATID_SEGREGATION	0.555556	5
GO_CHROMOSOME_SEGREGATION	GO_SISTER_CHROMATID_SEGREGATION	1.000000	15
GO_CHROMOSOME_SEGREGATION	GO_MITOTIC_SISTER_CHROMATID_SEGREGATION	1.000000	11
GO_REGULATION_OF_ALPHA_BETA_T_CELL_DIFFERENTIATION	GO_REGULATION_OF_ALPHA_BETA_T_CELL_ACTIVATION	1.000000	7
GO_REGULATION_OF_ALPHA_BETA_T_CELL_DIFFERENTIATION	GO_REGULATION_OF_LYMPHOCYTE_DIFFERENTIATION	1.000000	7
GO_REGULATION_OF_ALPHA_BETA_T_CELL_DIFFERENTIATION	GO_REGULATION_OF_CD4_POSITIVE_ALPHA_BETA_T_CELL_ACTIVATION	1.000000	7
GO_REGULATION_OF_ALPHA_BETA_T_CELL_DIFFERENTIATION	GO_REGULATION_OF_LEUKOCYTE_DIFFERENTIATION	1.000000	7
GO_REGULATION_OF_ALPHA_BETA_T_CELL_DIFFERENTIATION	GO_REGULATION_OF_HEMOPOIESIS	1.000000	7
GO_DEFENSE_RESPONSE_TO_VIRUS	GO_RESPONSE_TO_TYPE_I_INTERFERON	0.857143	6
GO_LYMPHOCYTE_DIFFERENTIATION	GO_CD4_POSITIVE_ALPHA_BETA_T_CELL_ACTIVATION	0.857143	6
GO_LYMPHOCYTE_DIFFERENTIATION	GO_T_CELL_DIFFERENTIATION	1.000000	13
GO_LYMPHOCYTE_DIFFERENTIATION	GO_ADAPTIVE_IMMUNE_RESPONSE	0.562500	9
GO_LYMPHOCYTE_DIFFERENTIATION	GO_ALPHA_BETA_T_CELL_DIFFERENTIATION	1.000000	10
GO_LYMPHOCYTE_DIFFERENTIATION	GO_ALPHA_BETA_T_CELL_ACTIVATION	0.909091	10
GO_LYMPHOCYTE_DIFFERENTIATION	GO_LEUKOCYTE_CELL_CELL_ADHESION	0.875000	14
GO_LYMPHOCYTE_DIFFERENTIATION	GO_T_CELL_ACTIVATION_INVOLVED_IN_IMMUNE_RESPONSE	0.777778	7
GO_POSITIVE_REGULATION_OF_INTERFERON_GAMMA_PRODUCTION	GO_POSITIVE_REGULATION_OF_LEUKOCYTE_MEDIATED_IMMUNITY	0.625000	5
GO_POSITIVE_REGULATION_OF_INTERFERON_GAMMA_PRODUCTION	GO_REGULATION_OF_INTERFERON_GAMMA_PRODUCTION	1.000000	8
GO_POSITIVE_REGULATION_OF_INTERFERON_GAMMA_PRODUCTION	GO_REGULATION_OF_LEUKOCYTE_MEDIATED_IMMUNITY	0.625000	5
GO_POSITIVE_REGULATION_OF_INTERFERON_GAMMA_PRODUCTION	GO_POSITIVE_REGULATION_OF_LYMPHOCYTE_MEDIATED_IMMUNITY	0.625000	5
GO_CALCIUM_ION_TRANSPORT	GO_CALCIUM_ION_TRANSMEMBRANE_TRANSPORT	1.000000	12
GO_REGULATION_OF_ALPHA_BETA_T_CELL_ACTIVATION	GO_REGULATION_OF_LEUKOCYTE_MEDIATED_IMMUNITY	0.625000	5
GO_REGULATION_OF_ALPHA_BETA_T_CELL_ACTIVATION	GO_REGULATION_OF_LYMPHOCYTE_DIFFERENTIATION	0.875000	7
GO_REGULATION_OF_ALPHA_BETA_T_CELL_ACTIVATION	GO_REGULATION_OF_CD4_POSITIVE_ALPHA_BETA_T_CELL_ACTIVATION	1.000000	8
GO_REGULATION_OF_ALPHA_BETA_T_CELL_ACTIVATION	GO_REGULATION_OF_LEUKOCYTE_DIFFERENTIATION	0.875000	7
GO_REGULATION_OF_ALPHA_BETA_T_CELL_ACTIVATION	GO_REGULATION_OF_HEMOPOIESIS	0.875000	7
GO_REGULATION_OF_ALPHA_BETA_T_CELL_ACTIVATION	GO_NEGATIVE_REGULATION_OF_CYTOKINE_PRODUCTION	0.625000	5
GO_CD4_POSITIVE_ALPHA_BETA_T_CELL_ACTIVATION	GO_T_CELL_DIFFERENTIATION	0.857143	6
GO_CD4_POSITIVE_ALPHA_BETA_T_CELL_ACTIVATION	GO_ADAPTIVE_IMMUNE_RESPONSE	0.714286	5
GO_CD4_POSITIVE_ALPHA_BETA_T_CELL_ACTIVATION	GO_ALPHA_BETA_T_CELL_DIFFERENTIATION	0.857143	6
GO_CD4_POSITIVE_ALPHA_BETA_T_CELL_ACTIVATION	GO_ALPHA_BETA_T_CELL_ACTIVATION	1.000000	7
GO_CD4_POSITIVE_ALPHA_BETA_T_CELL_ACTIVATION	GO_LEUKOCYTE_CELL_CELL_ADHESION	1.000000	7
GO_CD4_POSITIVE_ALPHA_BETA_T_CELL_ACTIVATION	GO_T_CELL_ACTIVATION_INVOLVED_IN_IMMUNE_RESPONSE	0.714286	5
GO_T_CELL_DIFFERENTIATION	GO_ADAPTIVE_IMMUNE_RESPONSE	0.615385	8
GO_T_CELL_DIFFERENTIATION	GO_ALPHA_BETA_T_CELL_DIFFERENTIATION	1.000000	10
GO_T_CELL_DIFFERENTIATION	GO_ALPHA_BETA_T_CELL_ACTIVATION	0.909091	10
GO_T_CELL_DIFFERENTIATION	GO_LEUKOCYTE_CELL_CELL_ADHESION	1.000000	13
GO_T_CELL_DIFFERENTIATION	GO_T_CELL_ACTIVATION_INVOLVED_IN_IMMUNE_RESPONSE	0.777778	7
GO_ADAPTIVE_IMMUNE_RESPONSE	GO_ALPHA_BETA_T_CELL_DIFFERENTIATION	0.700000	7
GO_ADAPTIVE_IMMUNE_RESPONSE	GO_ALPHA_BETA_T_CELL_ACTIVATION	0.636364	7
GO_ADAPTIVE_IMMUNE_RESPONSE	GO_POSITIVE_REGULATION_OF_CELL_KILLING	0.500000	5
GO_ADAPTIVE_IMMUNE_RESPONSE	GO_LEUKOCYTE_CELL_CELL_ADHESION	0.550000	11
GO_ADAPTIVE_IMMUNE_RESPONSE	GO_T_CELL_ACTIVATION_INVOLVED_IN_IMMUNE_RESPONSE	0.888889	8
GO_ADAPTIVE_IMMUNE_RESPONSE	GO_REGULATION_OF_LYMPHOCYTE_DIFFERENTIATION	0.500000	6
GO_DENDRITIC_CELL_CHEMOTAXIS	GO_CELL_CHEMOTAXIS	1.000000	5
GO_DENDRITIC_CELL_CHEMOTAXIS	GO_CHEMOKINE_MEDIATED_SIGNALING_PATHWAY	1.000000	5
GO_DENDRITIC_CELL_CHEMOTAXIS	GO_LEUKOCYTE_MIGRATION	1.000000	5
GO_POSITIVE_REGULATION_OF_LEUKOCYTE_MEDIATED_IMMUNITY	GO_REGULATION_OF_INTERFERON_GAMMA_PRODUCTION	0.500000	6
GO_POSITIVE_REGULATION_OF_LEUKOCYTE_MEDIATED_IMMUNITY	GO_REGULATION_OF_CELL_KILLING	0.909091	10
GO_POSITIVE_REGULATION_OF_LEUKOCYTE_MEDIATED_IMMUNITY	GO_POSITIVE_REGULATION_OF_CELL_KILLING	1.000000	10
GO_POSITIVE_REGULATION_OF_LEUKOCYTE_MEDIATED_IMMUNITY	GO_REGULATION_OF_LEUKOCYTE_MEDIATED_IMMUNITY	1.000000	12
GO_POSITIVE_REGULATION_OF_LEUKOCYTE_MEDIATED_IMMUNITY	GO_POSITIVE_REGULATION_OF_LYMPHOCYTE_MEDIATED_IMMUNITY	1.000000	11
GO_POSITIVE_REGULATION_OF_LEUKOCYTE_MEDIATED_IMMUNITY	GO_POSITIVE_REGULATION_OF_NATURAL_KILLER_CELL_MEDIATED_IMMUNITY	1.000000	6
GO_POSITIVE_REGULATION_OF_LEUKOCYTE_MEDIATED_IMMUNITY	GO_LEUKOCYTE_CELL_CELL_ADHESION	0.500000	6
GO_POSITIVE_REGULATION_OF_LEUKOCYTE_MEDIATED_IMMUNITY	GO_REGULATION_OF_NATURAL_KILLER_CELL_MEDIATED_IMMUNITY	1.000000	6
GO_POSITIVE_REGULATION_OF_LEUKOCYTE_MEDIATED_IMMUNITY	GO_NEGATIVE_REGULATION_OF_CYTOKINE_PRODUCTION	0.500000	6
GO_CELL_CHEMOTAXIS	GO_CHEMOKINE_MEDIATED_SIGNALING_PATHWAY	0.800000	8
GO_CELL_CHEMOTAXIS	GO_LEUKOCYTE_MIGRATION	0.846154	11
GO_CELL_CHEMOTAXIS	GO_REGULATION_OF_CHEMOTAXIS	0.615385	8
GO_REGULATION_OF_INTERFERON_GAMMA_PRODUCTION	GO_REGULATION_OF_CELL_KILLING	0.545455	6
GO_REGULATION_OF_INTERFERON_GAMMA_PRODUCTION	GO_POSITIVE_REGULATION_OF_CELL_KILLING	0.500000	5
GO_REGULATION_OF_INTERFERON_GAMMA_PRODUCTION	GO_REGULATION_OF_LEUKOCYTE_MEDIATED_IMMUNITY	0.538462	7
GO_REGULATION_OF_INTERFERON_GAMMA_PRODUCTION	GO_POSITIVE_REGULATION_OF_LYMPHOCYTE_MEDIATED_IMMUNITY	0.545455	6
GO_ALPHA_BETA_T_CELL_DIFFERENTIATION	GO_ALPHA_BETA_T_CELL_ACTIVATION	1.000000	10
GO_ALPHA_BETA_T_CELL_DIFFERENTIATION	GO_LEUKOCYTE_CELL_CELL_ADHESION	1.000000	10
GO_ALPHA_BETA_T_CELL_DIFFERENTIATION	GO_T_CELL_ACTIVATION_INVOLVED_IN_IMMUNE_RESPONSE	0.777778	7
GO_CHEMOKINE_MEDIATED_SIGNALING_PATHWAY	GO_LEUKOCYTE_MIGRATION	0.800000	8
GO_CHEMOKINE_MEDIATED_SIGNALING_PATHWAY	GO_REGULATION_OF_CHEMOTAXIS	0.700000	7
GO_ALPHA_BETA_T_CELL_ACTIVATION	GO_LEUKOCYTE_CELL_CELL_ADHESION	1.000000	11
GO_ALPHA_BETA_T_CELL_ACTIVATION	GO_T_CELL_ACTIVATION_INVOLVED_IN_IMMUNE_RESPONSE	0.777778	7
GO_REGULATION_OF_CELL_KILLING	GO_POSITIVE_REGULATION_OF_CELL_KILLING	1.000000	10
GO_REGULATION_OF_CELL_KILLING	GO_REGULATION_OF_LEUKOCYTE_MEDIATED_IMMUNITY	1.000000	11
GO_REGULATION_OF_CELL_KILLING	GO_POSITIVE_REGULATION_OF_LYMPHOCYTE_MEDIATED_IMMUNITY	0.818182	9
GO_REGULATION_OF_CELL_KILLING	GO_POSITIVE_REGULATION_OF_NATURAL_KILLER_CELL_MEDIATED_IMMUNITY	1.000000	6
GO_REGULATION_OF_CELL_KILLING	GO_REGULATION_OF_NATURAL_KILLER_CELL_MEDIATED_IMMUNITY	1.000000	6
GO_REGULATION_OF_CELL_KILLING	GO_NEGATIVE_REGULATION_OF_CYTOKINE_PRODUCTION	0.545455	6
GO_POSITIVE_REGULATION_OF_CELL_KILLING	GO_REGULATION_OF_LEUKOCYTE_MEDIATED_IMMUNITY	1.000000	10
GO_POSITIVE_REGULATION_OF_CELL_KILLING	GO_POSITIVE_REGULATION_OF_LYMPHOCYTE_MEDIATED_IMMUNITY	0.900000	9
GO_POSITIVE_REGULATION_OF_CELL_KILLING	GO_POSITIVE_REGULATION_OF_NATURAL_KILLER_CELL_MEDIATED_IMMUNITY	1.000000	6
GO_POSITIVE_REGULATION_OF_CELL_KILLING	GO_REGULATION_OF_NATURAL_KILLER_CELL_MEDIATED_IMMUNITY	1.000000	6
GO_POSITIVE_REGULATION_OF_CELL_KILLING	GO_NEGATIVE_REGULATION_OF_CYTOKINE_PRODUCTION	0.500000	5
GO_LEUKOCYTE_MIGRATION	GO_REGULATION_OF_CHEMOTAXIS	0.714286	10
GO_REGULATION_OF_LEUKOCYTE_MEDIATED_IMMUNITY	GO_POSITIVE_REGULATION_OF_LYMPHOCYTE_MEDIATED_IMMUNITY	1.000000	11
GO_REGULATION_OF_LEUKOCYTE_MEDIATED_IMMUNITY	GO_POSITIVE_REGULATION_OF_NATURAL_KILLER_CELL_MEDIATED_IMMUNITY	1.000000	6
GO_REGULATION_OF_LEUKOCYTE_MEDIATED_IMMUNITY	GO_REGULATION_OF_CD4_POSITIVE_ALPHA_BETA_T_CELL_ACTIVATION	0.625000	5
GO_REGULATION_OF_LEUKOCYTE_MEDIATED_IMMUNITY	GO_REGULATION_OF_NATURAL_KILLER_CELL_MEDIATED_IMMUNITY	1.000000	6
GO_REGULATION_OF_LEUKOCYTE_MEDIATED_IMMUNITY	GO_NEGATIVE_REGULATION_OF_CYTOKINE_PRODUCTION	0.533333	8
GO_POSITIVE_REGULATION_OF_LYMPHOCYTE_MEDIATED_IMMUNITY	GO_POSITIVE_REGULATION_OF_NATURAL_KILLER_CELL_MEDIATED_IMMUNITY	1.000000	6
GO_POSITIVE_REGULATION_OF_LYMPHOCYTE_MEDIATED_IMMUNITY	GO_REGULATION_OF_NATURAL_KILLER_CELL_MEDIATED_IMMUNITY	1.000000	6
GO_SISTER_CHROMATID_SEGREGATION	GO_MITOTIC_SISTER_CHROMATID_SEGREGATION	1.000000	11
GO_POSITIVE_REGULATION_OF_NATURAL_KILLER_CELL_MEDIATED_IMMUNITY	GO_REGULATION_OF_NATURAL_KILLER_CELL_MEDIATED_IMMUNITY	1.000000	6
GO_LEUKOCYTE_CELL_CELL_ADHESION	GO_T_CELL_ACTIVATION_INVOLVED_IN_IMMUNE_RESPONSE	1.000000	9
GO_REGULATION_OF_LYMPHOCYTE_DIFFERENTIATION	GO_REGULATION_OF_CD4_POSITIVE_ALPHA_BETA_T_CELL_ACTIVATION	0.875000	7
GO_REGULATION_OF_LYMPHOCYTE_DIFFERENTIATION	GO_REGULATION_OF_LEUKOCYTE_DIFFERENTIATION	1.000000	12
GO_REGULATION_OF_LYMPHOCYTE_DIFFERENTIATION	GO_REGULATION_OF_HEMOPOIESIS	1.000000	12
GO_REGULATION_OF_CD4_POSITIVE_ALPHA_BETA_T_CELL_ACTIVATION	GO_REGULATION_OF_LEUKOCYTE_DIFFERENTIATION	0.875000	7
GO_REGULATION_OF_CD4_POSITIVE_ALPHA_BETA_T_CELL_ACTIVATION	GO_REGULATION_OF_HEMOPOIESIS	0.875000	7
GO_REGULATION_OF_CD4_POSITIVE_ALPHA_BETA_T_CELL_ACTIVATION	GO_NEGATIVE_REGULATION_OF_CYTOKINE_PRODUCTION	0.625000	5
GO_REGULATION_OF_LEUKOCYTE_DIFFERENTIATION	GO_POSITIVE_REGULATION_OF_OSTEOCLAST_DIFFERENTIATION	1.000000	5
GO_REGULATION_OF_LEUKOCYTE_DIFFERENTIATION	GO_REGULATION_OF_HEMOPOIESIS	1.000000	18
GO_POSITIVE_REGULATION_OF_OSTEOCLAST_DIFFERENTIATION	GO_REGULATION_OF_HEMOPOIESIS	1.000000	5
