node	log2fold	enrichment_p_value	node_size
GO_LYMPHOCYTE_DIFFERENTIATION	1.45998797784	0.0002496343931972773	16
GO_CHROMOSOME_LOCALIZATION	2.34493602057	5.837262035963276e-05	9
GO_NUCLEAR_CHROMOSOME_SEGREGATION	1.59712304417	3.0127066459913126e-05	18
GO_T_CELL_ACTIVATION_INVOLVED_IN_IMMUNE_RESPONSE	2.71530447052	6.595567490063562e-06	9
GO_REGULATION_OF_HEMOPOIESIS	1.37043639287	7.089255685309678e-05	21
GO_REGULATION_OF_INTERFERON_GAMMA_PRODUCTION	2.37455250134	1.0773903700272595e-06	13
GO_REGULATION_OF_HOMOTYPIC_CELL_CELL_ADHESION	1.3239927606	0.00016208532258046347	20
GO_REGULATION_OF_CELL_KILLING	2.68993775036	7.494170246505261e-07	11
GO_RESPONSE_TO_TYPE_I_INTERFERON	2.31796897297	0.00043868038973660957	7
GO_T_CELL_DIFFERENTIATION	1.75788114089	0.00012274362481817593	13
GO_POSITIVE_REGULATION_OF_CD4_POSITIVE_ALPHA_BETA_T_CELL_ACTIVATION	2.90293147369	0.00010939219104359758	6
GO_DENDRITIC_CELL_CHEMOTAXIS	3.41750464652	6.391324164227663e-05	5
GO_LEUKOCYTE_CHEMOTAXIS	1.870509996	0.00020164723086449536	11
GO_LEUKOCYTE_MIGRATION	1.40266613755	0.00011539944699250472	19
GO_POSITIVE_REGULATION_OF_STAT_CASCADE	2.09557655164	0.0005129052352942428	8
GO_REGULATION_OF_CHEMOTAXIS	1.47188165643	0.0005498456075771866	14
GO_REGULATION_OF_ALPHA_BETA_T_CELL_DIFFERENTIATION	2.35273439113	0.0003762740254833235	7
GO_CELLULAR_DEFENSE_RESPONSE	2.35273439113	0.0003762740254833235	7
GO_CHROMOSOME_SEGREGATION	1.31130524269	0.00037724044503945476	18
GO_REGULATION_OF_ISOTYPE_SWITCHING	2.90293147369	0.0004190225045942594	5
GO_POSITIVE_REGULATION_OF_INTERFERON_GAMMA_PRODUCTION	2.20249175555	0.0003054500478437014	8
GO_REGULATION_OF_LEUKOCYTE_DIFFERENTIATION	1.52596201525	5.794193374032465e-05	18
GO_ADAPTIVE_IMMUNE_RESPONSE	1.81143311921	6.070686065538564e-07	21
GO_REGULATION_OF_CYTOSOLIC_CALCIUM_ION_CONCENTRATION	1.77122579448	1.0317590975524586e-05	17
GO_DEFENSE_RESPONSE_TO_VIRUS	1.80895532548	8.520642941770145e-05	13
GO_CELL_CHEMOTAXIS	1.64917488145	0.00026225627095888287	13
GO_ALPHA_BETA_T_CELL_DIFFERENTIATION	2.76542794994	1.435525873415304e-06	10
GO_POSITIVE_REGULATION_OF_LYMPHOCYTE_MEDIATED_IMMUNITY	2.58100337881	1.6677882448611168e-06	11
GO_CALCIUM_ION_TRANSMEMBRANE_TRANSPORT	1.74642698801	0.00023907057049911846	12
GO_REGULATION_OF_CD4_POSITIVE_ALPHA_BETA_T_CELL_ACTIVATION	2.81546863244	1.2507211905898103e-05	8
GO_LEUKOCYTE_CELL_CELL_ADHESION	1.49693911402	3.055423114980661e-05	20
GO_REGULATION_OF_B_CELL_MEDIATED_IMMUNITY	2.75609008536	5.878786660866918e-05	7
GO_CALCIUM_ION_TRANSPORT	1.43416199048	0.0007138427836405079	14
GO_REGULATION_OF_LEUKOCYTE_MEDIATED_CYTOTOXICITY	2.68053905236	8.147767913935922e-06	9
GO_T_CELL_DIFFERENTIATION_INVOLVED_IN_IMMUNE_RESPONSE	2.85230540062	3.6979968839004173e-05	7
GO_LYMPHOCYTE_MIGRATION	2.98539363388	1.2169391490394006e-06	9
GO_DENDRITIC_CELL_MIGRATION	3.05493456714	0.0002447618161029255	5
GO_REGULATION_OF_INTERLEUKIN_17_PRODUCTION	2.8325421458	0.0005349543617245517	5
GO_REGULATION_OF_T_HELPER_CELL_DIFFERENTIATION	2.96433201836	8.441516748422283e-05	6
GO_NEGATIVE_REGULATION_OF_CYTOKINE_PRODUCTION	1.57254180006	6.171790848297071e-05	17
GO_REGULATION_OF_LEUKOCYTE_MEDIATED_IMMUNITY	1.86730756396	1.5238788290120248e-05	15
GO_CHEMOKINE_MEDIATED_SIGNALING_PATHWAY	2.61014972446	4.0901647950417915e-06	10
GO_POSITIVE_REGULATION_OF_OSTEOCLAST_DIFFERENTIATION	2.8325421458	0.0005349543617245517	5
GO_POSITIVE_REGULATION_OF_CELL_KILLING	3.27066325819	3.7980373746829767e-08	10
GO_LEUKOCYTE_DIFFERENTIATION	1.30004706497	0.0002023849492238437	20
GO_POSITIVE_REGULATION_OF_LEUKOCYTE_MEDIATED_IMMUNITY	2.42180478396	1.946138716071811e-06	12
GO_POSITIVE_REGULATION_OF_IMMUNE_EFFECTOR_PROCESS	1.75609008536	6.89802929933583e-05	14
GO_REGULATION_OF_LYMPHOCYTE_DIFFERENTIATION	1.77364845675	0.00019995331785916117	12
GO_MITOTIC_SISTER_CHROMATID_SEGREGATION	2.07696087347	5.4101917092609735e-05	11
GO_RESPONSE_TO_VIRUS	1.77168694041	9.590513379016471e-07	21
GO_CD4_POSITIVE_ALPHA_BETA_T_CELL_ACTIVATION	2.66589227639	9.012403159051008e-05	7
GO_REGULATION_OF_NATURAL_KILLER_CELL_MEDIATED_IMMUNITY	2.90293147369	0.00010939219104359758	6
GO_ALPHA_BETA_T_CELL_ACTIVATION	2.71850690256	6.058796024923893e-07	11
GO_REGULATION_OF_LYMPHOCYTE_MEDIATED_IMMUNITY	2.25085477711	1.2286220848410597e-06	14
GO_NATURAL_KILLER_CELL_ACTIVATION	2.62991297929	0.00033490408626116793	6
GO_RESPONSE_TO_KETONE	1.54036139431	0.0003392748616251492	14
GO_REGULATION_OF_ALPHA_BETA_T_CELL_ACTIVATION	2.07004145953	0.0005794639256476196	8
GO_SISTER_CHROMATID_SEGREGATION	1.58100337881	0.0001542315687654218	15
GO_POSITIVE_REGULATION_OF_NATURAL_KILLER_CELL_MEDIATED_IMMUNITY	3.48789397441	8.178575852031194e-06	6
