upstream_regulator	activation_zscore	enrichment_p_value	enrichment_p.BH_value	log2_fold_enrichment	genes_in_background	target_genes	genes_activated	genes_inhibited	candidate_genes	overlapping_genes	bias_term	activated_gene_names	inhibited_gene_names	overlapping_gene_names
MAFA	-2.06343830673	0.23988707206333343	0.3493657358237809	1.08335243794	17831	5	1	3	3366	2	0.0268161434978	SLC2A2	GLP1R,PCSK1,PCX	GLP1R,PCSK1
NKX2-1	-3.23598054519	0.013731884546145124	0.05029317637241998	1.8203180321	17831	6	0	5	3366	4	0.0536322869955		FOXJ1,SCGB1A1,SFTPC,SOX17,WNT7B	FOXJ1,SCGB1A1,SFTPC,SOX17
APEX1	-2.65363901791	0.008043138743765494	0.03173383831631113	1.72720862771	17831	8	1	6	3366	5	0.0383087764254	TLR4	BLK,CCL12,NFKB1,PAX5,PTGS2,RELA	BLK,NFKB1,PAX5,PTGS2,TLR4
RBPJ	-2.3358313251	0.04759883061440617	0.1066414367411604	1.08335243794	17831	15	2	7	3366	6	0.0297957149975	PLCG2,RLIM	CR2,FOS,HES1,NFATC1,PRDM1,SOX9,TYROBP	BIRC5,CR2,FOS,HES1,PLCG2,TYROBP
RORA	-2.41300651048	0.6487171055461457	0.7182225097118042	0.0833524379375	17831	5	0	2	3366	1	0.0536322869955		CYP7B1,LAMB1	LAMB1
ETS1	-3.79626275107	6.4862155827962254e-12	4.691695938222602e-10	1.73285519085	17831	51	7	23	3366	32	0.0286038863976	CD3D,CD4,FLI1,IKZF1,IL7R,SELL,TGFBR2	ANGPT2,ANPEP,BMP4,CCL2,CDKN2A,CSF1R,CSF3R,ERG,HMOX1,IGHM,IL10,IL5,ITGA2B,KDR,NPR1,PCYT1A,PRDM1,PTGS2,RETNLA,RNF11,RUNX2,SPP1,VWF	ANGPT2,ANPEP,BMP4,CCL2,CDH5,CSF1R,CSF3R,EBF1,ERG,FOS,FOXP3,IL10,IL5,ITGA2B,KDR,KRT8,LTBR,MET,MMP3,MMP9,NOS3,NPR1,NR2F2,PTGS2,RETNLA,SELL,SH2D1A,SPP1,THBD,TIMP1,VEGFA,VWF
RELA	-2.49039697696	1.5818638552744826e-05	0.00029874276553187054	0.970877708679	17831	100	28	38	3366	37	0.00812610409023	BIRC3,CDK9,CFLAR,CLDN5,COL1A1,CXCL10,FAS,FASL,HES1,HGF,HSD11B2,IFNG,IL2,ITCH,LTC4S,MYC,NOS2,PDK4,PGLYRP1,RIPK2,SLC1A2,SOD2,STK39,TNF,TNFAIP3,TNFSF13B,TRP63,TRP73	AKT1,BCL2,BCL2L1,BMP2,CCL12,CCL2,CCND1,CD40,CD80,CD86,CDKN1B,CSF1,CXCL15,DCST1,EPAS1,FN1,FTH1,GLI1,HES1,IL12B,IL23A,IL6,KLRB1C,MET,MMP14,MMP9,NFKB1,NOS2,PECAM1,PTEN,PTGS2,SELP,SERPINE2,TEC,TNF,TWIST1,UPP1,WT1	APOE,CCL2,CCND1,CD40,CLDN5,COL1A1,CSF1,CXADR,CXCL10,CXCL15,CYP11A1,EPAS1,FASL,FN1,FOS,HES1,IL10,IL12B,IL6,IRF4,KLF5,LTC4S,MAP3K8,MET,MMP9,MYC,NFKB1,NGB,PGF,PGLYRP1,PTGS2,SELP,SERPINE2,TLR2,TNFAIP3,TRP73,UPP1
MYB	-2.01918835906	0.0004986750227948719	0.004328499197859488	1.66831493866	17831	15	3	5	3366	9	0.0134080717489	CDKN1A,CSF1R,CSF3R	ANPEP,GSTM2,IGFBP5,KIT,PTGS2	ANPEP,CSF1R,CSF3R,GSTM2,IGFBP5,KIT,MYC,PTGS2,RFX2
DMTF1	-2.80694386336	0.768857336971156	0.7982872828839275	-0.402074389233	17831	7	0	4	3366	1	0.0536322869955		AREG,CDKN2A,EGR1,JUNB	AREG
ETS2	-2.87948953054	0.002334956722077342	0.014902517902670095	1.27974965074	17831	24	4	12	3366	11	0.0268161434978	CD4,FLI1,MDM2,NAB2	BCL2L1,CDKN2A,CSF1R,CSF3R,ERG,HMOX1,HMOX2,KRT8,NOS2,PCYT1A,STAB1,TLR13	CSF1R,CSF3R,DUSP6,ERG,FLT4,JUN,KIT,KRT8,SH2D1A,STAB1,TLR13
SP1	-2.38886392165	1.8243185176652376e-13	1.9793855916667828e-11	1.06758512208	17831	230	52	64	3366	91	0.00554816762023	ABCC1,AHR,ARNTL,ASCL2,CD1D2,CDKN2C,CEBPA,CEND1,CIRBP,COPS5,COX17,CTSE,DNMT1,EGR1,EPOR,FMR1,GSTK1,HINFP,HSPA1B,ICAM1,IL10,IL2,ITGA6,JAK3,KCNN3,KDM5A,LOR,LTF,MET,MGARP,MIF,MRC1,MYB,OPRM1,PARP1,PCYT1A,PEMT,PLD2,PTDSS1,RAC2,REST,SELL,SETDB1,SIRT1,SLC2A3,TERT,THRA,TNFSF11,TPT1,TXLNG,VEGFA,ZBTB14	ACACA,ACSS1,ACTA2,ADCYAP1R1,APP,BACE1,BFSP1,BSG,BTK,CADM1,CCL2,CCND1,CCND2,CCND3,CDH5,CDKN1A,CDKN1C,CES1D,COL1A2,COL5A1,COX4I1,CSF1,CSF1R,CSF2,CSRP2,CYP11A1,DMD,ECM1,EPOR,GPC4,HGF,HSPA1B,ITGA5,KCNN3,KLF16,KRT5,LGALS1,LIPE,MET,MFN2,MGP,MMP9,MYC,MYH11,NOS3,NPR1,NRGN,NRP1,PCYT1A,PRKRA,PTGS1,PTGS2,RAC2,RUNX2,SLC9A2,SOD3,SP4,SRC,SREBF1,TEC,TESC,TGM1,UCP3,VEGFA	ABCA1,ABCB1A,ACTA2,ADCY4,ALDH3A1,ALOX5,APOE,APP,ASCL2,BFSP1,BMP4,BTK,CADM1,CCL2,CCND1,CD14,CD55,CD79A,CDH5,CDKN1C,CEBPA,CEBPD,CES1D,CES2C,COL1A1,COL1A2,COL5A1,CSF1,CSF1R,CSRP2,CXADR,CYP11A1,EPAS1,FASL,FBLN1,FOS,GFPT2,GHR,GPC4,HSPA1B,IGFBP3,IL10,IL6,ITGA5,JUN,KCNN3,KIT,LMNA,LPL,LTF,MERTK,MET,MGARP,MGP,MGST1,MMP2,MMP28,MMP9,MRC1,MYC,MYH11,NES,NGB,NKX2-1,NOS3,NPR1,NR1H3,NRGN,PLAUR,PRKAR2B,PTGS1,PTGS2,RNF141,SCARB1,SELL,SERPINE1,SLC11A1,SLC9A2,SOCS3,SOD3,SPARC,SRC,SULT1A1,SYN2,THRA,TIMP3,TLR2,TNFAIP3,TRF,UCP3,VEGFA
SP3	-2.17534559198	5.357829736950261e-06	0.00011626490529182066	1.1757986867	17831	68	16	24	3366	29	0.0107264573991	AHR,ANGPT2,DNMT1,IL10,ITGA6,KCNN3,MET,MGP,OPRM1,PTDSS1,RAC2,SETDB1,SLC2A3,SLC9A2,TERT,ZFP143	ACACA,ACTA2,ANGPT2,BSG,CDH5,CDKN1A,CEBPA,CSF1,DMD,GHR,GPC4,HGF,LIPE,NRGN,OPRM1,PCYT1A,PRKRA,PTGS2,SOD3,SP1,TESC,TXLNG,UCP3,VEGFA	ACTA2,ADCY4,ANGPT2,CDH5,CEBPA,CES2C,CSF1,EPAS1,FBLN1,GHR,GPC4,IL10,IL6,KCNN3,LMNA,LPL,MERTK,MET,MGP,NES,NOS3,NRGN,PTGS2,SDC1,SLC9A2,SOCS3,SOD3,UCP3,VEGFA
GATA3	-2.99044102663	0.10682305995839327	0.19000495090960115	0.919853705655	17831	14	2	9	3366	5	0.034129637179	IL10,IL3	CDKN2C,DLC1,ERG,FGF10,IFNG,IL13,IL5,RUNX3,TBX21	DLC1,ERG,FOXP3,IL10,IL5
FOXA2	-3.02600571805	0.01569556558444825	0.05321777705976984	1.02676890957	17831	26	4	10	3366	10	0.0229852658552	IL13,IL33,MCHR1,SOX2	CCL20,HADH,IL4,MSX1,OTX1,SOX17,TBX1,TLE4,VTN,WNT7B	GCG,HMGCS2,IL33,MAP1B,MSX1,PGF,REG3G,SOX17,TBX1,VTN
POU2AF1	-2.04379994437	0.058510115225257564	0.12208360580654704	1.14224612699	17831	12	3	4	3366	5	0.00766175528507	CXCR5,POU2F1,POU2F2	ALDH1A7,BTK,CD79B,SPI1	ALDH1A7,BTK,CD79B,SPI1,SPIB
RUNX3	-2.28449392795	0.0008881414172349471	0.00688309598357084	1.99024303355	17831	8	2	5	3366	6	0.0229852658552	IFNG,ITGAE	CCR7,CD4,CLDN7,PIRB,SLC22A17	CCR7,CLDN7,ITGAE,PIRB,SLC22A17,THBS1
APC	-2.99999997789	0.049634954427913366	0.1066414367411604	1.66831493866	17831	5	0	4	3366	3	0.0536322869955		MYC,SPP1,TCF4,TRP53	MYC,SPP1,TCF4
SREBF1	-2.70888829438	0.6306771748786255	0.7182225097118042	-0.0801462943454	17831	28	7	14	3366	5	0.0178774289985	ACSS2,ADIPOQ,CD5L,FAS,GPAM,IL17A,PLA2G6	ABCA3,ABCD2,ACACA,CDKN1A,CIDEA,CLU,FASN,FBXW7,LIPE,NLRP1A,NPC1,PPARGC1A,SLC2A4,THRSP	ABCD2,ADIPOQ,CLU,IL17A,SCD1
YBX1	-2.41421355505	0.6487171055461457	0.7182225097118042	0.0833524379375	17831	5	0	2	3366	1	0.0536322869955		ABCB1A,SLC2A3	ABCB1A
HIF1A	-3.28113711135	0.019667107047724435	0.06276120925523827	1.21263545488	17831	16	3	10	3366	7	0.0288789237668	CITED2,CREBBP,PFKFB3	BACE1,BSG,DLL4,HEY1,HEY2,MDK,MT1,SERPINE1,SNAI1,VEGFA	DLL4,HEY1,HEY2,MT1,PTGS2,SERPINE1,VEGFA
JUN	-2.32236500229	6.010406049571919e-09	3.260645281892766e-07	1.17006407113	17831	113	25	33	3366	48	0.00739755682697	B4GALNT1,BCL3,CAT,CCND1,CXCL2,ICAM1,IFNG,IL11,IL2,IL4,JUN,LOR,MIR23A,MMP3,MYOD1,NEFL,NFE2L2,NOS2,ODC1,PENK,PTPN4,RAB18,RELB,TBP,TFF2	ALDH1A1,ANGPT2,CCL12,CCND1,CCND2,CDKN2A,COL3A1,CSF1R,CTSK,CYP11A1,FOS,GCLC,HMOX1,IL12B,IL27,IL6,ITGA5,KRT18,MAF,MET,MMP9,NACC1,NFKB1,NOS2,NR3C1,PPP1R3B,PTGS2,SERPINE1,SPP1,SRXN1,TGFB1,TGM1,TRP53	ALDH1A1,ALDH3A1,ANGPT2,AQP5,CCL2,CCND1,CD14,CEBPD,COL3A1,CSF1R,CTSK,CXCL15,CYP11A1,ENO2,FGF7,FOS,GCLC,IL12B,IL1B,IL6,ITGA5,JDP2,JUN,KRT18,MET,MMP12,MMP19,MMP2,MMP3,MMP9,MSR1,NFKB1,PENK,PLAUR,PLIN2,PPP1R3B,PTGS2,PTPN4,SERPINE1,SLC8A1,SOCS3,SPP1,SRC,SRXN1,TFF2,TIMP1,TRP73,WEE1
TCF4	-2.14160269119	0.019667107047724435	0.06276120925523827	1.21263545488	17831	16	5	7	3366	7	0.00893871449925	CDH1,COPS5,ID3,MITF,SSTR2	ACTA2,CD44,EDN1,FN1,PLAUR,PTGS2,SSTR2	ACTA2,CDH1,EDN1,FN1,MYC,PLAUR,PTGS2
TCF3	-2.33703697671	6.88870169288928e-05	0.0008304712596427632	1.51219573674	17831	26	4	12	3366	14	0.0268161434978	ADIPOQ,CDH1,FOXO1,TPT1	ACTA2,AICDA,CCND3,CD19,CD5,CD79A,CDKN1A,EPB42,ID1,INSM1,LEF1,UNG	ACTA2,ADIPOQ,CD19,CD7,CD79A,CDH1,CLDN4,EBF1,FOXO1,FOXP3,ID1,KIT,LEF1,PAX5
FOS	-2.3844885141	0.003973495341991774	0.021556212230305374	0.938154522398	17831	47	6	11	3366	17	0.0157742020575	IL2,MMP9,NEFL,NFE2L2,PENK,TFF2	FOS,IL27,KRT18,NACC1,NOS2,NR3C1,PPP1R3B,SRC,SRR,SRXN1,TGFB1	BDNF,CXCL15,FOS,IL6,JUN,KRT18,MMP2,MMP9,MT1,PENK,PPP1R3B,SOCS3,SRC,SRXN1,TFF2,TINAGL1,WEE1
NUPR1	-2.16023067299	0.31706159595185507	0.4195266239119058	0.820318032104	17831	6	1	2	3366	2	0.0178774289985	HMOX1	CCNA2,TCF19	CCNA2,GCG
PARP1	-2.33642119674	0.04023367516835264	0.10035295990267269	1.26777700907	17831	11	1	4	3366	5	0.0321793721973	NFKB1	E2F1,FN1,NKX2-1,NOS2	FN1,IL10,MMP9,NFKB1,NKX2-1
PPARA	-2.18595845513	6.009084100679508e-07	2.173285416412422e-05	1.54967044216	17831	38	10	16	3366	21	0.0123766816143	CEBPA,CEBPB,CEBPD,GSK3B,IL6ST,NFKBIA,PXMP4,SLC25A20,SPP1,TRIB3	ABCD4,AKR1C18,ALDH3A2,ANGPTL4,BCL2,CD36,CDKN2A,CIDEA,IL6RA,LPL,SERPINE1,SERPINE2,SLC27A1,TBX21,UCP2,UCP3	ACOT1,AKR1C18,ANGPTL4,CD36,CEBPA,CEBPB,CEBPD,FABP1,FABP4,IL6,IL6RA,LPL,MMP12,NFKBIA,PTGS2,SERPINE1,SERPINE2,SLC15A1,SLC27A1,SPP1,UCP3
EPAS1	-2.61306761763	0.04023367516835264	0.10035295990267269	1.26777700907	17831	11	2	6	3366	5	0.0268161434978	CITED2,COL10A1	CDH5,FLT1,FXN,KDR,RUNX2,SERPINE1	CDH5,EFNA1,FLT1,KDR,SERPINE1
ESR2	-3.53682538556	0.31005062981948955	0.4195266239119058	0.498389937216	17831	15	2	12	3366	4	0.0383087764254	MAPK3,SLC2A4	AKT1,AR,BCL2,BMP2,CASP3,CASP8,IGF1R,MAPK1,MAPK8,PPARG,PTGS1,STAT5A	CASP3,MAPK3,PTGS1,VEGFA
MEF2C	-2.3738989754	0.03382927922900896	0.08844522400837283	1.18288811149	17831	14	2	6	3366	6	0.0268161434978	AMPD1,IL10	DES,IL1RN,MYOZ2,RUNX2,SFRP2,SOCS2	AMPD1,DES,IL10,IL1RN,JUN,SFRP2
FOXC1	-2.86622854508	0.02727937672144325	0.07589262498145109	1.59792561077	17831	7	1	6	3366	4	0.0383087764254	CXCR4	CXCL12,DLL4,HEY2,RUNX2,SNAI1,TBX1	CXCL12,DLL4,HEY2,TBX1
HDAC1	-2.86576282418	0.2573839309263075	0.3723487534067249	0.466681077489	17831	23	1	7	3366	6	0.0402242152466	PPP2CA	AKAP12,AR,CD1D2,CDC25A,FAS,NFKBIA,SPP1	CEBPB,IL12B,IL6,JUN,NFKBIA,SPP1
HDAC3	-2.41421356237	0.02727937672144325	0.07589262498145109	1.59792561077	17831	7	0	2	3366	4	0.0536322869955		JUN,NFKBIA	FOS,JUN,NFKBIA,NR4A2
SMAD1	-2.47619613054	0.028096012232851183	0.07621043318160883	1.12517261363	17831	17	3	7	3366	7	0.0214529147982	ID3,IFI204,RUNX1	BMP2,CDKN1A,COL1A1,RUNX2,SMAD6,SPP1,TNFRSF11B	COL1A1,COL4A1,COL4A2,HEY1,SMAD6,SPP1,TNFRSF11B
SMAD2	-2.08427781595	0.058510115225257564	0.12208360580654704	1.14224612699	17831	12	2	6	3366	5	0.0268161434978	AFP,FOXP3	BECN1,CDKN1A,DAPK1,HES1,RGCC,SKIL	AFP,DAPK1,FBLN5,FOXP3,HES1
SOX9	-2.42931867015	0.28146639220790665	0.401830309928393	0.479281114269	17831	19	6	13	3366	5	0.0197592636299	CDH1,CDKN1A,CTNNB1,SLC6A19,VEGFA,WWP2	BEST1,BMI1,CDKN1A,CYP26B1,FGF9,FURIN,LXN,MIA,PHEX,PIK3CA,PTHLH,RET,VNN1	CDH1,CYP26B1,MIA,PTHLH,VEGFA
ATF2	-2.07272419532	0.40165320688380945	0.5036923068998616	0.405280532825	17831	12	3	5	3366	3	0.0134080717489	FOS,IL23A,PPARG	CCND1,CEBPA,ENTPD1,RELA,RHOB	CCND1,CEBPA,FOS
USF2	-2.93512527995	0.015300304438149526	0.05270104862029282	1.55728362627	17831	9	1	7	3366	5	0.0402242152466	FMR1	BDNF,COL1A1,FASN,HMOX1,LIPE,PIGR,SPP1	BDNF,COL1A1,MT1,PIGR,SPP1
USF1	-3.11712615298	2.6904431971067977e-05	0.00041701869555155365	1.91985370565	17831	14	2	10	3366	10	0.035754857997	FMR1,TNFAIP3	BDNF,CIITA,COL1A1,CYP1A1,FASN,GATA5,LIPE,MT1,PIGR,SPP1	BDNF,CES2C,CIITA,COL1A1,GATA5,MT1,PIGR,PRND,SPP1,TNFAIP3
SRF	-3.44698177115	0.00010289039302029521	0.0011751165939686346	1.87476581613	17831	13	1	8	3366	9	0.0417140009965	KCNMB1	EGR1,MMP14,MMP2,MYH11,MYLK,MYOD1,TAGLN,TGFB1I1	ACTA2,ACTG2,FOS,KLF3,MMP2,MYH11,MYLK,TAGLN,TGFB1I1
RBL2	-3.04616024602	0.2325488393256896	0.3493657358237809	0.820318032104	17831	9	0	5	3366	3	0.0536322869955		BRCA1,CCNA2,PCNA,RAD51,SOX2	BIRC5,CCNA2,RAD51
SPIC	-2.41421356237	0.0053835457497113035	0.02433811307681985	2.08335243794	17831	5	0	2	3366	4	0.0536322869955		FCER2A,NFKB1	FCER2A,FCGR2B,MMP12,NFKB1
CITED2	-3.35611921805	0.10187996613694048	0.1842329387643007	1.08335243794	17831	10	2	8	3366	4	0.0321793721973	FGF9,PPARG	CEBPA,LDHB,LDHD,MMP9,PDK2,PDK4,SMAD3,WNT4	CEBPA,MMP9,PDK2,WNT4
ETV5	-2.99389708996	0.08553802431195333	0.1614065328321206	1.40528053282	17831	6	0	4	3366	3	0.0536322869955		CAV1,IL17A,IL17F,PTGS2	CAV1,IL17A,PTGS2
STAT5A	-2.21877149752	0.13241435251074424	0.22448370699087108	0.742315520102	17831	19	2	5	3366	6	0.0229852658552	IL10,NR3C1	BCL2L1,CDKN2B,CLNK,DPAGT1,IL2RA	CDKN2B,GRB10,IL10,IL2RA,PRF1,SOCS3
ERG	-2.73182754051	0.1788618471940771	0.28538985912584364	0.990243033546	17831	8	0	3	3366	3	0.0536322869955		ERG,LYL1,VIM	CDH5,ERG,VWF
SOX4	-2.33675884485	0.013731884546145124	0.05029317637241998	1.8203180321	17831	6	1	4	3366	4	0.0321793721973	SPI1	CTNNB1,EZH2,MECOM,TCF4	CALD1,MECOM,SPI1,TCF4
CEBPB	-2.03284122242	2.472354135310793e-05	0.00041269295950957085	1.44834925472	17831	33	6	9	3366	17	0.0107264573991	CSF1R,FOS,H2-K1,PPARG,RUNX2,SCGB1A1	BCL2,CEBPA,CLU,FOXF1,IL1B,MYC,PPARGC1A,PTGS2,SERPINE1	ALDH3A1,BTG2,CEBPA,CLU,CR2,CSF1R,FOS,FOXF1,IL1B,IL6,MAFB,MYC,PTGS1,PTGS2,SCGB1A1,SERPINE1,SOCS3
CEBPA	-3.46993854826	0.006733076978819486	0.028097648161612088	1.25327743938	17831	20	2	10	3366	9	0.035754857997	CFLAR,IL4	BCL2,CLU,CRABP2,IL12B,LPIN1,NFKB1,NOS2,PTGS2,SCGB1A1,SLC2A4	ALDH3A1,CLU,IL12B,NFKB1,NR1H3,PTGS2,SCGB1A1,SPI1,ZBTB16
MYOD1	-3.0267870581	0.006585925306395987	0.028022466499763317	1.01825740972	17831	34	4	12	3366	13	0.0268161434978	ARNT,IFI204,ITGA7,SMAD7	ACACB,ACTC1,CCND3,CDKN1A,CDKN1C,DES,FOSL1,MAF,RB1,RECK,SGCG,TRP73	ACTA2,ACTC1,ALDH1A1,BMP5,CCND1,CDC6,CDKN1C,CDO1,DES,ITGA7,SDC1,SGCG,TRP73
TWIST1	-2.4344354242	0.06678916839906489	0.13672876926978378	0.890707359995	17831	20	6	10	3366	7	0.0134080717489	CDH1,CDKN1A,RUNX3,SOX9,TBX21,ZYX	ESR1,FGF10,FGFR2,IL12RB2,IL6RA,MME,PDGFRA,POSTN,TNF,TRP53	CDH1,FGFR2,IL6RA,MME,PDGFRA,POSTN,TEK
SPI1	-2.52310244655	0.00017149516629016924	0.0017684243376359723	1.31781769157	17831	34	7	14	3366	16	0.0178774289985	CCL5,H2-AB1,MRC1,NCF4,PTPRC,SCN8A,TNF	AIF1,BCL2L11,CSF1R,FCER1G,FES,FLT3,IGHM,IL1B,IRF8,ITGA2B,NCF1,OPRM1,PIRB,TLR4	AIF1,CSF1R,FCER1G,FES,FLT3,H2-AB1,IL1B,IRF8,ITGA2B,MEF2C,MRC1,NCF1,NFKB1,PIRB,PTPRO,TLR4
RB1	-3.06724659027	0.04759883061440617	0.1066414367411604	1.08335243794	17831	15	1	5	3366	6	0.035754857997	SP1	CCND1,CDKN1A,DNMT1,FOSL1,SPI1	BIRC5,CCND1,FOS,IGF2,JUN,SPI1
KLF5	-3.09360833276	0.046515614703136456	0.1066414367411604	1.40528053282	17831	8	1	5	3366	4	0.035754857997	EGR1	NOS2,PDGFA,RUNX2,SERPINE1,VEGFA	LTF,PDGFA,SERPINE1,VEGFA
KLF4	-2.19372384086	0.08075385255496854	0.15646058932525156	1.02676890957	17831	13	3	7	3366	5	0.0214529147982	RLIM,SERPINE1,TSIX	AGRP,CCND2,CDH1,CDKN2B,CEBPB,LEFTY1,SNAI2	CDH1,CDKN2B,CEBPB,PTGS2,SERPINE1
NR3C2	-2.41421319379	0.12923201000544762	0.22256623945382648	1.18288811149	17831	7	0	2	3366	3	0.0536322869955		MLLT3,SCNN1A	RASL12,SCNN1A,TNS1
PPARG	-3.80083476096	0.0008089445792380573	0.006751575911333017	1.08335243794	17831	45	6	21	3366	18	0.0297957149975	CCND1,CSF1,INSR,MAF,PTGS2,TRP53	ANGPTL4,CAV1,CIDEA,COPS5,EGR1,FABP4,HGF,HMOX1,IFNG,IL2,IL4,MUC1,PAQR7,PLIN2,PLIN5,SCNN1G,SLC27A1,SORBS1,TMEM159,UCP2,UCP3	ADIPOQ,ANGPTL4,CAV1,CCND1,CIDEC,CSF1,FABP4,FGF1,KLF5,MUC1,PLIN2,PLIN5,PTGS2,SCARB1,SCNN1G,SERPINE1,SLC27A1,UCP3
PBX1	-2.69294674055	0.049634954427913366	0.1066414367411604	1.66831493866	17831	5	1	4	3366	3	0.0321793721973	CYP17A1	CDH1,CDKN2B,FGF10,PBX1	CDH1,CDKN2B,PBX1
E2F3	-2.32829269135	0.6487171055461457	0.7182225097118042	0.0833524379375	17831	5	0	2	3366	1	0.0536322869955		CDKN2A,IGF2	IGF2
E2F2	-2.9329283487	0.23988707206333343	0.3493657358237809	1.08335243794	17831	5	0	4	3366	2	0.0536322869955		CDKN2A,CHEK1,FGFR2,MCM5	ECE1,FGFR2
NOTCH1	-2.05074111951	2.1573227969351923e-06	5.2015449659437414e-05	1.8203180321	17831	21	6	11	3366	14	0.0157742020575	CASP3,CCNE1,CTNNB1,HES5,RUNX2,SMARCC1	CCND1,CDKN1A,EFNB2,GATA2,HEY1,NFKB1,NRARP,RBPJ,SCGB3A2,SPI1,TCF3	CASP3,CCND1,CCNE1,DLL4,DTX1,EFNB2,GATA2,HEY1,HEY2,NFKB1,NRARP,RBPJ,SCGB3A2,SPI1
POU2F2	-2.91951300979	0.022920135495754095	0.07105242003683769	1.2898033154	17831	13	1	4	3366	6	0.0321793721973	CXCR5	BTK,CD36,CRISP3,IL5	BTK,CD36,CD79A,CD79B,IL5,LPL
