upstream_regulator	activation_zscore	enrichment_p_value	enrichment_p.BH_value	log2_fold_enrichment	genes_in_background	target_genes	genes_activated	genes_inhibited	candidate_genes	overlapping_genes	bias_term	activated_gene_names	inhibited_gene_names	overlapping_gene_names
TBX21	-1.17268479834	0.1788618471940771	0.28538985912584364	0.990243033546	17831	8	3	3	3366	3	-0.0	IFNG,IL4,IL7	IL21,S1PR5,SPP1	IL21,S1PR5,SPP1
FOXA1	0.414213562373	0.00026462072613442524	0.0023926123987987615	2.18288811149	17831	7	2	0	3366	6	-0.0536322869955	AFP,GCG		AFP,GCG,SCGB1A1,SFTPA1,SFTPC,SFTPD
IKBKB	-0.295943042988	0.13710641811809046	0.2271152116917987	0.945848914188	17831	11	6	4	3366	4	-0.0107264573991	CXCL10,CXCL11,CXCL2,CXCR4,RPS6KB1,TNF	CXCL9,NFKB1,NFKBIA,PTGS2	CXCL10,NFKB1,NFKBIA,PTGS2
GATA6	-1.65131570688	0.001369195172759934	0.009903845082963523	1.75320383625	17831	11	3	5	3366	7	0.0134080717489	CAV1,MYLK,TTF1	NKX2-1,NOX1,SFTPA1,SFTPC,WNT7B	CAV1,MYLK,NKX2-1,PPP1R14A,RBPJL,SFTPA1,SFTPC
MAFA	-2.06343830673	0.23988707206333343	0.3493657358237809	1.08335243794	17831	5	1	3	3366	2	0.0268161434978	SLC2A2	GLP1R,PCSK1,PCX	GLP1R,PCSK1
NKX2-1	-3.23598054519	0.013731884546145124	0.05029317637241998	1.8203180321	17831	6	0	5	3366	4	0.0536322869955		FOXJ1,SCGB1A1,SFTPC,SOX17,WNT7B	FOXJ1,SCGB1A1,SFTPC,SOX17
IKZF1	-0.704781097198	0.03382927922900896	0.08844522400837283	1.18288811149	17831	14	4	4	3366	6	-0.0	CASZ1,MYC,NOS2,PROM1	CD4,FGFR4,IL2,OPRK1	CASZ1,CD79A,IL10,MYC,OSR1,PROM1
APEX1	-2.65363901791	0.008043138743765494	0.03173383831631113	1.72720862771	17831	8	1	6	3366	5	0.0383087764254	TLR4	BLK,CCL12,NFKB1,PAX5,PTGS2,RELA	BLK,NFKB1,PAX5,PTGS2,TLR4
GLI1	0.207136462205	0.31706159595185507	0.4195266239119058	0.820318032104	17831	6	4	1	3366	2	-0.0321793721973	CDH1,FOXM1,PVR,RUNX3	RUNX2	CDH1,PDGFRA
NFE2L2	-1.26815636652	0.005874623673773984	0.025495866744179092	0.954619123815	17831	41	16	16	3366	15	-0.0	AREG,COX17,FAS,IL10,KEAP1,MDM2,NFKB1,NQO1,PPARG,PRDX1,RUNX2,SLC40A1,SQSTM1,TGFB1,TXNIP,TXNRD1	BCL2,CD36,CEBPB,CYP2A5,FMO3,FOS,GCLC,HMOX1,MT1,NFATC1,SCARB1,SLC40A1,SLC7A11,SRXN1,TNFSF11,UGT1A6A	AREG,CD36,CEBPB,CYP2A5,FMO3,FOS,GCLC,IL10,MGST1,MT1,NFKB1,SCARB1,SLC7A11,SRXN1,UGT1A6A
RBPJ	-2.3358313251	0.04759883061440617	0.1066414367411604	1.08335243794	17831	15	2	7	3366	6	0.0297957149975	PLCG2,RLIM	CR2,FOS,HES1,NFATC1,PRDM1,SOX9,TYROBP	BIRC5,CR2,FOS,HES1,PLCG2,TYROBP
SIX1	-1.98777561343	0.02727937672144325	0.07589262498145109	1.59792561077	17831	7	2	5	3366	4	0.0229852658552	CCNA2,SIX2	CCND1,DUSP6,MTOR,MYOD1,VEGFC	CCNA2,CCND1,DUSP6,VEGFC
RORA	-2.41300651048	0.6487171055461457	0.7182225097118042	0.0833524379375	17831	5	0	2	3366	1	0.0536322869955		CYP7B1,LAMB1	LAMB1
PROX1	-0.140866803888	0.07148786291150006	0.1423198738696836	1.23535553138	17831	9	4	2	3366	4	-0.0178774289985	CCNE1,ESRRA,RGS4,TWIST1	FLT4,IFNG	CALCRL,CCNE1,FLT4,RGS4
ETS1	-3.79626275107	6.4862155827962254e-12	4.691695938222602e-10	1.73285519085	17831	51	7	23	3366	32	0.0286038863976	CD3D,CD4,FLI1,IKZF1,IL7R,SELL,TGFBR2	ANGPT2,ANPEP,BMP4,CCL2,CDKN2A,CSF1R,CSF3R,ERG,HMOX1,IGHM,IL10,IL5,ITGA2B,KDR,NPR1,PCYT1A,PRDM1,PTGS2,RETNLA,RNF11,RUNX2,SPP1,VWF	ANGPT2,ANPEP,BMP4,CCL2,CDH5,CSF1R,CSF3R,EBF1,ERG,FOS,FOXP3,IL10,IL5,ITGA2B,KDR,KRT8,LTBR,MET,MMP3,MMP9,NOS3,NPR1,NR2F2,PTGS2,RETNLA,SELL,SH2D1A,SPP1,THBD,TIMP1,VEGFA,VWF
ISL1	-1.4236648954	0.0053835457497113035	0.02433811307681985	2.08335243794	17831	5	2	3	3366	4	0.0107264573991	MEF2C,TBX5	FGF10,MSX1,PBX1	MEF2C,MSX1,PBX1,TBX5
RELB	-0.561329006746	0.049634954427913366	0.1066414367411604	1.66831493866	17831	5	3	2	3366	3	-0.0107264573991	CCND1,MYB,MYC	CCND1,MYC	CCND1,HES1,MYC
RELA	-2.49039697696	1.5818638552744826e-05	0.00029874276553187054	0.970877708679	17831	100	28	38	3366	37	0.00812610409023	BIRC3,CDK9,CFLAR,CLDN5,COL1A1,CXCL10,FAS,FASL,HES1,HGF,HSD11B2,IFNG,IL2,ITCH,LTC4S,MYC,NOS2,PDK4,PGLYRP1,RIPK2,SLC1A2,SOD2,STK39,TNF,TNFAIP3,TNFSF13B,TRP63,TRP73	AKT1,BCL2,BCL2L1,BMP2,CCL12,CCL2,CCND1,CD40,CD80,CD86,CDKN1B,CSF1,CXCL15,DCST1,EPAS1,FN1,FTH1,GLI1,HES1,IL12B,IL23A,IL6,KLRB1C,MET,MMP14,MMP9,NFKB1,NOS2,PECAM1,PTEN,PTGS2,SELP,SERPINE2,TEC,TNF,TWIST1,UPP1,WT1	APOE,CCL2,CCND1,CD40,CLDN5,COL1A1,CSF1,CXADR,CXCL10,CXCL15,CYP11A1,EPAS1,FASL,FN1,FOS,HES1,IL10,IL12B,IL6,IRF4,KLF5,LTC4S,MAP3K8,MET,MMP9,MYC,NFKB1,NGB,PGF,PGLYRP1,PTGS2,SELP,SERPINE2,TLR2,TNFAIP3,TRP73,UPP1
MYB	-2.01918835906	0.0004986750227948719	0.004328499197859488	1.66831493866	17831	15	3	5	3366	9	0.0134080717489	CDKN1A,CSF1R,CSF3R	ANPEP,GSTM2,IGFBP5,KIT,PTGS2	ANPEP,CSF1R,CSF3R,GSTM2,IGFBP5,KIT,MYC,PTGS2,RFX2
DMTF1	-2.80694386336	0.768857336971156	0.7982872828839275	-0.402074389233	17831	7	0	4	3366	1	0.0536322869955		AREG,CDKN2A,EGR1,JUNB	AREG
BRCA1	1.08702168411	0.715048207469312	0.7681458466378253	-0.179681967896	17831	6	5	1	3366	1	-0.035754857997	MAD2L1,MDM2,RAD51,SIRT1,TPT1	CDKN1A	RAD51
WT1	-1.40319746905e-06	0.0035712654144613195	0.019870887049695033	1.91985370565	17831	7	3	1	3366	5	-0.0268161434978	CSF1,IGF2,IL10	VEGFA	CSF1,IGF2,IL10,VEGFA,WNT4
ETS2	-2.87948953054	0.002334956722077342	0.014902517902670095	1.27974965074	17831	24	4	12	3366	11	0.0268161434978	CD4,FLI1,MDM2,NAB2	BCL2L1,CDKN2A,CSF1R,CSF3R,ERG,HMOX1,HMOX2,KRT8,NOS2,PCYT1A,STAB1,TLR13	CSF1R,CSF3R,DUSP6,ERG,FLT4,JUN,KIT,KRT8,SH2D1A,STAB1,TLR13
TRP53	-0.696351709942	1.652033726443524e-05	0.00029874276553187054	0.840495914041	17831	142	50	47	3366	48	-0.00165873052563	ATF3,BAK1,BAX,BCL2,BTG2,CASP6,CASP7,CDK2,CDKN1A,CKAP2,DUSP2,DUSP4,DYRK1A,E2F1,FAS,FOXO3,FOXP3,GSK3B,GTSE1,HDGF,HIPK2,HSPA1B,INSR,LTF,MAPK1,MDM2,MET,NDRG1,NUPR1,PER2,PIAS3,PKD1,PML,PTGS2,PTK2,RAP2B,REEP5,SIAH1B,SIN3A,SLC6A6,SOD2,SREBF1,TCF7L2,TFF2,THBS1,TNFRSF10B,TPT1,TRP53,TRP53INP1,UPP1	AFP,AGTR1A,APAF1,BBC3,BCL2,CCNB1,CDK5,CDKN1A,CHEK1,CXCR2,DDIT4,EDIL3,ELF4,FOS,FOXM1,GADD45A,GDF15,HGF,HMOX1,HRAS,KLF2,KLF4,KRT19,MCM7,MCTS1,MDM2,MET,MGMT,PCNA,PER2,PERP,PLK3,POLK,PRNP,PSEN1,RPS6KA1,RUNX1,SESN1,SIVA1,SRC,TCF4,TERT,THBS1,TRP73,TYMS,UHRF1,UPP1	AFP,AGTR1A,ANKRD1,AXL,BIRC5,BTG2,CASP3,CCNA2,CCNB1,CCNB2,CDKN1C,CKAP2,CKS1B,CXCR2,DUSP2,EDIL3,FOS,FOXP3,FPR1,GAP43,GDF15,HSPA1B,KLF2,KRT19,LTF,MET,MMP2,MT1,MYC,NFKB1,NUPR1,PDGFRB,PERP,PRNP,PTGS2,PTK2,SALL2,SERPINE1,SRC,STEAP3,TCF4,TCF7L2,TFF2,THBS1,TRP73,UHRF1,UPP1,ZFP385A
SP1	-2.38886392165	1.8243185176652376e-13	1.9793855916667828e-11	1.06758512208	17831	230	52	64	3366	91	0.00554816762023	ABCC1,AHR,ARNTL,ASCL2,CD1D2,CDKN2C,CEBPA,CEND1,CIRBP,COPS5,COX17,CTSE,DNMT1,EGR1,EPOR,FMR1,GSTK1,HINFP,HSPA1B,ICAM1,IL10,IL2,ITGA6,JAK3,KCNN3,KDM5A,LOR,LTF,MET,MGARP,MIF,MRC1,MYB,OPRM1,PARP1,PCYT1A,PEMT,PLD2,PTDSS1,RAC2,REST,SELL,SETDB1,SIRT1,SLC2A3,TERT,THRA,TNFSF11,TPT1,TXLNG,VEGFA,ZBTB14	ACACA,ACSS1,ACTA2,ADCYAP1R1,APP,BACE1,BFSP1,BSG,BTK,CADM1,CCL2,CCND1,CCND2,CCND3,CDH5,CDKN1A,CDKN1C,CES1D,COL1A2,COL5A1,COX4I1,CSF1,CSF1R,CSF2,CSRP2,CYP11A1,DMD,ECM1,EPOR,GPC4,HGF,HSPA1B,ITGA5,KCNN3,KLF16,KRT5,LGALS1,LIPE,MET,MFN2,MGP,MMP9,MYC,MYH11,NOS3,NPR1,NRGN,NRP1,PCYT1A,PRKRA,PTGS1,PTGS2,RAC2,RUNX2,SLC9A2,SOD3,SP4,SRC,SREBF1,TEC,TESC,TGM1,UCP3,VEGFA	ABCA1,ABCB1A,ACTA2,ADCY4,ALDH3A1,ALOX5,APOE,APP,ASCL2,BFSP1,BMP4,BTK,CADM1,CCL2,CCND1,CD14,CD55,CD79A,CDH5,CDKN1C,CEBPA,CEBPD,CES1D,CES2C,COL1A1,COL1A2,COL5A1,CSF1,CSF1R,CSRP2,CXADR,CYP11A1,EPAS1,FASL,FBLN1,FOS,GFPT2,GHR,GPC4,HSPA1B,IGFBP3,IL10,IL6,ITGA5,JUN,KCNN3,KIT,LMNA,LPL,LTF,MERTK,MET,MGARP,MGP,MGST1,MMP2,MMP28,MMP9,MRC1,MYC,MYH11,NES,NGB,NKX2-1,NOS3,NPR1,NR1H3,NRGN,PLAUR,PRKAR2B,PTGS1,PTGS2,RNF141,SCARB1,SELL,SERPINE1,SLC11A1,SLC9A2,SOCS3,SOD3,SPARC,SRC,SULT1A1,SYN2,THRA,TIMP3,TLR2,TNFAIP3,TRF,UCP3,VEGFA
SP2	0.414209813548	0.8125078197159022	0.8356123074803355	-0.594719467175	17831	8	2	0	3366	1	-0.0536322869955	B4GALNT1,PCYT1A		MGP
SP3	-2.17534559198	5.357829736950261e-06	0.00011626490529182066	1.1757986867	17831	68	16	24	3366	29	0.0107264573991	AHR,ANGPT2,DNMT1,IL10,ITGA6,KCNN3,MET,MGP,OPRM1,PTDSS1,RAC2,SETDB1,SLC2A3,SLC9A2,TERT,ZFP143	ACACA,ACTA2,ANGPT2,BSG,CDH5,CDKN1A,CEBPA,CSF1,DMD,GHR,GPC4,HGF,LIPE,NRGN,OPRM1,PCYT1A,PRKRA,PTGS2,SOD3,SP1,TESC,TXLNG,UCP3,VEGFA	ACTA2,ADCY4,ANGPT2,CDH5,CEBPA,CES2C,CSF1,EPAS1,FBLN1,GHR,GPC4,IL10,IL6,KCNN3,LMNA,LPL,MERTK,MET,MGP,NES,NOS3,NRGN,PTGS2,SDC1,SLC9A2,SOCS3,SOD3,UCP3,VEGFA
SP4	-1.00582933435	0.08553802431195333	0.1614065328321206	1.40528053282	17831	6	1	1	3366	3	-0.0	SLC9A2	NRGN	NRGN,SLC9A2,VEGFA
CREB1	-0.625625367585	0.36544475480289373	0.4748593520492691	0.289803315405	17831	26	6	6	3366	6	-0.0	ETV3,FOS,HSPA5,IL10,MIF,NOCT	ENTPD1,FOS,MITF,PTGS2,SLC20A1,SLC2A3	FOS,IL10,NFKBIZ,NMNAT2,PENK,PTGS2
PER1	0.0916656764343	0.8125078197159022	0.8356123074803355	-0.594719467175	17831	8	2	1	3366	1	-0.0178774289985	ARNTL,CRY2	CLOCK	SCNN1A
LDB1	-0.27162326931	0.046515614703136456	0.1066414367411604	1.40528053282	17831	8	1	1	3366	4	-0.0	RUNX1	EPB42	GLP1R,IGF1,LHX6,MAFA
SNAI2	1.44923383665	0.08553802431195333	0.1614065328321206	1.40528053282	17831	6	6	0	3366	3	-0.0536322869955	BBC3,CDH1,CTNNB1,DSG2,OCLN,TJP1		CDH1,OCLN,TJP1
NR1I3	-0.425286995941	0.8479170481598615	0.8679150917485375	-0.764644468617	17831	9	3	1	3366	1	-0.0268161434978	AKR1B7,CPT1A,MCL1	ATP6V1E1	CYP2B10
GATA4	-1.28991720531	0.40165320688380945	0.5036923068998616	0.405280532825	17831	12	2	4	3366	3	0.0178774289985	HSPA5,IFI204	ADORA1,CCND2,EPOR,ID2	ANKRD1,BMP4,MEF2C
SNAI1	0.167937274321	8.712073732475322e-07	2.7007428570673498e-05	1.89070736	17831	20	11	6	3366	14	-0.0157742020575	CDH1,CLDN3,CTNNB1,CXADR,ITGB4,LLGL2,OCLN,PTGS2,RUNX2,THBD,TJP1	CDH1,ID1,MMP15,MMP2,PHGDH,TRP53	CDH1,CLDN3,CXADR,FN1,ID1,ITGB4,KIT,MMP15,MMP2,OCLN,PTGS2,TFCP2L1,THBD,TJP1
GATA2	-1.57703979396	0.02727937672144325	0.07589262498145109	1.59792561077	17831	7	3	5	3366	4	0.0134080717489	CEBPA,RC3H1,SPI1	ANGPT2,CSF2,LYL1,SMAD6,SPI1	ANGPT2,CEBPA,SMAD6,SPI1
GATA3	-2.99044102663	0.10682305995839327	0.19000495090960115	0.919853705655	17831	14	2	9	3366	5	0.034129637179	IL10,IL3	CDKN2C,DLC1,ERG,FGF10,IFNG,IL13,IL5,RUNX3,TBX21	DLC1,ERG,FOXP3,IL10,IL5
GATA1	-1.59763483323	0.13710641811809046	0.2271152116917987	0.945848914188	17831	11	2	5	3366	4	0.0229852658552	CDC6,SPI1	EPB42,FLI1,SIGMAR1,TFDP2,ZFP26	CDC6,ITGA2B,NFE2,SPI1
FOXA2	-3.02600571805	0.01569556558444825	0.05321777705976984	1.02676890957	17831	26	4	10	3366	10	0.0229852658552	IL13,IL33,MCHR1,SOX2	CCL20,HADH,IL4,MSX1,OTX1,SOX17,TBX1,TLE4,VTN,WNT7B	GCG,HMGCS2,IL33,MAP1B,MSX1,PGF,REG3G,SOX17,TBX1,VTN
POU2AF1	-2.04379994437	0.058510115225257564	0.12208360580654704	1.14224612699	17831	12	3	4	3366	5	0.00766175528507	CXCR5,POU2F1,POU2F2	ALDH1A7,BTK,CD79B,SPI1	ALDH1A7,BTK,CD79B,SPI1,SPIB
MAX	-1.30741077347	0.31706159595185507	0.4195266239119058	0.820318032104	17831	6	1	2	3366	2	0.0178774289985	CEBPD	CAD,CCNB1	CCNB1,CEBPD
RUNX2	-1.70271382026	0.004497218384170463	0.023451938776398392	0.990243033546	17831	40	10	15	3366	15	0.0107264573991	ASRGL1,BAX,COL10A1,HES1,NR2F2,SMAD6,SOX9,TCF7,TG,TNFSF11	ALPL,AXIN2,COL1A1,COL1A2,DDX5,IHH,LGALS3,MGP,PPARG,PTTG1IP,SMURF1,SOX5,SOX9,SPP1,TNFSF11	COL1A1,COL1A2,CYP11A1,HBEGF,HES1,LEF1,LGALS3,MGP,NR2F2,OSR1,SMAD6,SPP1,TCF7,TG,THBS1
RUNX3	-2.28449392795	0.0008881414172349471	0.00688309598357084	1.99024303355	17831	8	2	5	3366	6	0.0229852658552	IFNG,ITGAE	CCR7,CD4,CLDN7,PIRB,SLC22A17	CCR7,CLDN7,ITGAE,PIRB,SLC22A17,THBS1
ELK1	-0.880661066901	0.12923201000544762	0.22256623945382648	1.18288811149	17831	7	2	3	3366	3	0.0107264573991	FOS,MYLK	HMOX1,IL6,MYLK3	FOS,IL6,MYLK
MAF	-1.5768328867	0.39219343031661147	0.49769575660061227	0.597925610767	17831	7	1	2	3366	2	0.0178774289985	GCG	CCND2,MAF	CRYAB,GCG
APC	-2.99999997789	0.049634954427913366	0.1066414367411604	1.66831493866	17831	5	0	4	3366	3	0.0536322869955		MYC,SPP1,TCF4,TRP53	MYC,SPP1,TCF4
SREBF1	-2.70888829438	0.6306771748786255	0.7182225097118042	-0.0801462943454	17831	28	7	14	3366	5	0.0178774289985	ACSS2,ADIPOQ,CD5L,FAS,GPAM,IL17A,PLA2G6	ABCA3,ABCD2,ACACA,CDKN1A,CIDEA,CLU,FASN,FBXW7,LIPE,NLRP1A,NPC1,PPARGC1A,SLC2A4,THRSP	ABCD2,ADIPOQ,CLU,IL17A,SCD1
YBX1	-2.41421355505	0.6487171055461457	0.7182225097118042	0.0833524379375	17831	5	0	2	3366	1	0.0536322869955		ABCB1A,SLC2A3	ABCB1A
STAT6	-1.15292069302	0.7348691022993921	0.7855497300441776	-0.295159185316	17831	13	3	4	3366	2	0.00766175528507	IL4,ITGB3,NCOA3	BCL2L1,FCER2A,GATA3,GFI1	FCER2A,FOXP3
NFATC2	-1.35764687751	0.028096012232851183	0.07621043318160883	1.12517261363	17831	17	4	5	3366	7	0.0059591429995	IFNG,IL10,IL21,IL4	ACP5,BACE1,CCNA2,EGR3,IL12B	CCNA2,CCR9,CX3CR1,IL10,IL12B,IL21,IL2RA
VDR	-1.01911290295	0.31706159595185507	0.4195266239119058	0.820318032104	17831	6	1	1	3366	2	-0.0	CTNNB1	IGFBP3	IGFBP3,SPP1
NR3C1	1.03173953611	0.04759883061440617	0.1066414367411604	1.08335243794	17831	15	8	1	3366	6	-0.0417140009965	BRCA1,CCND3,CDK4,HES1,NFKBIA,PDHX,RUNX2,SLC10A1	CDK6	CH25H,HES1,NFKBIA,NPAS4,PTGS2,VDR
HIF1A	-3.28113711135	0.019667107047724435	0.06276120925523827	1.21263545488	17831	16	3	10	3366	7	0.0288789237668	CITED2,CREBBP,PFKFB3	BACE1,BSG,DLL4,HEY1,HEY2,MDK,MT1,SERPINE1,SNAI1,VEGFA	DLL4,HEY1,HEY2,MT1,PTGS2,SERPINE1,VEGFA
ESRRA	-1.50861578773	0.768857336971156	0.7982872828839275	-0.402074389233	17831	7	1	2	3366	1	0.0178774289985	NRIP1	PPARGC1A,SPP1	SPP1
ARNTL	0.0317689318267	0.17640456956733908	0.28538985912584364	0.820318032104	17831	12	3	1	3366	4	-0.0268161434978	NFE2L2,PER1,VWF	PER2	BHLHE41,MAOA,VWF,WNT10A
MYCN	-1.27266224956	0.1788618471940771	0.28538985912584364	0.990243033546	17831	8	2	3	3366	3	0.0107264573991	IGFBP6,PTDSS1	IGFBP2,NDRG1,NRGN	IGFBP2,IGFBP6,NRGN
RFX5	0.0	0.0035712654144613195	0.019870887049695033	1.91985370565	17831	7	0.0	0.0	3366	5	0.0			H2-AA,H2-AB1,H2-DMB1,H2-EB1,H2-OB
AHR	-0.822869447174	0.019667107047724435	0.06276120925523827	1.21263545488	17831	16	6	4	3366	7	-0.0107264573991	CYP1A1,GATA4,IL17A,IL6,NQO1,SNAI2	PLA2G4A,PTGS2,UGT1A6A,VAV3	E2F2,IL17A,IL6,PLA2G4A,PTGS2,SERPINB2,UGT1A6A
EGR1	-0.577381952057	0.00025292191457842365	0.002386263281022519	1.04619943952	17831	59	18	14	3366	23	-0.00670403587444	BNIP3,CREBBP,CXCL2,GGPS1,ICAM1,ID3,IL2,IL4,ITGA7,ITGB6,MAPK14,MAPK8,MET,NR4A1,PTEN,TK1,TNF,TRP53	CCL2,CDK5R1,CDKN1C,HSD11B2,IL1B,MAP1LC3B,MMP14,MMP9,PPP1R1B,PTGES,PTPRZ1,SERPINE1,THBS1,TRP73	ACHE,BIRC5,CCL2,CCND1,CDKN1C,F3,IL1B,ITGA7,ITGB6,JUN,MET,MMP9,NGB,NR4A1,PPP1R1B,PTGES,RCAN1,SERPINE1,SOCS1,SYN2,THBS1,TRP73,WNT4
JUN	-2.32236500229	6.010406049571919e-09	3.260645281892766e-07	1.17006407113	17831	113	25	33	3366	48	0.00739755682697	B4GALNT1,BCL3,CAT,CCND1,CXCL2,ICAM1,IFNG,IL11,IL2,IL4,JUN,LOR,MIR23A,MMP3,MYOD1,NEFL,NFE2L2,NOS2,ODC1,PENK,PTPN4,RAB18,RELB,TBP,TFF2	ALDH1A1,ANGPT2,CCL12,CCND1,CCND2,CDKN2A,COL3A1,CSF1R,CTSK,CYP11A1,FOS,GCLC,HMOX1,IL12B,IL27,IL6,ITGA5,KRT18,MAF,MET,MMP9,NACC1,NFKB1,NOS2,NR3C1,PPP1R3B,PTGS2,SERPINE1,SPP1,SRXN1,TGFB1,TGM1,TRP53	ALDH1A1,ALDH3A1,ANGPT2,AQP5,CCL2,CCND1,CD14,CEBPD,COL3A1,CSF1R,CTSK,CXCL15,CYP11A1,ENO2,FGF7,FOS,GCLC,IL12B,IL1B,IL6,ITGA5,JDP2,JUN,KRT18,MET,MMP12,MMP19,MMP2,MMP3,MMP9,MSR1,NFKB1,PENK,PLAUR,PLIN2,PPP1R3B,PTGS2,PTPN4,SERPINE1,SLC8A1,SOCS3,SPP1,SRC,SRXN1,TFF2,TIMP1,TRP73,WEE1
PPARGC1A	-0.156627695401	1.0	1.0	NA	17831	10	3	1	3366	0	-0.0268161434978	MBP,PDHX,SREBF2	CIDEA	
SOX17	-0.63072562009	0.008043138743765494	0.03173383831631113	1.72720862771	17831	8	4	3	3366	5	-0.00766175528507	CCND1,CTNNB1,LEF1,SFTPC	FOXA2,FOXJ1,LEF1	CCND1,FOXA2,FOXJ1,LEF1,SFTPC
MLXIPL	-0.494876746766	0.6436414872741262	0.7182225097118042	-0.0541510858124	17831	11	4	2	3366	2	-0.0178774289985	FAS,GCK,GPAM,MAFA	ACACA,SCD1	MAFA,SCD1
RUNX1	-0.438950759325	0.00014833224640469967	0.0016094048734909914	1.72720862771	17831	16	7	4	3366	10	-0.0146269873624	CD40,CDKN2A,FXYD2,IFNG,IGFBP3,IL2,SLC22A17	AI467606,CD79A,CSF1R,SMAD6	CD40,CD79A,CEBPA,CSF1R,IGFBP3,MPL,PIEZO2,SLC22A17,SMAD6,SPI1
NFE2	0.0	0.31706159595185507	0.4195266239119058	0.820318032104	17831	6	0.0	0.0	3366	2	0.0			GCM2,HBB-BS
NFIL3	-0.632738569233	0.046515614703136456	0.1066414367411604	1.40528053282	17831	8	2	3	3366	4	0.0107264573991	EOMES,PTGS2	ABCB4,ID2,PTGS2	ABCB1A,BMP4,EOMES,PTGS2
TGFB1I1	-0.398447806281	0.6487171055461457	0.7182225097118042	0.0833524379375	17831	5	2	1	3366	1	-0.0178774289985	CCL2,TPT1	TGFB1	CCL2
GTF2I	-1.59910003478	0.08075385255496854	0.15646058932525156	1.02676890957	17831	13	2	4	3366	5	0.0178774289985	CSRP2,FOS	CCL7,CCND1,TGFB2,TGFBR2	CCND1,CSRP2,FOS,ID1,TGFB2
NR1H3	-0.935816965747	0.004994269950730636	0.024083479540189953	1.51219573674	17831	13	2	2	3366	7	-0.0	F3,NOS2	ARG2,MLXIPL	ABCA1,APOE,ARG2,F3,MAP3K8,NR1H3,PLTP
TCF4	-2.14160269119	0.019667107047724435	0.06276120925523827	1.21263545488	17831	16	5	7	3366	7	0.00893871449925	CDH1,COPS5,ID3,MITF,SSTR2	ACTA2,CD44,EDN1,FN1,PLAUR,PTGS2,SSTR2	ACTA2,CDH1,EDN1,FN1,MYC,PLAUR,PTGS2
SIRT1	-0.434500397999	0.13241435251074424	0.22448370699087108	0.742315520102	17831	19	9	7	3366	6	-0.00670403587444	ABCB1A,IL6,MMP9,RELA,RICTOR,SCNN1A,SIRT6,TRP53,UCP2	BCLAF1,NOX1,PARP1,PPARG,SREBF1,TIMP1,TRP53	ABCB1A,HES1,IL6,MMP9,SCNN1A,TIMP1
TCF3	-2.33703697671	6.88870169288928e-05	0.0008304712596427632	1.51219573674	17831	26	4	12	3366	14	0.0268161434978	ADIPOQ,CDH1,FOXO1,TPT1	ACTA2,AICDA,CCND3,CD19,CD5,CD79A,CDKN1A,EPB42,ID1,INSM1,LEF1,UNG	ACTA2,ADIPOQ,CD19,CD7,CD79A,CDH1,CLDN4,EBF1,FOXO1,FOXP3,ID1,KIT,LEF1,PAX5
FOS	-2.3844885141	0.003973495341991774	0.021556212230305374	0.938154522398	17831	47	6	11	3366	17	0.0157742020575	IL2,MMP9,NEFL,NFE2L2,PENK,TFF2	FOS,IL27,KRT18,NACC1,NOS2,NR3C1,PPP1R3B,SRC,SRR,SRXN1,TGFB1	BDNF,CXCL15,FOS,IL6,JUN,KRT18,MMP2,MMP9,MT1,PENK,PPP1R3B,SOCS3,SRC,SRXN1,TFF2,TINAGL1,WEE1
NUPR1	-2.16023067299	0.31706159595185507	0.4195266239119058	0.820318032104	17831	6	1	2	3366	2	0.0178774289985	HMOX1	CCNA2,TCF19	CCNA2,GCG
GTF2IRD1	-1.77948306011	0.23988707206333343	0.3493657358237809	1.08335243794	17831	5	1	3	3366	2	0.0268161434978	CSRP2	CCL7,TGFB2,TGFBR2	CSRP2,TGFB2
PARP1	-2.33642119674	0.04023367516835264	0.10035295990267269	1.26777700907	17831	11	1	4	3366	5	0.0321793721973	NFKB1	E2F1,FN1,NKX2-1,NOS2	FN1,IL10,MMP9,NFKB1,NKX2-1
PAX5	-1.91692932761	4.998014015459933e-05	0.0006379817890322386	2.08335243794	17831	10	3	5	3366	8	0.0134080717489	AICDA,CSF1R,FLT3	BLK,CD72,CD79A,EBF1,PRDX6	BLK,BLNK,CD19,CD72,CD79A,CSF1R,EBF1,FLT3
CUX1	-0.45953599216	0.2325488393256896	0.3493657358237809	0.820318032104	17831	9	4	2	3366	3	-0.0178774289985	CCNA2,CDKN1A,NCAM1,RUNX2	CDKN1B,DCTN6	CCNA2,MYC,NCAM1
PPARD	-1.41046809317	0.10187996613694048	0.1842329387643007	1.08335243794	17831	10	4	4	3366	4	-0.0	ANGPTL4,INSIG1,PPARG,SLC25A20	LPL,PDK4,TGFB1,UCP3	ANGPTL4,FOXO1,LPL,UCP3
STAT4	-0.528408453073	0.31706159595185507	0.4195266239119058	0.820318032104	17831	6	2	1	3366	2	-0.0178774289985	IFNG,TBX21	NOS2	IL18R1,IRF4
PPARA	-2.18595845513	6.009084100679508e-07	2.173285416412422e-05	1.54967044216	17831	38	10	16	3366	21	0.0123766816143	CEBPA,CEBPB,CEBPD,GSK3B,IL6ST,NFKBIA,PXMP4,SLC25A20,SPP1,TRIB3	ABCD4,AKR1C18,ALDH3A2,ANGPTL4,BCL2,CD36,CDKN2A,CIDEA,IL6RA,LPL,SERPINE1,SERPINE2,SLC27A1,TBX21,UCP2,UCP3	ACOT1,AKR1C18,ANGPTL4,CD36,CEBPA,CEBPB,CEBPD,FABP1,FABP4,IL6,IL6RA,LPL,MMP12,NFKBIA,PTGS2,SERPINE1,SERPINE2,SLC15A1,SLC27A1,SPP1,UCP3
SOX2	-1.4887515356	0.13643517463101754	0.2271152116917987	0.820318032104	17831	15	4	6	3366	5	0.0107264573991	BIRC5,CCND1,CDKN1B,UTF1	EGFR,LEF1,LEFTY1,NKX2-1,SOX2,XIST	BIRC5,CCND1,LEF1,NKX2-1,SEMA6A
RFXAP	0.0	0.0035712654144613195	0.019870887049695033	1.91985370565	17831	7	0.0	0.0	3366	5	0.0			H2-AA,H2-AB1,H2-DMB1,H2-EB1,H2-OB
IRF3	-1.0704732153	0.715048207469312	0.7681458466378253	-0.179681967896	17831	6	3	3	3366	1	-0.0	IL12A,PVR,USP18	IL12A,PURA,SOCS2	IL12A
EPAS1	-2.61306761763	0.04023367516835264	0.10035295990267269	1.26777700907	17831	11	2	6	3366	5	0.0268161434978	CITED2,COL10A1	CDH5,FLT1,FXN,KDR,RUNX2,SERPINE1	CDH5,EFNA1,FLT1,KDR,SERPINE1
IRF1	-0.585423095466	0.005834522942822804	0.025495866744179092	1.20364667166	17831	23	10	8	3366	10	-0.0059591429995	CCL5,CXCL10,CXCL11,GBP2,IL12B,MAPK14,MYD88,SELL,TAP2,TNF	CIITA,FOXP3,IL12A,IL12B,IL27,IL4,NOS2,SOCS1	CIITA,CXCL10,FOXP3,GBP2,IL12A,IL12B,PIGR,SELL,SOCS1,UPP1
ESR2	-3.53682538556	0.31005062981948955	0.4195266239119058	0.498389937216	17831	15	2	12	3366	4	0.0383087764254	MAPK3,SLC2A4	AKT1,AR,BCL2,BMP2,CASP3,CASP8,IGF1R,MAPK1,MAPK8,PPARG,PTGS1,STAT5A	CASP3,MAPK3,PTGS1,VEGFA
ETV4	-1.97915174677	0.17640456956733908	0.28538985912584364	0.820318032104	17831	12	3	6	3366	4	0.0178774289985	CCND2,ERBB2,TERT	CCND2,MMP3,PLAU,PTGS2,TWIST1,VIM	DUSP6,MMP3,MMP9,PTGS2
IRF4	-1.85665454834	0.10187996613694048	0.1842329387643007	1.08335243794	17831	10	4	6	3366	4	0.0107264573991	IL10,IL4,NFATC2,PRDM1	CDKN2B,CXCL9,IL1B,PRDM1,RUNX3,ZBTB20	CDKN2B,IL10,IL1B,SPI1
TBP	-0.269265421005	0.715048207469312	0.7681458466378253	-0.179681967896	17831	6	2	1	3366	1	-0.0178774289985	FOS,NF1	PRG2	FOS
IRF8	-1.72621925219	0.03141766947192493	0.0841683243877495	1.01296311005	17831	21	5	8	3366	8	0.0123766816143	CCL5,DAB2,GAS2,JAK1,SLC11A1	CDKN2B,FANCC,IL12A,IL12B,IL1B,IL27,NF1,NOS2	C1QB,CDKN2B,DAB2,IL12A,IL12B,IL1B,SLC11A1,SPI1
MEF2C	-2.3738989754	0.03382927922900896	0.08844522400837283	1.18288811149	17831	14	2	6	3366	6	0.0268161434978	AMPD1,IL10	DES,IL1RN,MYOZ2,RUNX2,SFRP2,SOCS2	AMPD1,DES,IL10,IL1RN,JUN,SFRP2
MEF2A	-0.974191704323	0.768857336971156	0.7982872828839275	-0.402074389233	17831	7	2	2	3366	1	-0.0	MMP10,NRF1	MMP10,SLC2A4	MMP10
PRDM1	0.218500535339	0.5292339919484705	0.6344960013967851	0.235355531383	17831	9	4	3	3366	2	-0.00766175528507	BMP5,MAP3K5,PAX5,PDCD1	BCL6,CXCR5,ID3	BMP5,PAX5
FOXC2	-1.99600347114	0.013731884546145124	0.05029317637241998	1.8203180321	17831	6	1	3	3366	4	0.0268161434978	CXCR4	DLL4,HEY2,TBX1	DLL4,GJA4,HEY2,TBX1
FOXC1	-2.86622854508	0.02727937672144325	0.07589262498145109	1.59792561077	17831	7	1	6	3366	4	0.0383087764254	CXCR4	CXCL12,DLL4,HEY2,RUNX2,SNAI1,TBX1	CXCL12,DLL4,HEY2,TBX1
HDAC1	-2.86576282418	0.2573839309263075	0.3723487534067249	0.466681077489	17831	23	1	7	3366	6	0.0402242152466	PPP2CA	AKAP12,AR,CD1D2,CDC25A,FAS,NFKBIA,SPP1	CEBPB,IL12B,IL6,JUN,NFKBIA,SPP1
RNF2	-1.39568134239	0.6487171055461457	0.7182225097118042	0.0833524379375	17831	5	2	2	3366	1	-0.0	HOXB4,TRP63	HOXB6,SOX2	SCNN1A
HDAC3	-2.41421356237	0.02727937672144325	0.07589262498145109	1.59792561077	17831	7	0	2	3366	4	0.0536322869955		JUN,NFKBIA	FOS,JUN,NFKBIA,NR4A2
HDAC2	-1.76080078087	0.5292339919484705	0.6344960013967851	0.235355531383	17831	9	1	3	3366	2	0.0268161434978	BMP7	CCNE1,CD1D2,NFKBIA	CCNE1,NFKBIA
YY1	-0.0150187910598	0.051531721777636715	0.10963121201712908	0.964707941439	17831	19	9	4	3366	7	-0.0206278026906	CDH1,CDKN2C,EGF,HSPA5,ID4,SERPINE1,TCF4,TOP3A,TRP53	COL1A1,FOS,PEG3,RGS16	CDH1,COL1A1,FOS,ID4,SERPINE1,TCF4,TRF
CLOCK	-1.57007981997	0.01464665909049044	0.0521036888956791	1.40528053282	17831	12	2	4	3366	6	0.0178774289985	CRY1,PER1	CRY2,PER2,SERPINE1,SERPINE2	BHLHE41,SCNN1A,SERPINE1,SERPINE2,THBD,VWF
SMAD4	0.482952724899	0.0020612667508458603	0.014428867255921022	1.23535553138	17831	27	13	6	3366	12	-0.0197592636299	AFP,CDH1,CLDN3,CXADR,ID3,IFI204,IL10,OCLN,SCNN1A,SSTR2,TGFB1,TGFBR2,TNFSF13B	BMPR1B,CDKN1A,CDKN2B,DAPK1,SKIL,VEGFA	AFP,CDH1,CDKN2B,CLDN3,CXADR,DAPK1,IL10,JUN,NKX2-1,OCLN,SCNN1A,VEGFA
SMAD5	0.0397021603965	0.768857336971156	0.7982872828839275	-0.402074389233	17831	7	2	0	3366	1	-0.0536322869955	ID3,IFI204		SMAD6
SMAD7	-0.766438722214	0.046515614703136456	0.1066414367411604	1.40528053282	17831	8	4	3	3366	4	-0.00766175528507	COL1A2,NFKBIA,SMAD3,VEGFA	MET,TGFB1,TNFSF13B	COL1A2,MET,NFKBIA,VEGFA
SMAD1	-2.47619613054	0.028096012232851183	0.07621043318160883	1.12517261363	17831	17	3	7	3366	7	0.0214529147982	ID3,IFI204,RUNX1	BMP2,CDKN1A,COL1A1,RUNX2,SMAD6,SPP1,TNFRSF11B	COL1A1,COL4A1,COL4A2,HEY1,SMAD6,SPP1,TNFRSF11B
SMAD2	-2.08427781595	0.058510115225257564	0.12208360580654704	1.14224612699	17831	12	2	6	3366	5	0.0268161434978	AFP,FOXP3	BECN1,CDKN1A,DAPK1,HES1,RGCC,SKIL	AFP,DAPK1,FBLN5,FOXP3,HES1
PELP1	-1.5311550484	0.049634954427913366	0.1066414367411604	1.66831493866	17831	5	2	3	3366	3	0.0107264573991	NFKB1,NR3C1	JUN,NR4A1,SRF	JUN,NFKB1,NR4A1
TBX2	-0.0544707475221	0.6487171055461457	0.7182225097118042	0.0833524379375	17831	5	4	1	3366	1	-0.0321793721973	CDKN1A,CDKN2A,GJA1,MYCN	CDKN1B	GJA1
TBX1	-1.13805825557	0.12923201000544762	0.22256623945382648	1.18288811149	17831	7	3	4	3366	3	0.00766175528507	MEF2C,PITX2,RIPPLY3	C1QBP,FLT4,PITX2,YWHAE	FLT4,MEF2C,RIPPLY3
FOXM1	-0.41469424366	0.009837004485718405	0.03811839238215882	1.18288811149	17831	21	4	2	3366	9	-0.0178774289985	AXIN2,MYC,SNAI2,SOCS3	LAMA4,SNAI1	BRIP1,CDH1,LAMA4,MYC,NR4A2,PTGS2,SCGB1A1,SFTPC,SOCS3
REL	-0.62145728767	0.003465607837055833	0.019870887049695033	1.22085596169	17831	25	11	9	3366	11	-0.00536322869955	BIRC3,CCL5,EZH2,FOXP3,IL2,IL4,MYC,RC3H1,SOD2,TNF,TNFAIP3	IFNG,IL12A,IL12B,IL1B,IL23A,MYC,NOS2,TNF,WT1	CCL2,CEBPD,FOXP3,IL12A,IL12B,IL1B,IL21,MYC,NGB,PTHLH,TNFAIP3
SOX9	-2.42931867015	0.28146639220790665	0.401830309928393	0.479281114269	17831	19	6	13	3366	5	0.0197592636299	CDH1,CDKN1A,CTNNB1,SLC6A19,VEGFA,WWP2	BEST1,BMI1,CDKN1A,CYP26B1,FGF9,FURIN,LXN,MIA,PHEX,PIK3CA,PTHLH,RET,VNN1	CDH1,CYP26B1,MIA,PTHLH,VEGFA
NCOA3	-1.31873711864	0.12923201000544762	0.22256623945382648	1.18288811149	17831	7	2	2	3366	3	-0.0	NFKBIA,PPARG	KLF4,TBX3	IGFBP3,NFKBIA,TBX3
NCOA1	-1.51553015584	0.10187996613694048	0.1842329387643007	1.08335243794	17831	10	2	4	3366	4	0.0178774289985	ESR1,NFKBIA	CDKN1A,ITGA5,MEF2C,TWIST1	ADIPOQ,ITGA5,MEF2C,NFKBIA
STAT3	-1.40672204977	0.0045390849244642045	0.023451938776398392	0.798622961004	17831	67	23	23	3366	22	-0.0	BATF,BCL2,BCL2L1,CAV1,CXCL11,EGR1,FOS,GFAP,GFI1,HIF1A,IL12A,JAK3,MMP9,NOSTRIN,NT5E,PRDM1,PTEN,RC3H1,RELA,SOCS3,SREBF1,STAT3,TWIST2	AKT1,CAV1,CEBPD,COL1A1,ENTPD1,HGF,IGFBP5,IL23A,IL6,KLF4,LIF,MAF,MMP2,MMP9,MT1,MYC,NOS2,SPI1,TCF4,TGFB1,TRP53,TWIST1,VEGFA	CAV1,CCND1,CEBPD,COL1A1,FOS,IGFBP5,IL10,IL12A,IL21,IL6,MMP2,MMP9,MT1,MUC1,MYC,NOSTRIN,PCSK1,REG3G,SOCS3,SPI1,TCF4,VEGFA
STAT1	-1.61029443982	4.1591640333022095e-05	0.0005640866220166121	1.45108422244	17831	31	9	12	3366	16	0.00766175528507	CXCL10,GBP2,IL6,IRF1,IRF7,RC3H1,SOCS3,TBX21,TRP53	CD36,CEBPD,CIITA,CXCL10,FCGR1,GFI1,MDM2,MT1,NOS2,PDCD1,SOCS1,UPP1	APP,CD36,CD40,CEBPD,CIITA,CXCL10,FCGR1,GBP2,IL6,IRF1,IRF7,IRF9,MT1,SOCS1,SOCS3,UPP1
ATF2	-2.07272419532	0.40165320688380945	0.5036923068998616	0.405280532825	17831	12	3	5	3366	3	0.0134080717489	FOS,IL23A,PPARG	CCND1,CEBPA,ENTPD1,RELA,RHOB	CCND1,CEBPA,FOS
NR2F2	-0.507826119304	0.2885497849808409	0.40925034863295734	0.668314938659	17831	10	3	2	3366	3	-0.0107264573991	ATP1A1,FLT1,VEGFA	MTTP,SLC2A4	FLT1,RARB,VEGFA
USF2	-2.93512527995	0.015300304438149526	0.05270104862029282	1.55728362627	17831	9	1	7	3366	5	0.0402242152466	FMR1	BDNF,COL1A1,FASN,HMOX1,LIPE,PIGR,SPP1	BDNF,COL1A1,MT1,PIGR,SPP1
USF1	-3.11712615298	2.6904431971067977e-05	0.00041701869555155365	1.91985370565	17831	14	2	10	3366	10	0.035754857997	FMR1,TNFAIP3	BDNF,CIITA,COL1A1,CYP1A1,FASN,GATA5,LIPE,MT1,PIGR,SPP1	BDNF,CES2C,CIITA,COL1A1,GATA5,MT1,PIGR,PRND,SPP1,TNFAIP3
FOSL1	-0.538688654043	0.02727937672144325	0.07589262498145109	1.59792561077	17831	7	3	2	3366	4	-0.0107264573991	JUN,NFE2L2,THBS1	FOS,PRDM1	FOS,JUN,MMP2,THBS1
FOSL2	-0.990509389595	0.6487171055461457	0.7182225097118042	0.0833524379375	17831	5	2	2	3366	1	-0.0	RELB,TGFB3	ADIPOQ,TGFB1	ADIPOQ
FOXP3	-1.75210741295	0.3453410475508669	0.4514398031237236	0.530811414909	17831	11	3	6	3366	3	0.0178774289985	ERBB2,IL17A,IL22	BRCA1,IFNG,IL2,IL2RA,SKP2,TNFRSF18	IL17A,IL2RA,NFKB1
NFKB1	-1.32827422621	1.2089204658316695e-16	2.6233574108547228e-14	1.30818184472	17831	169	49	52	3366	79	0.00159303822759	ADIPOQ,BIN1,BIRC3,CCL20,CCL22,CCL5,CFLAR,COL1A1,CXCL1,CXCL2,DUSP1,FAS,FBP1,FOS,GADD45B,HES1,HSD11B2,IKBKB,IL12B,IL2,IL23A,IL4,IL6,KCNIP2,LEF1,LTC4S,MAPK14,MYB,MYC,NFKBIA,NFKBIZ,NOS2,PDK4,PER2,PMAIP1,PTGS2,PTPN4,REL,RELB,RIPK2,SLC1A2,SLC2A4,SOD2,SOX9,STK39,TAPBP,TNF,TNFAIP3,TNFRSF25	ADORA1,ADORA2A,BANP,BCL2,BCL2L1,BMP2,BTK,CCL12,CCL2,CCND1,CD40,CD80,CD86,CDK4,CEBPB,CSF1,CSF2,DCST1,EPAS1,FTH1,GCLM,HSD11B2,IL12A,IL12B,IL1A,IL1B,IL2RA,IL6,ITGAM,LCN2,MMP14,MMP9,MSX1,MYC,MYOZ2,NFKB1,NOS2,NQO1,PER1,PTEN,PTGS2,SELP,SLC1A2,SRC,TEC,TGFB1,TLR2,TLR4,TNF,UPP1,VCAM1,WT1	ADIPOQ,ADORA2B,AGER,ALDH3A1,ALOX5,APOE,AQP5,BMPR2,BTK,CCL2,CCL22,CCL9,CCND1,CD40,CD7,CEBPA,CEBPB,COL1A1,CSF1,CXADR,CXCL10,CXCL15,CYP11A1,EDN1,ELF3,EPAS1,FASL,FN1,FOS,FOXP3,HES1,IL10,IL12A,IL12B,IL15,IL1A,IL1B,IL2RA,IL6,IRF4,ITGAM,KDR,KLF5,LCN2,LEF1,LTC4S,MMP2,MMP3,MMP9,MSX1,MYC,NFKB1,NFKBIA,NFKBIZ,NGB,NOS3,NTN1,PIRB,PLA2G4A,PLAUR,PLIN2,PPP1R13L,PPP1R14A,PTGES,PTGS1,PTGS2,PTPN4,REL,SELE,SELP,SRC,STAT1,TIMP3,TLR2,TLR4,TNFAIP3,UPP1,VEGFA,VEGFC
NFKB2	-1.29990064629	0.07148786291150006	0.1423198738696836	1.23535553138	17831	9	4	4	3366	4	-0.0	CCND1,IL23A,MYC,SND1	CCND1,HIF1A,MYC,RELB	CCND1,HES1,MYC,REL
SRF	-3.44698177115	0.00010289039302029521	0.0011751165939686346	1.87476581613	17831	13	1	8	3366	9	0.0417140009965	KCNMB1	EGR1,MMP14,MMP2,MYH11,MYLK,MYOD1,TAGLN,TGFB1I1	ACTA2,ACTG2,FOS,KLF3,MMP2,MYH11,MYLK,TAGLN,TGFB1I1
RBL1	-1.00000185627	0.31706159595185507	0.4195266239119058	0.820318032104	17831	6	1	1	3366	2	-0.0	HES1	MYC	HES1,MYC
RBL2	-3.04616024602	0.2325488393256896	0.3493657358237809	0.820318032104	17831	9	0	5	3366	3	0.0536322869955		BRCA1,CCNA2,PCNA,RAD51,SOX2	BIRC5,CCNA2,RAD51
MECP2	-0.327344898172	0.4564743691376229	0.5648143758192958	0.289803315405	17831	13	2	2	3366	3	-0.0	IGFBP3,PER1	IRAK1,PER2	FXYD1,IGFBP3,S100A9
RXRA	-1.21142688644	0.768857336971156	0.7982872828839275	-0.402074389233	17831	7	1	1	3366	1	-0.0	MTTP	SREBF1	CYP2B10
SPIC	-2.41421356237	0.0053835457497113035	0.02433811307681985	2.08335243794	17831	5	0	2	3366	4	0.0536322869955		FCER2A,NFKB1	FCER2A,FCGR2B,MMP12,NFKB1
ZFP148	-0.375502797519	0.715048207469312	0.7681458466378253	-0.179681967896	17831	6	2	1	3366	1	-0.0178774289985	GATA1,SPI1	TAL1	SPI1
CITED2	-3.35611921805	0.10187996613694048	0.1842329387643007	1.08335243794	17831	10	2	8	3366	4	0.0321793721973	FGF9,PPARG	CEBPA,LDHB,LDHD,MMP9,PDK2,PDK4,SMAD3,WNT4	CEBPA,MMP9,PDK2,WNT4
ETV5	-2.99389708996	0.08553802431195333	0.1614065328321206	1.40528053282	17831	6	0	4	3366	3	0.0536322869955		CAV1,IL17A,IL17F,PTGS2	CAV1,IL17A,PTGS2
LEF1	-1.77156314334	0.004827895855315405	0.023822815863970864	1.40528053282	17831	16	4	6	3366	8	0.0107264573991	CDH1,IL13,IL5,RUNX2	CTNNB1,DLL1,IL4,LRP5,OVOL1,PTGS2	CDH1,DLL1,FOXJ1,IL5,NCAM1,OVOL1,PTGS2,ZBTB16
EP300	-0.804135790122	8.376572129167004e-08	3.63543230405848e-06	1.49101040685	17831	49	10	10	3366	26	-0.0	CCND1,COL1A2,DNMT1,FLT4,FOS,MYB,PPARG,STAT5A,TFF2,TNFSF13B	CDKN1A,CRYAB,HMOX1,MMP9,MT1,MYOD1,NPR1,PTGS2,SPP1,TNFSF10	ALDH3A1,BIRC5,CCNB2,CCND1,COL1A2,CRYAB,EDN1,F7,FLT4,FN1,FOS,HRH4,IL6,KLF5,MEF2C,MMP2,MMP9,MT1,NPR1,PTGS2,RARB,SCD1,SOCS3,SPP1,TFF2,WNT4
MYC	0.395456697365	0.004830432709745244	0.023822815863970864	0.945848914188	17831	44	17	10	3366	16	-0.0139046669988	BCL2,CAR1,CDKN1A,CDKN2B,CEBPD,EIF4E,FASL,MXI1,NFIA,ODC1,PDGFRB,PTMA,RHOA,SLC11A1,SLC1A2,TERT,TRP53	BCAT1,CAD,CCND2,CDH1,MYC,NDRG1,NRGN,SLC1A2,ZBTB17,ZFP36	BCAT1,CAR1,CAV1,CCNB1,CDCA7,CDH1,CDKN2B,CEBPD,FASL,MYC,NRGN,PDGFRB,SLC11A1,TIMP3,WNT4,ZFP36
GFI1	-0.815970115789	0.2325488393256896	0.3493657358237809	0.820318032104	17831	9	4	3	3366	3	-0.00766175528507	CDKN1A,CDKN2B,ID2,SPI1	BAK1,BAX,IL7R	CDKN2B,SPI1,ZBTB16
FOXO3	-0.00663949301123	0.2325488393256896	0.3493657358237809	0.820318032104	17831	9	5	4	3366	3	-0.0059591429995	CCND1,CCND2,CDKN1B,SIRT1,SOCS3	CCNG2,GADD45A,LCN2,NOL3	CCND1,LCN2,SOCS3
MTF1	-1.83138879859	0.23988707206333343	0.3493657358237809	1.08335243794	17831	5	2	2	3366	2	-0.0	EP300,SLC39A10	MT1,PGF	MT1,PGF
ESR1	-1.74454713176	0.013905947384079256	0.05029317637241998	1.11577391563	17831	22	5	7	3366	9	0.00893871449925	CDKN1A,F12,FASL,NRF1,TNFSF11	BMP2,IGF1,LTF,PPARG,PTGS1,SLC2A4,STAT5A	CASP12,CCND1,FASL,FOS,IGF1,LTF,MYC,PTGS1,VEGFA
ID2	-0.670614440116	0.015300304438149526	0.05270104862029282	1.55728362627	17831	9	4	3	3366	5	-0.00766175528507	ALPL,COL1A2,RUNX2,SPI1	CCNA2,IL10,TPT1	CCNA2,COL1A2,IL10,SPI1,ZBTB16
ID3	-0.56336026622	0.39219343031661147	0.49769575660061227	0.597925610767	17831	7	4	2	3366	2	-0.0178774289985	ALPL,COL1A2,RUNX2,VCAM1	ADIPOQ,SMARCC1	ADIPOQ,COL1A2
ID1	1.53039750018	0.5894050436945624	0.6989119917033881	0.0833524379375	17831	10	9	1	3366	2	-0.0429058295964	ALPL,CDKN1A,CDKN2A,IFNG,REL,RORC,RUNX2,THBS1,TNF	MYOD1	REL,THBS1
SREBF2	-1.37342105412	1.0	1.0	NA	17831	7	1	3	3366	0	0.0268161434978	ACSS2	CDKN1A,MVK,NPC1	
STAT5B	0.0	1.0	1.0	NA	17831	5	1	0	3366	0	-0.0536322869955	SLC10A1		
STAT5A	-2.21877149752	0.13241435251074424	0.22448370699087108	0.742315520102	17831	19	2	5	3366	6	0.0229852658552	IL10,NR3C1	BCL2L1,CDKN2B,CLNK,DPAGT1,IL2RA	CDKN2B,GRB10,IL10,IL2RA,PRF1,SOCS3
EZH2	-0.913014925915	0.10187996613694048	0.1842329387643007	1.08335243794	17831	10	2	2	3366	4	-0.0	BAD,TBX21	IL17A,IL17F	CCNA2,CREB3L1,HEY2,IL17A
AATF	0.414181773586	1.0	1.0	NA	17831	6	2	0	3366	0	-0.0536322869955	TPT1,TRP53		
ATF3	-0.197523922945	0.02727937672144325	0.07589262498145109	1.59792561077	17831	7	4	2	3366	4	-0.0178774289985	IL12B,IL6,SORT1,TNFRSF10B	ATF3,CCND1	CCND1,IL12B,IL6,SORT1
NFATC1	-0.0640971929311	0.04023367516835264	0.10035295990267269	1.26777700907	17831	11	3	2	3366	5	-0.0107264573991	FOXP3,IL2,IL4	CSF2,PAG1	CX3CR1,FOXP3,IL12B,IL2RA,PAG1
GABPA	-0.343100827791	0.39219343031661147	0.49769575660061227	0.597925610767	17831	7	3	2	3366	2	-0.0107264573991	IL10,IL7R,SKP2	CHRNE,SOD3	IL10,SOD3
NRF1	-0.47117168088	0.4038823106017323	0.5036923068998616	0.317817691575	17831	17	7	5	3366	4	-0.00893871449925	ATP1A1,CD47,COX17,COX4I1,FMR1,SIRT6,TFAM	ATP1B1,FCGR3,HMOX1,IL1RN,MT1	ATP1B1,FCGR3,IL1RN,MT1
TGFB1	-1.02641810117	0.23988707206333343	0.3493657358237809	1.08335243794	17831	5	2	2	3366	2	-0.0	FOXP3,KLF6	COL1A2,TBX21	COL1A2,FOXP3
JUNB	-0.686767653994	0.0008881414172349471	0.00688309598357084	1.99024303355	17831	8	4	3	3366	6	-0.00766175528507	CCND1,FOXP3,IL4,PLAU	CTSK,MYL9,SERPINE1	CCND1,CTSK,FOXP3,MMP2,MYL9,SERPINE1
BCL11B	-1.85016336828	0.46330395804532104	0.5648143758192958	0.405280532825	17831	8	1	3	3366	2	0.0268161434978	CDKN1B	AHR,BCL2L1,RUNX3	FOXP3,IL10
CTNNB1	-1.80412524919	1.0704196329294914e-06	2.9035132543212455e-05	1.51219573674	17831	39	12	14	3366	21	0.00412556053812	AXIN2,BIRC5,CCL7,CCNE1,E2F1,FOXA2,IHH,LEF1,PITX2,PML,PPARD,WNT1	BCL2L1,BMP4,CCND1,CYP2B10,FGFBP1,GJA1,GLUL,GREM2,MYCN,PTGS2,RUNX2,TCF4,TWIST1,VEGFA	BIRC5,BMP4,CASP3,CCND1,CCNE1,CDH1,CYP2B10,FGFBP1,FOXA2,FOXJ1,GJA1,LEF1,MET,MYC,PDGFRA,PTGS2,TBX3,TCF4,VEGFA,WNT1,WNT4
PITX2	-0.818132204742	0.00017928726003682669	0.0017684243376359723	1.61678463802	17831	19	9	7	3366	11	-0.00670403587444	DLX2,ISL1,LEF1,MGA,TBX1,TBX2,TBX5,TBX6,TPT1	BMP4,FOXJ1,GAD1,GATA4,MEF2C,MYOD1,TBX4	BMP4,DEPDC1B,FOXJ1,GAD1,LEF1,MEF2C,PLOD1,TBX1,TBX2,TBX4,TBX5
FOXO1	-0.322149046096	0.018300779414934413	0.06109644820062719	0.857792737522	17831	38	12	13	3366	13	0.00214529147982	ADIPOQ,CASP8,CCND1,CCND2,CDKN1B,GCK,IKZF1,IL7R,NOS3,PIK3R1,SELL,SREBF1	ADIPOR1,AKT1,ALPL,BAX,CCL2,CCNG2,CDKN1A,EGR1,LPL,MYH7,PDK4,PPARG,TRIB3	ADIPOQ,ANGPT2,CCL2,CCND1,CCR7,EDN1,FASL,FOXA2,FOXP3,KLF2,LPL,NOS3,SELL
ERG	-2.73182754051	0.1788618471940771	0.28538985912584364	0.990243033546	17831	8	0	3	3366	3	0.0536322869955		ERG,LYL1,VIM	CDH5,ERG,VWF
FOXO4	-0.0488063459121	0.39219343031661147	0.49769575660061227	0.597925610767	17831	7	3	2	3366	2	-0.0107264573991	ANXA8,CCND1,CCND2	GADD45A,RBL2	ANXA8,CCND1
MITF	-0.872066360087	0.000981909225755211	0.00734738972375451	1.47928111427	17831	19	7	8	3366	10	0.0035754857997	DKK3,FOS,ITGA4,OSTM1,PIK3R1,SDC1,SLC2A2	ACP5,BEST1,CD40,CDKN1A,CLCN7,DCSTAMP,IRF4,TRPM1	CD40,CTSK,DKK3,FOS,IRF4,ITGA4,MET,PMEL,SDC1,TBX2
TAL1	-1.96697295004	0.07148786291150006	0.1423198738696836	1.23535553138	17831	9	2	6	3366	4	0.0268161434978	PDZK1IP1,RUNX1	CCND1,EPB42,ERG,SMAD6,TCF3,TFDP2	CCND1,ERG,KIT,SMAD6
SMARCA2	-1.87654422523	0.23988707206333343	0.3493657358237809	1.08335243794	17831	5	1	2	3366	2	0.0178774289985	CALM1	CD44,CDH1	CCNA2,CDH1
MYBL2	-1.01852512927	0.0022374061882416683	0.014712640692377031	1.8203180321	17831	9	2	2	3366	6	-0.0	COL5A2,ERBB2	IGFBP5,SFTPA1	ADORA2B,COL5A2,ELN,IGFBP5,RFX2,SFTPA1
SMARCA4	-0.638551751163	0.10682305995839327	0.19000495090960115	0.919853705655	17831	14	4	3	3366	5	-0.00766175528507	ADAMTS1,CALM1,EPB42,NFKBIA	CD44,CDH1,HMOX1	ADAMTS1,CDH1,NFKBIA,SPARC,TBX5
SOX4	-2.33675884485	0.013731884546145124	0.05029317637241998	1.8203180321	17831	6	1	4	3366	4	0.0321793721973	SPI1	CTNNB1,EZH2,MECOM,TCF4	CALD1,MECOM,SPI1,TCF4
XBP1	-1.42010144932	0.2189159993463441	0.3467501595485888	0.704840814684	17831	13	5	6	3366	4	0.00487566245414	ERN1,PAX5,SETD7,STARD5,TMBIM6	BHLHA15,FASN,FOXO1,HERPUD1,IRF4,PRDM1	FOXO1,IRF4,PAX5,VEGFA
CEBPB	-2.03284122242	2.472354135310793e-05	0.00041269295950957085	1.44834925472	17831	33	6	9	3366	17	0.0107264573991	CSF1R,FOS,H2-K1,PPARG,RUNX2,SCGB1A1	BCL2,CEBPA,CLU,FOXF1,IL1B,MYC,PPARGC1A,PTGS2,SERPINE1	ALDH3A1,BTG2,CEBPA,CLU,CR2,CSF1R,FOS,FOXF1,IL1B,IL6,MAFB,MYC,PTGS1,PTGS2,SCGB1A1,SERPINE1,SOCS3
CEBPA	-3.46993854826	0.006733076978819486	0.028097648161612088	1.25327743938	17831	20	2	10	3366	9	0.035754857997	CFLAR,IL4	BCL2,CLU,CRABP2,IL12B,LPIN1,NFKB1,NOS2,PTGS2,SCGB1A1,SLC2A4	ALDH3A1,CLU,IL12B,NFKB1,NR1H3,PTGS2,SCGB1A1,SPI1,ZBTB16
GFI1B	-1.44941177351	0.02727937672144325	0.07589262498145109	1.59792561077	17831	7	2	3	3366	4	0.0107264573991	RCOR2,SOCS1	ELF4,MEIS1,SOCS3	MEIS1,RCOR2,SOCS1,SOCS3
MYOD1	-3.0267870581	0.006585925306395987	0.028022466499763317	1.01825740972	17831	34	4	12	3366	13	0.0268161434978	ARNT,IFI204,ITGA7,SMAD7	ACACB,ACTC1,CCND3,CDKN1A,CDKN1C,DES,FOSL1,MAF,RB1,RECK,SGCG,TRP73	ACTA2,ACTC1,ALDH1A1,BMP5,CCND1,CDC6,CDKN1C,CDO1,DES,ITGA7,SDC1,SGCG,TRP73
TWIST1	-2.4344354242	0.06678916839906489	0.13672876926978378	0.890707359995	17831	20	6	10	3366	7	0.0134080717489	CDH1,CDKN1A,RUNX3,SOX9,TBX21,ZYX	ESR1,FGF10,FGFR2,IL12RB2,IL6RA,MME,PDGFRA,POSTN,TNF,TRP53	CDH1,FGFR2,IL6RA,MME,PDGFRA,POSTN,TEK
SPI1	-2.52310244655	0.00017149516629016924	0.0017684243376359723	1.31781769157	17831	34	7	14	3366	16	0.0178774289985	CCL5,H2-AB1,MRC1,NCF4,PTPRC,SCN8A,TNF	AIF1,BCL2L11,CSF1R,FCER1G,FES,FLT3,IGHM,IL1B,IRF8,ITGA2B,NCF1,OPRM1,PIRB,TLR4	AIF1,CSF1R,FCER1G,FES,FLT3,H2-AB1,IL1B,IRF8,ITGA2B,MEF2C,MRC1,NCF1,NFKB1,PIRB,PTPRO,TLR4
RB1	-3.06724659027	0.04759883061440617	0.1066414367411604	1.08335243794	17831	15	1	5	3366	6	0.035754857997	SP1	CCND1,CDKN1A,DNMT1,FOSL1,SPI1	BIRC5,CCND1,FOS,IGF2,JUN,SPI1
EOMES	0.731483458782	0.049634954427913366	0.1066414367411604	1.66831493866	17831	5	3	0	3366	3	-0.0536322869955	IL17A,RORC,SOX2		EBF1,IL17A,PRF1
TFDP1	-0.609276770559	0.6487171055461457	0.7182225097118042	0.0833524379375	17831	5	2	2	3366	1	-0.0	CCND1,MYBL2	CDKN1A,TRP53	CCND1
KLF5	-3.09360833276	0.046515614703136456	0.1066414367411604	1.40528053282	17831	8	1	5	3366	4	0.035754857997	EGR1	NOS2,PDGFA,RUNX2,SERPINE1,VEGFA	LTF,PDGFA,SERPINE1,VEGFA
KLF4	-2.19372384086	0.08075385255496854	0.15646058932525156	1.02676890957	17831	13	3	7	3366	5	0.0214529147982	RLIM,SERPINE1,TSIX	AGRP,CCND2,CDH1,CDKN2B,CEBPB,LEFTY1,SNAI2	CDH1,CDKN2B,CEBPB,PTGS2,SERPINE1
TRP63	0.00752354177353	0.0022374061882416683	0.014712640692377031	1.8203180321	17831	9	2	1	3366	6	-0.0178774289985	PTK2,SATB1	IRF6	EVPL,KRT14,PTK2,SATB1,SMARCD3,VEGFA
MSX1	-1.26156964329	0.31706159595185507	0.4195266239119058	0.820318032104	17831	6	2	2	3366	2	-0.0	PTCH1,TAGLN	BMP4,SRF	BMP4,TAGLN
PLAG1	-1.70826163793	0.6487171055461457	0.7182225097118042	0.0833524379375	17831	5	1	1	3366	1	-0.0	EGR1	IGF2	IGF2
MTA1	-0.93960445735	0.6487171055461457	0.7182225097118042	0.0833524379375	17831	5	2	3	3366	1	0.0107264573991	CDKN1A,TIMP2	CDKN1A,CLOCK,PTEN	PAX5
SIN3A	-0.999089390603	0.768857336971156	0.7982872828839275	-0.402074389233	17831	7	1	1	3366	1	-0.0	SP3	REST	CEBPB
NR3C2	-2.41421319379	0.12923201000544762	0.22256623945382648	1.18288811149	17831	7	0	2	3366	3	0.0536322869955		MLLT3,SCNN1A	RASL12,SCNN1A,TNS1
RFXANK	0.0	0.0035712654144613195	0.019870887049695033	1.91985370565	17831	7	0.0	0.0	3366	5	0.0			H2-AA,H2-AB1,H2-DMB1,H2-EB1,H2-OB
DNMT3A	-0.432957928629	0.23988707206333343	0.3493657358237809	1.08335243794	17831	5	2	1	3366	2	-0.0178774289985	MDM2,RB1	VTN	MT1,VTN
ZBTB7A	-1.73541827461	0.715048207469312	0.7681458466378253	-0.179681967896	17831	6	2	3	3366	1	0.0107264573991	CDKN2A,NFATC1	BCL2L11,CCNA2,NFATC1	CCNA2
NR4A2	-0.532933142828	0.046515614703136456	0.1066414367411604	1.40528053282	17831	8	3	2	3366	4	-0.0107264573991	FOXP3,GCH1,KCNB1	SPP1,TNC	FOXP3,KCNB1,PTPRU,SPP1
FLI1	-1.36450482743	0.04023367516835264	0.10035295990267269	1.26777700907	17831	11	5	6	3366	5	0.00487566245414	EZH2,FLI1,INPP5D,RB1,TERT	CCL2,ERG,ITGA2B,LYL1,SMAD6,UPP1	CCL2,ERG,ITGA2B,SMAD6,UPP1
PPARG	-3.80083476096	0.0008089445792380573	0.006751575911333017	1.08335243794	17831	45	6	21	3366	18	0.0297957149975	CCND1,CSF1,INSR,MAF,PTGS2,TRP53	ANGPTL4,CAV1,CIDEA,COPS5,EGR1,FABP4,HGF,HMOX1,IFNG,IL2,IL4,MUC1,PAQR7,PLIN2,PLIN5,SCNN1G,SLC27A1,SORBS1,TMEM159,UCP2,UCP3	ADIPOQ,ANGPTL4,CAV1,CCND1,CIDEC,CSF1,FABP4,FGF1,KLF5,MUC1,PLIN2,PLIN5,PTGS2,SCARB1,SCNN1G,SERPINE1,SLC27A1,UCP3
NR4A1	0.73204953775	0.0053835457497113035	0.02433811307681985	2.08335243794	17831	5	3	0	3366	4	-0.0536322869955	EDN1,FASL,KCNB1		EDN1,FASL,KCNB1,SERPINE1
BMI1	-1.6378159555	0.46330395804532104	0.5648143758192958	0.405280532825	17831	8	3	3	3366	2	-0.0	CDKN1A,CDKN2A,E4F1	CDKN2A,IKZF1,NFKB1	CDK1,NFKB1
REST	-1.41880680743	0.31706159595185507	0.4195266239119058	0.820318032104	17831	6	2	3	3366	2	0.0107264573991	BDNF,SCN8A	KCNN4,NPAS4,OPRM1	BDNF,NPAS4
SMAD3	-0.722192010451	3.8915366409586695e-05	0.0005629756340586876	1.36575216864	17831	37	15	12	3366	18	-0.0059591429995	CCL2,CDH1,CLDN3,CXADR,FOXP3,IL23A,LGALS9,OCLN,PPARGC1A,RUNX2,SIRT1,SMAD7,SSTR2,TNFSF13B,TPT1	ACTA2,CDKN2B,COL1A2,DAPK1,FN1,IL2,MYC,NEDD9,RIF1,SERPINE1,TAGLN,VEGFA	ACTA2,CCL2,CDH1,CDKN2B,CLDN3,COL1A2,CXADR,DAPK1,FBLN5,FN1,FOXP3,JUN,MMP9,MYC,OCLN,SERPINE1,TAGLN,VEGFA
POU4F1	-0.0751928833587	1.0	1.0	NA	17831	7	3	2	3366	0	-0.0107264573991	BCL2,BCL2L1,RUNX3	BAX,CDKN1A	
ELF1	-0.525524614298	0.3453410475508669	0.4514398031237236	0.530811414909	17831	11	4	3	3366	3	-0.00766175528507	DNTT,FCER1G,FLI1,TOLLIP	CSF1R,EPHA7,LYL1	CSF1R,FCER1A,FCER1G
AR	-0.626661403062	0.46330395804532104	0.5648143758192958	0.405280532825	17831	8	3	2	3366	2	-0.0107264573991	RUNX2,SOX2,TNF	CCR2,SCNN1A	FOXA1,SCNN1A
SKIL	-1.31950518664	0.6487171055461457	0.7182225097118042	0.0833524379375	17831	5	2	3	3366	1	0.0107264573991	ADAM12,TRP53	AFP,ITCH,TPT1	AFP
EBF1	-1.78456266845	0.046515614703136456	0.1066414367411604	1.40528053282	17831	8	3	4	3366	4	0.00766175528507	PPARG,ZFP423,ZFP521	BLK,CD79A,PAX5,ZFP521	BLK,CD79A,PAX5,ZFP521
DACH1	0.7314243437	0.23988707206333343	0.3493657358237809	1.08335243794	17831	5	3	0	3366	2	-0.0536322869955	CCND1,CXCL15,SOX2		CCND1,CXCL15
TRP73	-1.20059263153	0.688205812051903	0.7580744224125023	-0.179681967896	17831	18	4	4	3366	3	-0.0	BAX,FOXO3,PMAIP1,PTEN	BBC3,CDKN1A,PSRC1,TRP53	CDKN1C,HEY2,PDGFRB
PBX1	-2.69294674055	0.049634954427913366	0.1066414367411604	1.66831493866	17831	5	1	4	3366	3	0.0321793721973	CYP17A1	CDH1,CDKN2B,FGF10,PBX1	CDH1,CDKN2B,PBX1
NFIC	-0.363459920008	0.025899708073316454	0.07589262498145109	1.40528053282	17831	10	3	2	3366	5	-0.0107264573991	MT1,PDGFA,PDGFRA	COL1A1,KLF4	CCL2,COL1A1,MT1,PDGFA,PDGFRA
E2F4	-0.553016014223	0.5292339919484705	0.6344960013967851	0.235355531383	17831	9	3	3	3366	2	-0.0	E2F2,MYBL2,RB1	BRCA1,MAP1LC3B,RAD51	E2F2,RAD51
E2F3	-2.32829269135	0.6487171055461457	0.7182225097118042	0.0833524379375	17831	5	0	2	3366	1	0.0536322869955		CDKN2A,IGF2	IGF2
E2F2	-2.9329283487	0.23988707206333343	0.3493657358237809	1.08335243794	17831	5	0	4	3366	2	0.0536322869955		CDKN2A,CHEK1,FGFR2,MCM5	ECE1,FGFR2
E2F1	-0.0413535583756	0.26384159154172504	0.3791630818844658	0.310123299785	17831	47	19	14	3366	11	-0.00812610409023	ATM,BCL2,BID,CCND1,CDKN2C,DDB2,EGR1,FBN2,HMGA1,NPAT,NRP1,PCNA,PDK4,POLA1,PURA,RB1,TAPBP,TLR3,VEGFA	BIN1,BMI1,CDKN1A,CDKN2A,DLX2,DNMT1,HINFP,MCL1,MYCN,MYH10,NOX4,SIVA1,TAPBP,TRP53	CCNA2,CCND1,MERTK,MXD3,NFKB1,NOX4,PDGFRA,TGFB2,TLR3,TRP73,VEGFA
NOTCH1	-2.05074111951	2.1573227969351923e-06	5.2015449659437414e-05	1.8203180321	17831	21	6	11	3366	14	0.0157742020575	CASP3,CCNE1,CTNNB1,HES5,RUNX2,SMARCC1	CCND1,CDKN1A,EFNB2,GATA2,HEY1,NFKB1,NRARP,RBPJ,SCGB3A2,SPI1,TCF3	CASP3,CCND1,CCNE1,DLL4,DTX1,EFNB2,GATA2,HEY1,HEY2,NFKB1,NRARP,RBPJ,SCGB3A2,SPI1
TFAP2A	-0.863704470566	0.008043138743765494	0.03173383831631113	1.72720862771	17831	8	3	2	3366	5	-0.0107264573991	CEBPA,ITPR1,VEGFA	HOXA7,MEIS1	APOE,CEBPA,HOXA7,MEIS1,VEGFA
CREBBP	-1.14909090363	0.021907086253493455	0.06889619879721855	0.910515841075	17831	31	6	8	3366	11	0.00766175528507	BIRC5,FOS,FOXP3,FTH1,TNF,TRP53	CREBBP,CRYAB,CYP11A1,HMOX1,MT1,NFKB1,SETDB1,SPIB	BIRC5,CRYAB,CYP11A1,F7,FOS,FOXP3,IL6,MT1,NFKB1,SOCS3,SPIB
ATF4	-1.41063805816	0.5894050436945624	0.6989119917033881	0.0833524379375	17831	10	2	4	3366	2	0.0178774289985	CDKN1B,HSPA5	CDKN1A,DDR2,IL6,SPHK2	DDR2,IL6
BCL6	-1.69452797767	0.31005062981948955	0.4195266239119058	0.498389937216	17831	15	5	6	3366	4	0.00487566245414	CDKN1A,CDKN2B,GADD45A,GATA3,MYC	BATF,BCL6,CDKN1B,CSF1R,GATA3,PRDM1	CDKN2B,CSF1R,IL17A,MYC
POU2F2	-2.91951300979	0.022920135495754095	0.07105242003683769	1.2898033154	17831	13	1	4	3366	6	0.0321793721973	CXCR5	BTK,CD36,CRISP3,IL5	BTK,CD36,CD79A,CD79B,IL5,LPL
BCL3	-0.419055333417	0.08075385255496854	0.15646058932525156	1.02676890957	17831	13	2	1	3366	5	-0.0178774289985	NFKB1,TNFAIP3	TNF	CCND1,CTSL,CXCL10,NFKB1,TNFAIP3
POU2F1	-1.56123759412	0.06435786475548752	0.13300625382800754	0.990243033546	17831	16	3	4	3366	6	0.00766175528507	GADD45A,IL2,MAD2L1	BTK,IL5,NOS2,THRB	ALDH3A1,BTK,CD79A,CD79B,IL5,LPL
