upstream_regulator	activation_zscore	enrichment_p_value	enrichment_p.BH_value	log2_fold_enrichment	genes_in_background	target_genes	genes_activated	genes_inhibited	candidate_genes	overlapping_genes	bias_term	activated_gene_names	inhibited_gene_names	overlapping_gene_names
APEX1	-2.65363901791	0.008043138743765494	0.03173383831631113	1.72720862771	17831	8	1	6	3366	5	0.0383087764254	TLR4	BLK,CCL12,NFKB1,PAX5,PTGS2,RELA	BLK,NFKB1,PAX5,PTGS2,TLR4
ETS1	-3.79626275107	6.4862155827962254e-12	4.691695938222602e-10	1.73285519085	17831	51	7	23	3366	32	0.0286038863976	CD3D,CD4,FLI1,IKZF1,IL7R,SELL,TGFBR2	ANGPT2,ANPEP,BMP4,CCL2,CDKN2A,CSF1R,CSF3R,ERG,HMOX1,IGHM,IL10,IL5,ITGA2B,KDR,NPR1,PCYT1A,PRDM1,PTGS2,RETNLA,RNF11,RUNX2,SPP1,VWF	ANGPT2,ANPEP,BMP4,CCL2,CDH5,CSF1R,CSF3R,EBF1,ERG,FOS,FOXP3,IL10,IL5,ITGA2B,KDR,KRT8,LTBR,MET,MMP3,MMP9,NOS3,NPR1,NR2F2,PTGS2,RETNLA,SELL,SH2D1A,SPP1,THBD,TIMP1,VEGFA,VWF
RELA	-2.49039697696	1.5818638552744826e-05	0.00029874276553187054	0.970877708679	17831	100	28	38	3366	37	0.00812610409023	BIRC3,CDK9,CFLAR,CLDN5,COL1A1,CXCL10,FAS,FASL,HES1,HGF,HSD11B2,IFNG,IL2,ITCH,LTC4S,MYC,NOS2,PDK4,PGLYRP1,RIPK2,SLC1A2,SOD2,STK39,TNF,TNFAIP3,TNFSF13B,TRP63,TRP73	AKT1,BCL2,BCL2L1,BMP2,CCL12,CCL2,CCND1,CD40,CD80,CD86,CDKN1B,CSF1,CXCL15,DCST1,EPAS1,FN1,FTH1,GLI1,HES1,IL12B,IL23A,IL6,KLRB1C,MET,MMP14,MMP9,NFKB1,NOS2,PECAM1,PTEN,PTGS2,SELP,SERPINE2,TEC,TNF,TWIST1,UPP1,WT1	APOE,CCL2,CCND1,CD40,CLDN5,COL1A1,CSF1,CXADR,CXCL10,CXCL15,CYP11A1,EPAS1,FASL,FN1,FOS,HES1,IL10,IL12B,IL6,IRF4,KLF5,LTC4S,MAP3K8,MET,MMP9,MYC,NFKB1,NGB,PGF,PGLYRP1,PTGS2,SELP,SERPINE2,TLR2,TNFAIP3,TRP73,UPP1
MYB	-2.01918835906	0.0004986750227948719	0.004328499197859488	1.66831493866	17831	15	3	5	3366	9	0.0134080717489	CDKN1A,CSF1R,CSF3R	ANPEP,GSTM2,IGFBP5,KIT,PTGS2	ANPEP,CSF1R,CSF3R,GSTM2,IGFBP5,KIT,MYC,PTGS2,RFX2
ETS2	-2.87948953054	0.002334956722077342	0.014902517902670095	1.27974965074	17831	24	4	12	3366	11	0.0268161434978	CD4,FLI1,MDM2,NAB2	BCL2L1,CDKN2A,CSF1R,CSF3R,ERG,HMOX1,HMOX2,KRT8,NOS2,PCYT1A,STAB1,TLR13	CSF1R,CSF3R,DUSP6,ERG,FLT4,JUN,KIT,KRT8,SH2D1A,STAB1,TLR13
SP1	-2.38886392165	1.8243185176652376e-13	1.9793855916667828e-11	1.06758512208	17831	230	52	64	3366	91	0.00554816762023	ABCC1,AHR,ARNTL,ASCL2,CD1D2,CDKN2C,CEBPA,CEND1,CIRBP,COPS5,COX17,CTSE,DNMT1,EGR1,EPOR,FMR1,GSTK1,HINFP,HSPA1B,ICAM1,IL10,IL2,ITGA6,JAK3,KCNN3,KDM5A,LOR,LTF,MET,MGARP,MIF,MRC1,MYB,OPRM1,PARP1,PCYT1A,PEMT,PLD2,PTDSS1,RAC2,REST,SELL,SETDB1,SIRT1,SLC2A3,TERT,THRA,TNFSF11,TPT1,TXLNG,VEGFA,ZBTB14	ACACA,ACSS1,ACTA2,ADCYAP1R1,APP,BACE1,BFSP1,BSG,BTK,CADM1,CCL2,CCND1,CCND2,CCND3,CDH5,CDKN1A,CDKN1C,CES1D,COL1A2,COL5A1,COX4I1,CSF1,CSF1R,CSF2,CSRP2,CYP11A1,DMD,ECM1,EPOR,GPC4,HGF,HSPA1B,ITGA5,KCNN3,KLF16,KRT5,LGALS1,LIPE,MET,MFN2,MGP,MMP9,MYC,MYH11,NOS3,NPR1,NRGN,NRP1,PCYT1A,PRKRA,PTGS1,PTGS2,RAC2,RUNX2,SLC9A2,SOD3,SP4,SRC,SREBF1,TEC,TESC,TGM1,UCP3,VEGFA	ABCA1,ABCB1A,ACTA2,ADCY4,ALDH3A1,ALOX5,APOE,APP,ASCL2,BFSP1,BMP4,BTK,CADM1,CCL2,CCND1,CD14,CD55,CD79A,CDH5,CDKN1C,CEBPA,CEBPD,CES1D,CES2C,COL1A1,COL1A2,COL5A1,CSF1,CSF1R,CSRP2,CXADR,CYP11A1,EPAS1,FASL,FBLN1,FOS,GFPT2,GHR,GPC4,HSPA1B,IGFBP3,IL10,IL6,ITGA5,JUN,KCNN3,KIT,LMNA,LPL,LTF,MERTK,MET,MGARP,MGP,MGST1,MMP2,MMP28,MMP9,MRC1,MYC,MYH11,NES,NGB,NKX2-1,NOS3,NPR1,NR1H3,NRGN,PLAUR,PRKAR2B,PTGS1,PTGS2,RNF141,SCARB1,SELL,SERPINE1,SLC11A1,SLC9A2,SOCS3,SOD3,SPARC,SRC,SULT1A1,SYN2,THRA,TIMP3,TLR2,TNFAIP3,TRF,UCP3,VEGFA
SP3	-2.17534559198	5.357829736950261e-06	0.00011626490529182066	1.1757986867	17831	68	16	24	3366	29	0.0107264573991	AHR,ANGPT2,DNMT1,IL10,ITGA6,KCNN3,MET,MGP,OPRM1,PTDSS1,RAC2,SETDB1,SLC2A3,SLC9A2,TERT,ZFP143	ACACA,ACTA2,ANGPT2,BSG,CDH5,CDKN1A,CEBPA,CSF1,DMD,GHR,GPC4,HGF,LIPE,NRGN,OPRM1,PCYT1A,PRKRA,PTGS2,SOD3,SP1,TESC,TXLNG,UCP3,VEGFA	ACTA2,ADCY4,ANGPT2,CDH5,CEBPA,CES2C,CSF1,EPAS1,FBLN1,GHR,GPC4,IL10,IL6,KCNN3,LMNA,LPL,MERTK,MET,MGP,NES,NOS3,NRGN,PTGS2,SDC1,SLC9A2,SOCS3,SOD3,UCP3,VEGFA
RUNX3	-2.28449392795	0.0008881414172349471	0.00688309598357084	1.99024303355	17831	8	2	5	3366	6	0.0229852658552	IFNG,ITGAE	CCR7,CD4,CLDN7,PIRB,SLC22A17	CCR7,CLDN7,ITGAE,PIRB,SLC22A17,THBS1
JUN	-2.32236500229	6.010406049571919e-09	3.260645281892766e-07	1.17006407113	17831	113	25	33	3366	48	0.00739755682697	B4GALNT1,BCL3,CAT,CCND1,CXCL2,ICAM1,IFNG,IL11,IL2,IL4,JUN,LOR,MIR23A,MMP3,MYOD1,NEFL,NFE2L2,NOS2,ODC1,PENK,PTPN4,RAB18,RELB,TBP,TFF2	ALDH1A1,ANGPT2,CCL12,CCND1,CCND2,CDKN2A,COL3A1,CSF1R,CTSK,CYP11A1,FOS,GCLC,HMOX1,IL12B,IL27,IL6,ITGA5,KRT18,MAF,MET,MMP9,NACC1,NFKB1,NOS2,NR3C1,PPP1R3B,PTGS2,SERPINE1,SPP1,SRXN1,TGFB1,TGM1,TRP53	ALDH1A1,ALDH3A1,ANGPT2,AQP5,CCL2,CCND1,CD14,CEBPD,COL3A1,CSF1R,CTSK,CXCL15,CYP11A1,ENO2,FGF7,FOS,GCLC,IL12B,IL1B,IL6,ITGA5,JDP2,JUN,KRT18,MET,MMP12,MMP19,MMP2,MMP3,MMP9,MSR1,NFKB1,PENK,PLAUR,PLIN2,PPP1R3B,PTGS2,PTPN4,SERPINE1,SLC8A1,SOCS3,SPP1,SRC,SRXN1,TFF2,TIMP1,TRP73,WEE1
TCF3	-2.33703697671	6.88870169288928e-05	0.0008304712596427632	1.51219573674	17831	26	4	12	3366	14	0.0268161434978	ADIPOQ,CDH1,FOXO1,TPT1	ACTA2,AICDA,CCND3,CD19,CD5,CD79A,CDKN1A,EPB42,ID1,INSM1,LEF1,UNG	ACTA2,ADIPOQ,CD19,CD7,CD79A,CDH1,CLDN4,EBF1,FOXO1,FOXP3,ID1,KIT,LEF1,PAX5
FOS	-2.3844885141	0.003973495341991774	0.021556212230305374	0.938154522398	17831	47	6	11	3366	17	0.0157742020575	IL2,MMP9,NEFL,NFE2L2,PENK,TFF2	FOS,IL27,KRT18,NACC1,NOS2,NR3C1,PPP1R3B,SRC,SRR,SRXN1,TGFB1	BDNF,CXCL15,FOS,IL6,JUN,KRT18,MMP2,MMP9,MT1,PENK,PPP1R3B,SOCS3,SRC,SRXN1,TFF2,TINAGL1,WEE1
PPARA	-2.18595845513	6.009084100679508e-07	2.173285416412422e-05	1.54967044216	17831	38	10	16	3366	21	0.0123766816143	CEBPA,CEBPB,CEBPD,GSK3B,IL6ST,NFKBIA,PXMP4,SLC25A20,SPP1,TRIB3	ABCD4,AKR1C18,ALDH3A2,ANGPTL4,BCL2,CD36,CDKN2A,CIDEA,IL6RA,LPL,SERPINE1,SERPINE2,SLC27A1,TBX21,UCP2,UCP3	ACOT1,AKR1C18,ANGPTL4,CD36,CEBPA,CEBPB,CEBPD,FABP1,FABP4,IL6,IL6RA,LPL,MMP12,NFKBIA,PTGS2,SERPINE1,SERPINE2,SLC15A1,SLC27A1,SPP1,UCP3
USF1	-3.11712615298	2.6904431971067977e-05	0.00041701869555155365	1.91985370565	17831	14	2	10	3366	10	0.035754857997	FMR1,TNFAIP3	BDNF,CIITA,COL1A1,CYP1A1,FASN,GATA5,LIPE,MT1,PIGR,SPP1	BDNF,CES2C,CIITA,COL1A1,GATA5,MT1,PIGR,PRND,SPP1,TNFAIP3
SRF	-3.44698177115	0.00010289039302029521	0.0011751165939686346	1.87476581613	17831	13	1	8	3366	9	0.0417140009965	KCNMB1	EGR1,MMP14,MMP2,MYH11,MYLK,MYOD1,TAGLN,TGFB1I1	ACTA2,ACTG2,FOS,KLF3,MMP2,MYH11,MYLK,TAGLN,TGFB1I1
SPIC	-2.41421356237	0.0053835457497113035	0.02433811307681985	2.08335243794	17831	5	0	2	3366	4	0.0536322869955		FCER2A,NFKB1	FCER2A,FCGR2B,MMP12,NFKB1
CEBPB	-2.03284122242	2.472354135310793e-05	0.00041269295950957085	1.44834925472	17831	33	6	9	3366	17	0.0107264573991	CSF1R,FOS,H2-K1,PPARG,RUNX2,SCGB1A1	BCL2,CEBPA,CLU,FOXF1,IL1B,MYC,PPARGC1A,PTGS2,SERPINE1	ALDH3A1,BTG2,CEBPA,CLU,CR2,CSF1R,FOS,FOXF1,IL1B,IL6,MAFB,MYC,PTGS1,PTGS2,SCGB1A1,SERPINE1,SOCS3
CEBPA	-3.46993854826	0.006733076978819486	0.028097648161612088	1.25327743938	17831	20	2	10	3366	9	0.035754857997	CFLAR,IL4	BCL2,CLU,CRABP2,IL12B,LPIN1,NFKB1,NOS2,PTGS2,SCGB1A1,SLC2A4	ALDH3A1,CLU,IL12B,NFKB1,NR1H3,PTGS2,SCGB1A1,SPI1,ZBTB16
MYOD1	-3.0267870581	0.006585925306395987	0.028022466499763317	1.01825740972	17831	34	4	12	3366	13	0.0268161434978	ARNT,IFI204,ITGA7,SMAD7	ACACB,ACTC1,CCND3,CDKN1A,CDKN1C,DES,FOSL1,MAF,RB1,RECK,SGCG,TRP73	ACTA2,ACTC1,ALDH1A1,BMP5,CCND1,CDC6,CDKN1C,CDO1,DES,ITGA7,SDC1,SGCG,TRP73
SPI1	-2.52310244655	0.00017149516629016924	0.0017684243376359723	1.31781769157	17831	34	7	14	3366	16	0.0178774289985	CCL5,H2-AB1,MRC1,NCF4,PTPRC,SCN8A,TNF	AIF1,BCL2L11,CSF1R,FCER1G,FES,FLT3,IGHM,IL1B,IRF8,ITGA2B,NCF1,OPRM1,PIRB,TLR4	AIF1,CSF1R,FCER1G,FES,FLT3,H2-AB1,IL1B,IRF8,ITGA2B,MEF2C,MRC1,NCF1,NFKB1,PIRB,PTPRO,TLR4
PPARG	-3.80083476096	0.0008089445792380573	0.006751575911333017	1.08335243794	17831	45	6	21	3366	18	0.0297957149975	CCND1,CSF1,INSR,MAF,PTGS2,TRP53	ANGPTL4,CAV1,CIDEA,COPS5,EGR1,FABP4,HGF,HMOX1,IFNG,IL2,IL4,MUC1,PAQR7,PLIN2,PLIN5,SCNN1G,SLC27A1,SORBS1,TMEM159,UCP2,UCP3	ADIPOQ,ANGPTL4,CAV1,CCND1,CIDEC,CSF1,FABP4,FGF1,KLF5,MUC1,PLIN2,PLIN5,PTGS2,SCARB1,SCNN1G,SERPINE1,SLC27A1,UCP3
NOTCH1	-2.05074111951	2.1573227969351923e-06	5.2015449659437414e-05	1.8203180321	17831	21	6	11	3366	14	0.0157742020575	CASP3,CCNE1,CTNNB1,HES5,RUNX2,SMARCC1	CCND1,CDKN1A,EFNB2,GATA2,HEY1,NFKB1,NRARP,RBPJ,SCGB3A2,SPI1,TCF3	CASP3,CCND1,CCNE1,DLL4,DTX1,EFNB2,GATA2,HEY1,HEY2,NFKB1,NRARP,RBPJ,SCGB3A2,SPI1
