upstream_regulator	activation_zscore	enrichment_p_value	enrichment_p.BH_value	log2_fold_enrichment	genes_in_background	target_genes	genes_activated	genes_inhibited	candidate_genes	overlapping_genes	bias_term	activated_gene_names	inhibited_gene_names	overlapping_gene_names
FOXA1	0.414213562373	0.00026462072613442524	0.0023926123987987615	2.18288811149	17831	7	2	0	3366	6	-0.0536322869955	AFP,GCG		AFP,GCG,SCGB1A1,SFTPA1,SFTPC,SFTPD
GATA6	-1.65131570688	0.001369195172759934	0.009903845082963523	1.75320383625	17831	11	3	5	3366	7	0.0134080717489	CAV1,MYLK,TTF1	NKX2-1,NOX1,SFTPA1,SFTPC,WNT7B	CAV1,MYLK,NKX2-1,PPP1R14A,RBPJL,SFTPA1,SFTPC
APEX1	-2.65363901791	0.008043138743765494	0.03173383831631113	1.72720862771	17831	8	1	6	3366	5	0.0383087764254	TLR4	BLK,CCL12,NFKB1,PAX5,PTGS2,RELA	BLK,NFKB1,PAX5,PTGS2,TLR4
NFE2L2	-1.26815636652	0.005874623673773984	0.025495866744179092	0.954619123815	17831	41	16	16	3366	15	-0.0	AREG,COX17,FAS,IL10,KEAP1,MDM2,NFKB1,NQO1,PPARG,PRDX1,RUNX2,SLC40A1,SQSTM1,TGFB1,TXNIP,TXNRD1	BCL2,CD36,CEBPB,CYP2A5,FMO3,FOS,GCLC,HMOX1,MT1,NFATC1,SCARB1,SLC40A1,SLC7A11,SRXN1,TNFSF11,UGT1A6A	AREG,CD36,CEBPB,CYP2A5,FMO3,FOS,GCLC,IL10,MGST1,MT1,NFKB1,SCARB1,SLC7A11,SRXN1,UGT1A6A
ETS1	-3.79626275107	6.4862155827962254e-12	4.691695938222602e-10	1.73285519085	17831	51	7	23	3366	32	0.0286038863976	CD3D,CD4,FLI1,IKZF1,IL7R,SELL,TGFBR2	ANGPT2,ANPEP,BMP4,CCL2,CDKN2A,CSF1R,CSF3R,ERG,HMOX1,IGHM,IL10,IL5,ITGA2B,KDR,NPR1,PCYT1A,PRDM1,PTGS2,RETNLA,RNF11,RUNX2,SPP1,VWF	ANGPT2,ANPEP,BMP4,CCL2,CDH5,CSF1R,CSF3R,EBF1,ERG,FOS,FOXP3,IL10,IL5,ITGA2B,KDR,KRT8,LTBR,MET,MMP3,MMP9,NOS3,NPR1,NR2F2,PTGS2,RETNLA,SELL,SH2D1A,SPP1,THBD,TIMP1,VEGFA,VWF
ISL1	-1.4236648954	0.0053835457497113035	0.02433811307681985	2.08335243794	17831	5	2	3	3366	4	0.0107264573991	MEF2C,TBX5	FGF10,MSX1,PBX1	MEF2C,MSX1,PBX1,TBX5
RELA	-2.49039697696	1.5818638552744826e-05	0.00029874276553187054	0.970877708679	17831	100	28	38	3366	37	0.00812610409023	BIRC3,CDK9,CFLAR,CLDN5,COL1A1,CXCL10,FAS,FASL,HES1,HGF,HSD11B2,IFNG,IL2,ITCH,LTC4S,MYC,NOS2,PDK4,PGLYRP1,RIPK2,SLC1A2,SOD2,STK39,TNF,TNFAIP3,TNFSF13B,TRP63,TRP73	AKT1,BCL2,BCL2L1,BMP2,CCL12,CCL2,CCND1,CD40,CD80,CD86,CDKN1B,CSF1,CXCL15,DCST1,EPAS1,FN1,FTH1,GLI1,HES1,IL12B,IL23A,IL6,KLRB1C,MET,MMP14,MMP9,NFKB1,NOS2,PECAM1,PTEN,PTGS2,SELP,SERPINE2,TEC,TNF,TWIST1,UPP1,WT1	APOE,CCL2,CCND1,CD40,CLDN5,COL1A1,CSF1,CXADR,CXCL10,CXCL15,CYP11A1,EPAS1,FASL,FN1,FOS,HES1,IL10,IL12B,IL6,IRF4,KLF5,LTC4S,MAP3K8,MET,MMP9,MYC,NFKB1,NGB,PGF,PGLYRP1,PTGS2,SELP,SERPINE2,TLR2,TNFAIP3,TRP73,UPP1
MYB	-2.01918835906	0.0004986750227948719	0.004328499197859488	1.66831493866	17831	15	3	5	3366	9	0.0134080717489	CDKN1A,CSF1R,CSF3R	ANPEP,GSTM2,IGFBP5,KIT,PTGS2	ANPEP,CSF1R,CSF3R,GSTM2,IGFBP5,KIT,MYC,PTGS2,RFX2
WT1	-1.40319746905e-06	0.0035712654144613195	0.019870887049695033	1.91985370565	17831	7	3	1	3366	5	-0.0268161434978	CSF1,IGF2,IL10	VEGFA	CSF1,IGF2,IL10,VEGFA,WNT4
ETS2	-2.87948953054	0.002334956722077342	0.014902517902670095	1.27974965074	17831	24	4	12	3366	11	0.0268161434978	CD4,FLI1,MDM2,NAB2	BCL2L1,CDKN2A,CSF1R,CSF3R,ERG,HMOX1,HMOX2,KRT8,NOS2,PCYT1A,STAB1,TLR13	CSF1R,CSF3R,DUSP6,ERG,FLT4,JUN,KIT,KRT8,SH2D1A,STAB1,TLR13
TRP53	-0.696351709942	1.652033726443524e-05	0.00029874276553187054	0.840495914041	17831	142	50	47	3366	48	-0.00165873052563	ATF3,BAK1,BAX,BCL2,BTG2,CASP6,CASP7,CDK2,CDKN1A,CKAP2,DUSP2,DUSP4,DYRK1A,E2F1,FAS,FOXO3,FOXP3,GSK3B,GTSE1,HDGF,HIPK2,HSPA1B,INSR,LTF,MAPK1,MDM2,MET,NDRG1,NUPR1,PER2,PIAS3,PKD1,PML,PTGS2,PTK2,RAP2B,REEP5,SIAH1B,SIN3A,SLC6A6,SOD2,SREBF1,TCF7L2,TFF2,THBS1,TNFRSF10B,TPT1,TRP53,TRP53INP1,UPP1	AFP,AGTR1A,APAF1,BBC3,BCL2,CCNB1,CDK5,CDKN1A,CHEK1,CXCR2,DDIT4,EDIL3,ELF4,FOS,FOXM1,GADD45A,GDF15,HGF,HMOX1,HRAS,KLF2,KLF4,KRT19,MCM7,MCTS1,MDM2,MET,MGMT,PCNA,PER2,PERP,PLK3,POLK,PRNP,PSEN1,RPS6KA1,RUNX1,SESN1,SIVA1,SRC,TCF4,TERT,THBS1,TRP73,TYMS,UHRF1,UPP1	AFP,AGTR1A,ANKRD1,AXL,BIRC5,BTG2,CASP3,CCNA2,CCNB1,CCNB2,CDKN1C,CKAP2,CKS1B,CXCR2,DUSP2,EDIL3,FOS,FOXP3,FPR1,GAP43,GDF15,HSPA1B,KLF2,KRT19,LTF,MET,MMP2,MT1,MYC,NFKB1,NUPR1,PDGFRB,PERP,PRNP,PTGS2,PTK2,SALL2,SERPINE1,SRC,STEAP3,TCF4,TCF7L2,TFF2,THBS1,TRP73,UHRF1,UPP1,ZFP385A
SP1	-2.38886392165	1.8243185176652376e-13	1.9793855916667828e-11	1.06758512208	17831	230	52	64	3366	91	0.00554816762023	ABCC1,AHR,ARNTL,ASCL2,CD1D2,CDKN2C,CEBPA,CEND1,CIRBP,COPS5,COX17,CTSE,DNMT1,EGR1,EPOR,FMR1,GSTK1,HINFP,HSPA1B,ICAM1,IL10,IL2,ITGA6,JAK3,KCNN3,KDM5A,LOR,LTF,MET,MGARP,MIF,MRC1,MYB,OPRM1,PARP1,PCYT1A,PEMT,PLD2,PTDSS1,RAC2,REST,SELL,SETDB1,SIRT1,SLC2A3,TERT,THRA,TNFSF11,TPT1,TXLNG,VEGFA,ZBTB14	ACACA,ACSS1,ACTA2,ADCYAP1R1,APP,BACE1,BFSP1,BSG,BTK,CADM1,CCL2,CCND1,CCND2,CCND3,CDH5,CDKN1A,CDKN1C,CES1D,COL1A2,COL5A1,COX4I1,CSF1,CSF1R,CSF2,CSRP2,CYP11A1,DMD,ECM1,EPOR,GPC4,HGF,HSPA1B,ITGA5,KCNN3,KLF16,KRT5,LGALS1,LIPE,MET,MFN2,MGP,MMP9,MYC,MYH11,NOS3,NPR1,NRGN,NRP1,PCYT1A,PRKRA,PTGS1,PTGS2,RAC2,RUNX2,SLC9A2,SOD3,SP4,SRC,SREBF1,TEC,TESC,TGM1,UCP3,VEGFA	ABCA1,ABCB1A,ACTA2,ADCY4,ALDH3A1,ALOX5,APOE,APP,ASCL2,BFSP1,BMP4,BTK,CADM1,CCL2,CCND1,CD14,CD55,CD79A,CDH5,CDKN1C,CEBPA,CEBPD,CES1D,CES2C,COL1A1,COL1A2,COL5A1,CSF1,CSF1R,CSRP2,CXADR,CYP11A1,EPAS1,FASL,FBLN1,FOS,GFPT2,GHR,GPC4,HSPA1B,IGFBP3,IL10,IL6,ITGA5,JUN,KCNN3,KIT,LMNA,LPL,LTF,MERTK,MET,MGARP,MGP,MGST1,MMP2,MMP28,MMP9,MRC1,MYC,MYH11,NES,NGB,NKX2-1,NOS3,NPR1,NR1H3,NRGN,PLAUR,PRKAR2B,PTGS1,PTGS2,RNF141,SCARB1,SELL,SERPINE1,SLC11A1,SLC9A2,SOCS3,SOD3,SPARC,SRC,SULT1A1,SYN2,THRA,TIMP3,TLR2,TNFAIP3,TRF,UCP3,VEGFA
SP3	-2.17534559198	5.357829736950261e-06	0.00011626490529182066	1.1757986867	17831	68	16	24	3366	29	0.0107264573991	AHR,ANGPT2,DNMT1,IL10,ITGA6,KCNN3,MET,MGP,OPRM1,PTDSS1,RAC2,SETDB1,SLC2A3,SLC9A2,TERT,ZFP143	ACACA,ACTA2,ANGPT2,BSG,CDH5,CDKN1A,CEBPA,CSF1,DMD,GHR,GPC4,HGF,LIPE,NRGN,OPRM1,PCYT1A,PRKRA,PTGS2,SOD3,SP1,TESC,TXLNG,UCP3,VEGFA	ACTA2,ADCY4,ANGPT2,CDH5,CEBPA,CES2C,CSF1,EPAS1,FBLN1,GHR,GPC4,IL10,IL6,KCNN3,LMNA,LPL,MERTK,MET,MGP,NES,NOS3,NRGN,PTGS2,SDC1,SLC9A2,SOCS3,SOD3,UCP3,VEGFA
SNAI1	0.167937274321	8.712073732475322e-07	2.7007428570673498e-05	1.89070736	17831	20	11	6	3366	14	-0.0157742020575	CDH1,CLDN3,CTNNB1,CXADR,ITGB4,LLGL2,OCLN,PTGS2,RUNX2,THBD,TJP1	CDH1,ID1,MMP15,MMP2,PHGDH,TRP53	CDH1,CLDN3,CXADR,FN1,ID1,ITGB4,KIT,MMP15,MMP2,OCLN,PTGS2,TFCP2L1,THBD,TJP1
RUNX2	-1.70271382026	0.004497218384170463	0.023451938776398392	0.990243033546	17831	40	10	15	3366	15	0.0107264573991	ASRGL1,BAX,COL10A1,HES1,NR2F2,SMAD6,SOX9,TCF7,TG,TNFSF11	ALPL,AXIN2,COL1A1,COL1A2,DDX5,IHH,LGALS3,MGP,PPARG,PTTG1IP,SMURF1,SOX5,SOX9,SPP1,TNFSF11	COL1A1,COL1A2,CYP11A1,HBEGF,HES1,LEF1,LGALS3,MGP,NR2F2,OSR1,SMAD6,SPP1,TCF7,TG,THBS1
RUNX3	-2.28449392795	0.0008881414172349471	0.00688309598357084	1.99024303355	17831	8	2	5	3366	6	0.0229852658552	IFNG,ITGAE	CCR7,CD4,CLDN7,PIRB,SLC22A17	CCR7,CLDN7,ITGAE,PIRB,SLC22A17,THBS1
RFX5	0.0	0.0035712654144613195	0.019870887049695033	1.91985370565	17831	7	0.0	0.0	3366	5	0.0			H2-AA,H2-AB1,H2-DMB1,H2-EB1,H2-OB
EGR1	-0.577381952057	0.00025292191457842365	0.002386263281022519	1.04619943952	17831	59	18	14	3366	23	-0.00670403587444	BNIP3,CREBBP,CXCL2,GGPS1,ICAM1,ID3,IL2,IL4,ITGA7,ITGB6,MAPK14,MAPK8,MET,NR4A1,PTEN,TK1,TNF,TRP53	CCL2,CDK5R1,CDKN1C,HSD11B2,IL1B,MAP1LC3B,MMP14,MMP9,PPP1R1B,PTGES,PTPRZ1,SERPINE1,THBS1,TRP73	ACHE,BIRC5,CCL2,CCND1,CDKN1C,F3,IL1B,ITGA7,ITGB6,JUN,MET,MMP9,NGB,NR4A1,PPP1R1B,PTGES,RCAN1,SERPINE1,SOCS1,SYN2,THBS1,TRP73,WNT4
JUN	-2.32236500229	6.010406049571919e-09	3.260645281892766e-07	1.17006407113	17831	113	25	33	3366	48	0.00739755682697	B4GALNT1,BCL3,CAT,CCND1,CXCL2,ICAM1,IFNG,IL11,IL2,IL4,JUN,LOR,MIR23A,MMP3,MYOD1,NEFL,NFE2L2,NOS2,ODC1,PENK,PTPN4,RAB18,RELB,TBP,TFF2	ALDH1A1,ANGPT2,CCL12,CCND1,CCND2,CDKN2A,COL3A1,CSF1R,CTSK,CYP11A1,FOS,GCLC,HMOX1,IL12B,IL27,IL6,ITGA5,KRT18,MAF,MET,MMP9,NACC1,NFKB1,NOS2,NR3C1,PPP1R3B,PTGS2,SERPINE1,SPP1,SRXN1,TGFB1,TGM1,TRP53	ALDH1A1,ALDH3A1,ANGPT2,AQP5,CCL2,CCND1,CD14,CEBPD,COL3A1,CSF1R,CTSK,CXCL15,CYP11A1,ENO2,FGF7,FOS,GCLC,IL12B,IL1B,IL6,ITGA5,JDP2,JUN,KRT18,MET,MMP12,MMP19,MMP2,MMP3,MMP9,MSR1,NFKB1,PENK,PLAUR,PLIN2,PPP1R3B,PTGS2,PTPN4,SERPINE1,SLC8A1,SOCS3,SPP1,SRC,SRXN1,TFF2,TIMP1,TRP73,WEE1
SOX17	-0.63072562009	0.008043138743765494	0.03173383831631113	1.72720862771	17831	8	4	3	3366	5	-0.00766175528507	CCND1,CTNNB1,LEF1,SFTPC	FOXA2,FOXJ1,LEF1	CCND1,FOXA2,FOXJ1,LEF1,SFTPC
RUNX1	-0.438950759325	0.00014833224640469967	0.0016094048734909914	1.72720862771	17831	16	7	4	3366	10	-0.0146269873624	CD40,CDKN2A,FXYD2,IFNG,IGFBP3,IL2,SLC22A17	AI467606,CD79A,CSF1R,SMAD6	CD40,CD79A,CEBPA,CSF1R,IGFBP3,MPL,PIEZO2,SLC22A17,SMAD6,SPI1
NR1H3	-0.935816965747	0.004994269950730636	0.024083479540189953	1.51219573674	17831	13	2	2	3366	7	-0.0	F3,NOS2	ARG2,MLXIPL	ABCA1,APOE,ARG2,F3,MAP3K8,NR1H3,PLTP
TCF3	-2.33703697671	6.88870169288928e-05	0.0008304712596427632	1.51219573674	17831	26	4	12	3366	14	0.0268161434978	ADIPOQ,CDH1,FOXO1,TPT1	ACTA2,AICDA,CCND3,CD19,CD5,CD79A,CDKN1A,EPB42,ID1,INSM1,LEF1,UNG	ACTA2,ADIPOQ,CD19,CD7,CD79A,CDH1,CLDN4,EBF1,FOXO1,FOXP3,ID1,KIT,LEF1,PAX5
FOS	-2.3844885141	0.003973495341991774	0.021556212230305374	0.938154522398	17831	47	6	11	3366	17	0.0157742020575	IL2,MMP9,NEFL,NFE2L2,PENK,TFF2	FOS,IL27,KRT18,NACC1,NOS2,NR3C1,PPP1R3B,SRC,SRR,SRXN1,TGFB1	BDNF,CXCL15,FOS,IL6,JUN,KRT18,MMP2,MMP9,MT1,PENK,PPP1R3B,SOCS3,SRC,SRXN1,TFF2,TINAGL1,WEE1
PAX5	-1.91692932761	4.998014015459933e-05	0.0006379817890322386	2.08335243794	17831	10	3	5	3366	8	0.0134080717489	AICDA,CSF1R,FLT3	BLK,CD72,CD79A,EBF1,PRDX6	BLK,BLNK,CD19,CD72,CD79A,CSF1R,EBF1,FLT3
PPARA	-2.18595845513	6.009084100679508e-07	2.173285416412422e-05	1.54967044216	17831	38	10	16	3366	21	0.0123766816143	CEBPA,CEBPB,CEBPD,GSK3B,IL6ST,NFKBIA,PXMP4,SLC25A20,SPP1,TRIB3	ABCD4,AKR1C18,ALDH3A2,ANGPTL4,BCL2,CD36,CDKN2A,CIDEA,IL6RA,LPL,SERPINE1,SERPINE2,SLC27A1,TBX21,UCP2,UCP3	ACOT1,AKR1C18,ANGPTL4,CD36,CEBPA,CEBPB,CEBPD,FABP1,FABP4,IL6,IL6RA,LPL,MMP12,NFKBIA,PTGS2,SERPINE1,SERPINE2,SLC15A1,SLC27A1,SPP1,UCP3
RFXAP	0.0	0.0035712654144613195	0.019870887049695033	1.91985370565	17831	7	0.0	0.0	3366	5	0.0			H2-AA,H2-AB1,H2-DMB1,H2-EB1,H2-OB
IRF1	-0.585423095466	0.005834522942822804	0.025495866744179092	1.20364667166	17831	23	10	8	3366	10	-0.0059591429995	CCL5,CXCL10,CXCL11,GBP2,IL12B,MAPK14,MYD88,SELL,TAP2,TNF	CIITA,FOXP3,IL12A,IL12B,IL27,IL4,NOS2,SOCS1	CIITA,CXCL10,FOXP3,GBP2,IL12A,IL12B,PIGR,SELL,SOCS1,UPP1
SMAD4	0.482952724899	0.0020612667508458603	0.014428867255921022	1.23535553138	17831	27	13	6	3366	12	-0.0197592636299	AFP,CDH1,CLDN3,CXADR,ID3,IFI204,IL10,OCLN,SCNN1A,SSTR2,TGFB1,TGFBR2,TNFSF13B	BMPR1B,CDKN1A,CDKN2B,DAPK1,SKIL,VEGFA	AFP,CDH1,CDKN2B,CLDN3,CXADR,DAPK1,IL10,JUN,NKX2-1,OCLN,SCNN1A,VEGFA
FOXM1	-0.41469424366	0.009837004485718405	0.03811839238215882	1.18288811149	17831	21	4	2	3366	9	-0.0178774289985	AXIN2,MYC,SNAI2,SOCS3	LAMA4,SNAI1	BRIP1,CDH1,LAMA4,MYC,NR4A2,PTGS2,SCGB1A1,SFTPC,SOCS3
REL	-0.62145728767	0.003465607837055833	0.019870887049695033	1.22085596169	17831	25	11	9	3366	11	-0.00536322869955	BIRC3,CCL5,EZH2,FOXP3,IL2,IL4,MYC,RC3H1,SOD2,TNF,TNFAIP3	IFNG,IL12A,IL12B,IL1B,IL23A,MYC,NOS2,TNF,WT1	CCL2,CEBPD,FOXP3,IL12A,IL12B,IL1B,IL21,MYC,NGB,PTHLH,TNFAIP3
STAT3	-1.40672204977	0.0045390849244642045	0.023451938776398392	0.798622961004	17831	67	23	23	3366	22	-0.0	BATF,BCL2,BCL2L1,CAV1,CXCL11,EGR1,FOS,GFAP,GFI1,HIF1A,IL12A,JAK3,MMP9,NOSTRIN,NT5E,PRDM1,PTEN,RC3H1,RELA,SOCS3,SREBF1,STAT3,TWIST2	AKT1,CAV1,CEBPD,COL1A1,ENTPD1,HGF,IGFBP5,IL23A,IL6,KLF4,LIF,MAF,MMP2,MMP9,MT1,MYC,NOS2,SPI1,TCF4,TGFB1,TRP53,TWIST1,VEGFA	CAV1,CCND1,CEBPD,COL1A1,FOS,IGFBP5,IL10,IL12A,IL21,IL6,MMP2,MMP9,MT1,MUC1,MYC,NOSTRIN,PCSK1,REG3G,SOCS3,SPI1,TCF4,VEGFA
STAT1	-1.61029443982	4.1591640333022095e-05	0.0005640866220166121	1.45108422244	17831	31	9	12	3366	16	0.00766175528507	CXCL10,GBP2,IL6,IRF1,IRF7,RC3H1,SOCS3,TBX21,TRP53	CD36,CEBPD,CIITA,CXCL10,FCGR1,GFI1,MDM2,MT1,NOS2,PDCD1,SOCS1,UPP1	APP,CD36,CD40,CEBPD,CIITA,CXCL10,FCGR1,GBP2,IL6,IRF1,IRF7,IRF9,MT1,SOCS1,SOCS3,UPP1
USF1	-3.11712615298	2.6904431971067977e-05	0.00041701869555155365	1.91985370565	17831	14	2	10	3366	10	0.035754857997	FMR1,TNFAIP3	BDNF,CIITA,COL1A1,CYP1A1,FASN,GATA5,LIPE,MT1,PIGR,SPP1	BDNF,CES2C,CIITA,COL1A1,GATA5,MT1,PIGR,PRND,SPP1,TNFAIP3
NFKB1	-1.32827422621	1.2089204658316695e-16	2.6233574108547228e-14	1.30818184472	17831	169	49	52	3366	79	0.00159303822759	ADIPOQ,BIN1,BIRC3,CCL20,CCL22,CCL5,CFLAR,COL1A1,CXCL1,CXCL2,DUSP1,FAS,FBP1,FOS,GADD45B,HES1,HSD11B2,IKBKB,IL12B,IL2,IL23A,IL4,IL6,KCNIP2,LEF1,LTC4S,MAPK14,MYB,MYC,NFKBIA,NFKBIZ,NOS2,PDK4,PER2,PMAIP1,PTGS2,PTPN4,REL,RELB,RIPK2,SLC1A2,SLC2A4,SOD2,SOX9,STK39,TAPBP,TNF,TNFAIP3,TNFRSF25	ADORA1,ADORA2A,BANP,BCL2,BCL2L1,BMP2,BTK,CCL12,CCL2,CCND1,CD40,CD80,CD86,CDK4,CEBPB,CSF1,CSF2,DCST1,EPAS1,FTH1,GCLM,HSD11B2,IL12A,IL12B,IL1A,IL1B,IL2RA,IL6,ITGAM,LCN2,MMP14,MMP9,MSX1,MYC,MYOZ2,NFKB1,NOS2,NQO1,PER1,PTEN,PTGS2,SELP,SLC1A2,SRC,TEC,TGFB1,TLR2,TLR4,TNF,UPP1,VCAM1,WT1	ADIPOQ,ADORA2B,AGER,ALDH3A1,ALOX5,APOE,AQP5,BMPR2,BTK,CCL2,CCL22,CCL9,CCND1,CD40,CD7,CEBPA,CEBPB,COL1A1,CSF1,CXADR,CXCL10,CXCL15,CYP11A1,EDN1,ELF3,EPAS1,FASL,FN1,FOS,FOXP3,HES1,IL10,IL12A,IL12B,IL15,IL1A,IL1B,IL2RA,IL6,IRF4,ITGAM,KDR,KLF5,LCN2,LEF1,LTC4S,MMP2,MMP3,MMP9,MSX1,MYC,NFKB1,NFKBIA,NFKBIZ,NGB,NOS3,NTN1,PIRB,PLA2G4A,PLAUR,PLIN2,PPP1R13L,PPP1R14A,PTGES,PTGS1,PTGS2,PTPN4,REL,SELE,SELP,SRC,STAT1,TIMP3,TLR2,TLR4,TNFAIP3,UPP1,VEGFA,VEGFC
SRF	-3.44698177115	0.00010289039302029521	0.0011751165939686346	1.87476581613	17831	13	1	8	3366	9	0.0417140009965	KCNMB1	EGR1,MMP14,MMP2,MYH11,MYLK,MYOD1,TAGLN,TGFB1I1	ACTA2,ACTG2,FOS,KLF3,MMP2,MYH11,MYLK,TAGLN,TGFB1I1
SPIC	-2.41421356237	0.0053835457497113035	0.02433811307681985	2.08335243794	17831	5	0	2	3366	4	0.0536322869955		FCER2A,NFKB1	FCER2A,FCGR2B,MMP12,NFKB1
LEF1	-1.77156314334	0.004827895855315405	0.023822815863970864	1.40528053282	17831	16	4	6	3366	8	0.0107264573991	CDH1,IL13,IL5,RUNX2	CTNNB1,DLL1,IL4,LRP5,OVOL1,PTGS2	CDH1,DLL1,FOXJ1,IL5,NCAM1,OVOL1,PTGS2,ZBTB16
EP300	-0.804135790122	8.376572129167004e-08	3.63543230405848e-06	1.49101040685	17831	49	10	10	3366	26	-0.0	CCND1,COL1A2,DNMT1,FLT4,FOS,MYB,PPARG,STAT5A,TFF2,TNFSF13B	CDKN1A,CRYAB,HMOX1,MMP9,MT1,MYOD1,NPR1,PTGS2,SPP1,TNFSF10	ALDH3A1,BIRC5,CCNB2,CCND1,COL1A2,CRYAB,EDN1,F7,FLT4,FN1,FOS,HRH4,IL6,KLF5,MEF2C,MMP2,MMP9,MT1,NPR1,PTGS2,RARB,SCD1,SOCS3,SPP1,TFF2,WNT4
MYC	0.395456697365	0.004830432709745244	0.023822815863970864	0.945848914188	17831	44	17	10	3366	16	-0.0139046669988	BCL2,CAR1,CDKN1A,CDKN2B,CEBPD,EIF4E,FASL,MXI1,NFIA,ODC1,PDGFRB,PTMA,RHOA,SLC11A1,SLC1A2,TERT,TRP53	BCAT1,CAD,CCND2,CDH1,MYC,NDRG1,NRGN,SLC1A2,ZBTB17,ZFP36	BCAT1,CAR1,CAV1,CCNB1,CDCA7,CDH1,CDKN2B,CEBPD,FASL,MYC,NRGN,PDGFRB,SLC11A1,TIMP3,WNT4,ZFP36
JUNB	-0.686767653994	0.0008881414172349471	0.00688309598357084	1.99024303355	17831	8	4	3	3366	6	-0.00766175528507	CCND1,FOXP3,IL4,PLAU	CTSK,MYL9,SERPINE1	CCND1,CTSK,FOXP3,MMP2,MYL9,SERPINE1
CTNNB1	-1.80412524919	1.0704196329294914e-06	2.9035132543212455e-05	1.51219573674	17831	39	12	14	3366	21	0.00412556053812	AXIN2,BIRC5,CCL7,CCNE1,E2F1,FOXA2,IHH,LEF1,PITX2,PML,PPARD,WNT1	BCL2L1,BMP4,CCND1,CYP2B10,FGFBP1,GJA1,GLUL,GREM2,MYCN,PTGS2,RUNX2,TCF4,TWIST1,VEGFA	BIRC5,BMP4,CASP3,CCND1,CCNE1,CDH1,CYP2B10,FGFBP1,FOXA2,FOXJ1,GJA1,LEF1,MET,MYC,PDGFRA,PTGS2,TBX3,TCF4,VEGFA,WNT1,WNT4
PITX2	-0.818132204742	0.00017928726003682669	0.0017684243376359723	1.61678463802	17831	19	9	7	3366	11	-0.00670403587444	DLX2,ISL1,LEF1,MGA,TBX1,TBX2,TBX5,TBX6,TPT1	BMP4,FOXJ1,GAD1,GATA4,MEF2C,MYOD1,TBX4	BMP4,DEPDC1B,FOXJ1,GAD1,LEF1,MEF2C,PLOD1,TBX1,TBX2,TBX4,TBX5
MITF	-0.872066360087	0.000981909225755211	0.00734738972375451	1.47928111427	17831	19	7	8	3366	10	0.0035754857997	DKK3,FOS,ITGA4,OSTM1,PIK3R1,SDC1,SLC2A2	ACP5,BEST1,CD40,CDKN1A,CLCN7,DCSTAMP,IRF4,TRPM1	CD40,CTSK,DKK3,FOS,IRF4,ITGA4,MET,PMEL,SDC1,TBX2
MYBL2	-1.01852512927	0.0022374061882416683	0.014712640692377031	1.8203180321	17831	9	2	2	3366	6	-0.0	COL5A2,ERBB2	IGFBP5,SFTPA1	ADORA2B,COL5A2,ELN,IGFBP5,RFX2,SFTPA1
CEBPB	-2.03284122242	2.472354135310793e-05	0.00041269295950957085	1.44834925472	17831	33	6	9	3366	17	0.0107264573991	CSF1R,FOS,H2-K1,PPARG,RUNX2,SCGB1A1	BCL2,CEBPA,CLU,FOXF1,IL1B,MYC,PPARGC1A,PTGS2,SERPINE1	ALDH3A1,BTG2,CEBPA,CLU,CR2,CSF1R,FOS,FOXF1,IL1B,IL6,MAFB,MYC,PTGS1,PTGS2,SCGB1A1,SERPINE1,SOCS3
CEBPA	-3.46993854826	0.006733076978819486	0.028097648161612088	1.25327743938	17831	20	2	10	3366	9	0.035754857997	CFLAR,IL4	BCL2,CLU,CRABP2,IL12B,LPIN1,NFKB1,NOS2,PTGS2,SCGB1A1,SLC2A4	ALDH3A1,CLU,IL12B,NFKB1,NR1H3,PTGS2,SCGB1A1,SPI1,ZBTB16
MYOD1	-3.0267870581	0.006585925306395987	0.028022466499763317	1.01825740972	17831	34	4	12	3366	13	0.0268161434978	ARNT,IFI204,ITGA7,SMAD7	ACACB,ACTC1,CCND3,CDKN1A,CDKN1C,DES,FOSL1,MAF,RB1,RECK,SGCG,TRP73	ACTA2,ACTC1,ALDH1A1,BMP5,CCND1,CDC6,CDKN1C,CDO1,DES,ITGA7,SDC1,SGCG,TRP73
SPI1	-2.52310244655	0.00017149516629016924	0.0017684243376359723	1.31781769157	17831	34	7	14	3366	16	0.0178774289985	CCL5,H2-AB1,MRC1,NCF4,PTPRC,SCN8A,TNF	AIF1,BCL2L11,CSF1R,FCER1G,FES,FLT3,IGHM,IL1B,IRF8,ITGA2B,NCF1,OPRM1,PIRB,TLR4	AIF1,CSF1R,FCER1G,FES,FLT3,H2-AB1,IL1B,IRF8,ITGA2B,MEF2C,MRC1,NCF1,NFKB1,PIRB,PTPRO,TLR4
TRP63	0.00752354177353	0.0022374061882416683	0.014712640692377031	1.8203180321	17831	9	2	1	3366	6	-0.0178774289985	PTK2,SATB1	IRF6	EVPL,KRT14,PTK2,SATB1,SMARCD3,VEGFA
RFXANK	0.0	0.0035712654144613195	0.019870887049695033	1.91985370565	17831	7	0.0	0.0	3366	5	0.0			H2-AA,H2-AB1,H2-DMB1,H2-EB1,H2-OB
PPARG	-3.80083476096	0.0008089445792380573	0.006751575911333017	1.08335243794	17831	45	6	21	3366	18	0.0297957149975	CCND1,CSF1,INSR,MAF,PTGS2,TRP53	ANGPTL4,CAV1,CIDEA,COPS5,EGR1,FABP4,HGF,HMOX1,IFNG,IL2,IL4,MUC1,PAQR7,PLIN2,PLIN5,SCNN1G,SLC27A1,SORBS1,TMEM159,UCP2,UCP3	ADIPOQ,ANGPTL4,CAV1,CCND1,CIDEC,CSF1,FABP4,FGF1,KLF5,MUC1,PLIN2,PLIN5,PTGS2,SCARB1,SCNN1G,SERPINE1,SLC27A1,UCP3
NR4A1	0.73204953775	0.0053835457497113035	0.02433811307681985	2.08335243794	17831	5	3	0	3366	4	-0.0536322869955	EDN1,FASL,KCNB1		EDN1,FASL,KCNB1,SERPINE1
SMAD3	-0.722192010451	3.8915366409586695e-05	0.0005629756340586876	1.36575216864	17831	37	15	12	3366	18	-0.0059591429995	CCL2,CDH1,CLDN3,CXADR,FOXP3,IL23A,LGALS9,OCLN,PPARGC1A,RUNX2,SIRT1,SMAD7,SSTR2,TNFSF13B,TPT1	ACTA2,CDKN2B,COL1A2,DAPK1,FN1,IL2,MYC,NEDD9,RIF1,SERPINE1,TAGLN,VEGFA	ACTA2,CCL2,CDH1,CDKN2B,CLDN3,COL1A2,CXADR,DAPK1,FBLN5,FN1,FOXP3,JUN,MMP9,MYC,OCLN,SERPINE1,TAGLN,VEGFA
NOTCH1	-2.05074111951	2.1573227969351923e-06	5.2015449659437414e-05	1.8203180321	17831	21	6	11	3366	14	0.0157742020575	CASP3,CCNE1,CTNNB1,HES5,RUNX2,SMARCC1	CCND1,CDKN1A,EFNB2,GATA2,HEY1,NFKB1,NRARP,RBPJ,SCGB3A2,SPI1,TCF3	CASP3,CCND1,CCNE1,DLL4,DTX1,EFNB2,GATA2,HEY1,HEY2,NFKB1,NRARP,RBPJ,SCGB3A2,SPI1
TFAP2A	-0.863704470566	0.008043138743765494	0.03173383831631113	1.72720862771	17831	8	3	2	3366	5	-0.0107264573991	CEBPA,ITPR1,VEGFA	HOXA7,MEIS1	APOE,CEBPA,HOXA7,MEIS1,VEGFA
