gene_set	genes_in_background	candidate_genes	gene_set_genes	overlapping_genes	log2_fold_enrichment	enrichment_p_value	enrichment_p.BH_value	underenrichment_p_value	underenrichment_p.BH_value	overlapping_gene_names
GO_MITOTIC_CHROMOSOME_CONDENSATION	17831	573	13	5	3.58119704214	3.49833718301944e-05	0.002569051614948276	0.9999984813778081	1.0	CDCA5,NCAPG,NCAPH,NUSAP1,TTN
GO_NEGATIVE_REGULATION_OF_LEUKOCYTE_APOPTOTIC_PROCESS	17831	573	35	6	2.41538814917	0.0007867287054062899	0.029945970401063796	0.9998951957293873	1.0	AURKB,CCR7,CD27,HSH2D,IRF7,PRKCQ
GO_LYMPHOCYTE_DIFFERENTIATION	17831	573	174	14	1.32412009161	0.001506654355428573	0.04490180316218766	0.9994916815445548	1.0	CCR7,EOMES,FOXP3,IL10,IL18R1,IRF1,IRF4,ITGA4,ITGB1,LEF1,SATB1,SLAMF6,TCF7,WNT1
GO_POSITIVE_REGULATION_OF_CYTOKINESIS	17831	573	22	8	3.50027704676	2.326022416062185e-07	4.6974022692375825e-05	0.9999999882834875	1.0	AURKB,CDC25B,CDC6,CIT,ECT2,KIF14,KIF23,RACGAP1
GO_POSITIVE_REGULATION_OF_CELL_DIVISION	17831	573	93	15	2.3274404499	2.589402503154932e-07	4.831472070343641e-05	0.9999999595283396	1.0	AURKA,AURKB,BIRC5,CDC25B,CDC6,CDCA5,CIT,DLGAP5,ECT2,KIF14,KIF23,NUSAP1,PLK1,RACGAP1,UBE2C
GO_REGULATION_OF_MICROTUBULE_BASED_PROCESS	17831	573	205	21	1.67254598867	2.9753176555618263e-06	0.000364160848812552	0.9999992095353798	1.0	ASPM,AURKA,AURKB,BIRC5,CCNB1,CCNF,CKAP2,ECT2,FGF13,KIF23,KIFC1,MID1,NDC80,PLK1,PRC1,RACGAP1,SKA1,SKA3,SPC25,STIL,TTK
GO_CELL_CYCLE_PHASE_TRANSITION	17831	573	234	24	1.67430644654	5.774600454020859e-07	8.970619705303941e-05	0.9999998462877109	1.0	AURKA,BCAT1,BIRC5,BUB1B,CCNB1,CCNB2,CCNE1,CDC25B,CDC25C,CDC6,CDCA5,CDK1,CDKN3,DBF4,E2F7,HMMR,ITGB1,KLF11,MCM10,MELK,ORC1,PLK1,RRM2,UBE2C
GO_CHROMOSOME_LOCALIZATION	17831	573	53	13	2.93222792898	8.80368087884308e-09	2.850446183897465e-06	0.9999999992164528	1.0	BIRC5,CCNB1,CDCA5,CDCA8,CENPE,CENPF,CEP55,DLGAP5,GEM,KIF14,KIF22,KIF2C,KIFC1
GO_NEGATIVE_REGULATION_OF_DEFENSE_RESPONSE	17831	573	110	11	1.63778057051	0.0008249306965286496	0.030017072822335275	0.999783557871142	1.0	ADIPOQ,DHX58,DUSP10,FOXP3,IFIT1,IL10,PBK,PGLYRP1,SERPINC1,SOCS3,TNFAIP3
GO_CYTOKINESIS	17831	573	73	12	2.35484660724	3.3229070773633476e-06	0.0003947418142785459	0.9999994991025244	1.0	AURKB,BIRC5,CEP55,CIT,CKAP2,ECT2,KIF20A,KIF23,NUSAP1,PLK1,PRC1,RACGAP1
GO_NUCLEAR_CHROMOSOME_SEGREGATION	17831	573	178	40	2.80590332932	8.992763472384952e-23	1.2107257221654273e-19	1.0	1.0	AURKB,BIRC5,BUB1,BUB1B,CCNB1,CDC20,CDCA5,CDCA8,CENPA,CENPE,CENPF,CENPH,CENPI,CENPK,CENPM,CENPP,CEP55,DLGAP5,DSCC1,GEM,KIF14,KIF18B,KIF22,KIF23,KIF2C,KIFC1,KNTC1,NCAPG,NCAPH,NDC80,NUF2,NUSAP1,PLK1,PRC1,RACGAP1,SKA1,SPC24,SPC25,TOP2A,TTN
GO_NEGATIVE_REGULATION_OF_MITOTIC_CELL_CYCLE	17831	573	170	16	1.55031772926	0.0001220955491741914	0.007077048548794811	0.9999648465821929	1.0	AURKA,BTG2,BUB1,BUB1B,CCNA2,CCNB1,CDC25C,CDK1,CENPF,CLSPN,E2F7,KNTC1,NBN,PLK1,TOP2A,TTK
GO_DNA_REPLICATION	17831	573	187	18	1.58273920695	3.483006703674052e-05	0.002569051614948276	0.9999901532742236	1.0	BRIP1,CCNE1,CDC25C,CDC6,CDK1,CLSPN,DBF4,DSCC1,DTL,EXO1,MCM10,NBN,ORC1,POLH,RAD51,RRM2,SLC25A33,TOP2A
GO_REGULATION_OF_HEMOPOIESIS	17831	573	243	19	1.28282367524	0.0003388397466108143	0.016420142178685038	0.9998799329138467	1.0	ADIPOQ,CD27,DTX1,FOS,FOXP3,GPR55,HMGB2,IL1RL2,IRF1,IRF4,IRF7,ISG15,JUN,LEF1,MYC,NFKBIA,NFKBID,PGLYRP1,TNFSF4
GO_CELL_CYCLE_G1_S_PHASE_TRANSITION	17831	573	101	13	2.00193690079	2.083853832430095e-05	0.0017176909447316642	0.9999958089905281	1.0	BCAT1,CCNE1,CDC6,CDCA5,CDK1,CDKN3,DBF4,E2F7,ITGB1,KLF11,MCM10,ORC1,RRM2
GO_REGULATION_OF_CYTOKINE_BIOSYNTHETIC_PROCESS	17831	573	81	9	1.78978366396	0.0011436810552280803	0.03771655576098162	0.9997376283513638	1.0	FOXP3,IGF2BP3,IL10,IL21,IRF1,IRF4,LAG3,PRKCQ,TRIB2
GO_REGULATION_OF_INTERFERON_GAMMA_PRODUCTION	17831	573	75	12	2.31585247562	4.4534985523148485e-06	0.00048615353115674794	0.9999993068628243	1.0	CCR7,FOXP3,IL10,IL18R1,IL21,ISG15,PGLYRP1,PYCARD,SLAMF6,TNFSF4,TXK,XCL1
GO_REGULATION_OF_CYTOKINESIS	17831	573	48	11	2.83417778331	2.6316510410388734e-07	4.831472070343641e-05	0.9999999738322687	1.0	AURKA,AURKB,CDC25B,CDC6,CIT,E2F7,E2F8,ECT2,KIF14,KIF23,RACGAP1
GO_NEGATIVE_REGULATION_OF_HEMOPOIESIS	17831	573	94	10	1.72704790861	0.0008708495944154	0.03085404834950702	0.9997882365884669	1.0	ADIPOQ,DTX1,FOXP3,GPR55,IRF1,MYC,NFKBIA,NFKBID,PGLYRP1,TNFSF4
GO_STEM_CELL_PROLIFERATION	17831	573	51	7	2.09463824548	0.0011579234747119884	0.03771655576098162	0.999796184872466	1.0	ASPM,FGF13,LEF1,RACGAP1,RNF43,STAT1,WNT1
GO_POSITIVE_REGULATION_OF_MITOTIC_CELL_CYCLE	17831	573	106	11	1.69121982947	0.000603441147309512	0.025126791690547618	0.9998479020444094	1.0	AURKA,BIRC5,CCNB1,CDC25B,CDC6,CDCA5,CDK1,DLGAP5,NUSAP1,PLK1,UBE2C
GO_REGULATION_OF_HOMOTYPIC_CELL_CELL_ADHESION	17831	573	239	22	1.51827347605	9.931721292224462e-06	0.0008720483108542304	0.9999970289152696	1.0	ADK,BTLA,CASP3,CCR7,CD55,DTX1,FOXP3,IL10,IL1RL2,IL21,IRF1,IRF4,LAG3,LAX1,MAP3K8,NFKBID,PAG1,PRKCQ,PYCARD,TIGIT,TNFSF4,XCL1
GO_ATP_DEPENDENT_CHROMATIN_REMODELING	17831	573	52	7	2.06662386931	0.0013016156941752575	0.04044019837518358	0.9997658122164714	1.0	CENPA,CENPH,CENPI,CENPK,CENPM,CENPP,CENPW
GO_MITOTIC_G2_M_TRANSITION_CHECKPOINT	17831	573	16	4	2.9597086654	0.0014111593632701077	0.04317933839581792	0.9998904172341754	1.0	CCNA2,CDK1,CLSPN,NBN
GO_NEGATIVE_REGULATION_OF_T_CELL_DIFFERENTIATION	17831	573	25	5	2.63778057051	0.001049137268601019	0.03531221189899596	0.9998872544815438	1.0	DTX1,FOXP3,IRF1,NFKBID,TNFSF4
GO_PROTEIN_LOCALIZATION_TO_KINETOCHORE	17831	573	8	3	3.54467116612	0.0016382766837590365	0.0469290746503741	0.9999333591563249	1.0	AURKB,BUB1B,CDK1
GO_REGULATION_OF_CYCLIN_DEPENDENT_PROTEIN_KINASE_ACTIVITY	17831	573	80	11	2.09721218915	4.8164756059299784e-05	0.0031891385200575706	0.9999911245451772	1.0	CASP3,CCNA2,CDC25C,CDC6,CDKN3,CKS1B,CKS2,PIM1,PLK1,TNFAIP3,UBE2C
GO_REGULATION_OF_CELL_KILLING	17831	573	51	8	2.28728332343	0.00020381515085345577	0.010553966593552665	0.9999687169208108	1.0	CRTAM,F2RL1,IL10,IL21,LAG3,SH2D1A,SLAMF6,XCL1
GO_RESPONSE_TO_TYPE_I_INTERFERON	17831	573	42	16	3.56739124262	8.076377082434921e-14	5.436747839325774e-11	1.0	1.0	GBP2,IFIT1,IFIT2,IFIT3,IKBKE,IRF1,IRF4,IRF7,IRF9,ISG15,MX1,MX2,OAS3,SAMHD1,STAT1,XAF1
GO_REGULATION_OF_PROTEIN_BINDING	17831	573	152	13	1.4122208701	0.0012652892668868659	0.039616305030667064	0.999602029634569	1.0	ADIPOQ,AURKA,AURKB,GCG,IFIT1,IFIT2,IL10,ITGA2,ITGA4,LDLRAP1,LEF1,PLK1,WFIKKN2
GO_METAPHASE_PLATE_CONGRESSION	17831	573	39	11	3.13373806517	2.5382122385598165e-08	6.834559487695399e-06	0.9999999980795757	1.0	CCNB1,CDCA5,CDCA8,CENPE,CENPF,CEP55,GEM,KIF14,KIF22,KIF2C,KIFC1
GO_T_CELL_DIFFERENTIATION	17831	573	115	11	1.57365023309	0.0011926129797269393	0.038535710600936864	0.9996717439853525	1.0	CCR7,EOMES,FOXP3,IL18R1,IRF1,IRF4,LEF1,SATB1,SLAMF6,TCF7,WNT1
GO_POSITIVE_REGULATION_OF_CD4_POSITIVE_ALPHA_BETA_T_CELL_ACTIVATION	17831	573	24	5	2.69667425956	0.0008618589243134855	0.030805736241612106	0.9999119366575872	1.0	CD55,FOXP3,PRKCQ,TNFSF4,XCL1
GO_DNA_REPLICATION_INDEPENDENT_NUCLEOSOME_ORGANIZATION	17831	573	34	8	2.87224582415	9.393147009481175e-06	0.0008595249264430607	0.9999991224567482	1.0	ASF1B,CENPA,CENPH,CENPI,CENPK,CENPM,CENPP,CENPW
GO_REGULATION_OF_T_CELL_PROLIFERATION	17831	573	109	11	1.65095595926	0.0007640818443752446	0.029391681613634413	0.9998014933525841	1.0	ADK,CASP3,CD55,FOXP3,IL10,IL21,IRF1,PRKCQ,PYCARD,TNFSF4,XCL1
GO_RESPONSE_TO_ACTIVITY	17831	573	51	7	2.09463824548	0.0011579234747119884	0.03771655576098162	0.999796184872466	1.0	ADIPOQ,CAPN3,CDK1,IL10,ITGA2,ITGB1,KDM6B
GO_HISTONE_EXCHANGE	17831	573	31	7	2.81286727707	4.5814817053593686e-05	0.0030841007679910815	0.9999955564740021	1.0	CENPA,CENPH,CENPI,CENPK,CENPM,CENPP,CENPW
GO_REGULATION_OF_BINDING	17831	573	243	18	1.20482116323	0.0009058458798149816	0.031343232803639	0.9996611602706402	1.0	ADIPOQ,AURKA,AURKB,GCG,HMGB2,IFIT1,IFIT2,IL10,IRF4,ITGA2,ITGA4,JUN,KDM4D,LDLRAP1,LEF1,NFKBIA,PLK1,WFIKKN2
GO_CELL_DIFFERENTIATION_INVOLVED_IN_EMBRYONIC_PLACENTA_DEVELOPMENT	17831	573	20	5	2.9597086654	0.00034962422069000076	0.016420142178685038	0.9999717025580647	1.0	ASCL2,E2F7,E2F8,EOMES,SOCS3
GO_DNA_CONFORMATION_CHANGE	17831	573	174	23	2.04032712561	9.174498735000507e-09	2.850446183897465e-06	0.9999999981898825	1.0	ASF1B,BRIP1,CCNB1,CDCA5,CDK1,CENPA,CENPH,CENPI,CENPK,CENPM,CENPP,CENPW,DFFB,HMGB2,NBN,NCAPG,NCAPH,NUSAP1,PIF1,RAD51,RAD54B,TOP2A,TTN
GO_PROTEIN_LOCALIZATION_TO_CHROMOSOME_CENTROMERIC_REGION	17831	573	10	4	3.63778057051	0.0001898906024588658	0.010091686096465248	0.9999925768788506	1.0	AURKB,BUB1B,CDK1,CENPA
GO_CHROMOSOME_SEGREGATION	17831	573	217	45	2.69001052928	6.14882687172439e-24	1.2417555867447405e-20	1.0	1.0	AURKB,BIRC5,BUB1,BUB1B,CCNB1,CDC20,CDCA2,CDCA5,CDCA8,CENPA,CENPE,CENPF,CENPH,CENPI,CENPK,CENPM,CENPP,CENPW,CEP55,DLGAP5,DSCC1,ESCO2,GEM,KIF14,KIF18B,KIF22,KIF23,KIF2C,KIFC1,KNTC1,NCAPG,NCAPH,NDC80,NUF2,NUSAP1,PLK1,PRC1,RACGAP1,SKA1,SKA3,SPC24,SPC25,TOP2A,TTK,TTN
GO_REGULATION_OF_MICROTUBULE_POLYMERIZATION_OR_DEPOLYMERIZATION	17831	573	148	19	1.99818281321	2.849970304100765e-07	4.955556599336827e-05	0.9999999413869752	1.0	ASPM,AURKA,AURKB,BIRC5,CCNB1,CKAP2,FGF13,KIF23,KIFC1,MID1,NDC80,PLK1,PRC1,RACGAP1,SKA1,SKA3,SPC25,STIL,TTK
GO_NEGATIVE_REGULATION_OF_CHROMOSOME_SEGREGATION	17831	573	23	5	2.75807480423	0.0007006515130174774	0.0272842764425016	0.9999321194293741	1.0	BUB1,BUB1B,CENPF,PLK1,TTK
GO_NEGATIVE_REGULATION_OF_BINDING	17831	573	107	11	1.67767329763	0.0006535178012528138	0.02639558399260115	0.9998335914757621	1.0	ADIPOQ,AURKA,AURKB,IFIT1,IFIT2,IL10,ITGA4,JUN,LEF1,NFKBIA,WFIKKN2
GO_G2_DNA_DAMAGE_CHECKPOINT	17831	573	29	6	2.68669017099	0.0002711044599943312	0.013687386423963796	0.9999712460423202	1.0	CCNA2,CDK1,CLSPN,DTL,NBN,PLK1
GO_SISTER_CHROMATID_COHESION	17831	573	96	25	3.01860235445	2.515887454728914e-16	2.540417357412521e-13	1.0	1.0	AURKB,BIRC5,BUB1,BUB1B,CDC20,CDCA5,CDCA8,CENPA,CENPE,CENPF,CENPH,CENPI,CENPK,CENPM,CENPP,DSCC1,KIF22,KIF2C,KNTC1,NDC80,NUF2,PLK1,SKA1,SPC24,SPC25
GO_NEGATIVE_REGULATION_OF_CELL_ACTIVATION	17831	573	127	14	1.77837890068	5.893286988031608e-05	0.003778251768993598	0.9999858388770303	1.0	CASP3,DTX1,FOXP3,IL10,IRF1,LAG3,LAX1,NFKBID,PAG1,PGLYRP1,TIGIT,TNFAIP3,TNFSF4,XCL1
GO_NEGATIVE_REGULATION_OF_CELL_CELL_ADHESION	17831	573	107	15	2.12513227461	1.651923900107744e-06	0.0002306414980459392	0.999999695998172	1.0	ADIPOQ,CASP3,DTX1,FOXP3,IL10,IRF1,LAG3,LAX1,LEF1,NFKBID,PAG1,TIGIT,TNFSF4,WNT1,XCL1
GO_REGULATION_OF_LEUKOCYTE_DIFFERENTIATION	17831	573	187	16	1.41281420551	0.0003641077684461328	0.01690380777878081	0.999883865270026	1.0	ADIPOQ,CD27,DTX1,FOS,FOXP3,GPR55,IL1RL2,IRF1,IRF4,IRF7,JUN,LEF1,MYC,NFKBID,PGLYRP1,TNFSF4
GO_REGULATION_OF_EXIT_FROM_MITOSIS	17831	573	14	4	3.15235374334	0.000816861788582806	0.029993679673508668	0.9999470177903736	1.0	BIRC5,CDCA5,KNTC1,UBE2C
GO_EXECUTION_PHASE_OF_APOPTOSIS	17831	573	47	7	2.21247473578	0.0007025414087695386	0.0272842764425016	0.9998873421292067	1.0	CASP3,CLSPN,DFFB,HMGB2,PRKCQ,SATB1,TOP2A
GO_ADAPTIVE_IMMUNE_RESPONSE	17831	573	179	21	1.86821031091	3.195088334683137e-07	5.1619847135140765e-05	0.9999999270268355	1.0	BTLA,CD27,CD55,CD7,CRTAM,EOMES,EXO1,FOXP3,IGHG1,IL18R1,IRF4,IRF7,KLHL6,LAX1,LEF1,NBN,PAG1,SH2D1A,SLAMF6,TRAT1,TXK
GO_DNA_PACKAGING	17831	573	101	18	2.47142218409	3.2047340407670137e-09	1.4382134211842188e-06	0.9999999995592347	1.0	ASF1B,CCNB1,CDCA5,CDK1,CENPA,CENPH,CENPI,CENPK,CENPM,CENPP,CENPW,DFFB,HMGB2,NCAPG,NCAPH,NUSAP1,TOP2A,TTN
GO_DEFENSE_RESPONSE_TO_VIRUS	17831	573	111	19	2.41322031249	2.3736721881976534e-09	1.1984077460162903e-06	0.9999999996800205	1.0	CXCL10,DDX60,DHX58,F2RL1,GBP3,IFIH1,IFIT1,IFIT2,IFIT3,IRF1,IRF7,IRF9,ISG15,MX1,MX2,OAS3,PYCARD,SAMHD1,STAT1
GO_ALPHA_BETA_T_CELL_DIFFERENTIATION	17831	573	44	9	2.6702020482	8.904939217662987e-06	0.0008563583214319239	0.9999989943353887	1.0	EOMES,FOXP3,IL18R1,IRF1,IRF4,LEF1,SATB1,SLAMF6,TCF7
GO_POSITIVE_REGULATION_OF_LYMPHOCYTE_MEDIATED_IMMUNITY	17831	573	55	8	2.17834895187	0.0003482488589057379	0.016420142178685038	0.999941672925949	1.0	CRTAM,FOXP3,IL21,LAG3,SH2D1A,SLAMF6,TNFSF4,XCL1
GO_CELLULAR_RESPONSE_TO_INTERFERON_GAMMA	17831	573	74	10	2.07218339466	0.00012265248784739706	0.007077048548794811	0.9999771381450753	1.0	CCL1,GBP2,IRF1,IRF4,IRF7,IRF9,MID1,OAS3,STAT1,XCL1
GO_MITOTIC_CYTOKINESIS	17831	573	28	7	2.9597086654	2.2431013292885658e-05	0.001789130904356149	0.999998093692281	1.0	CEP55,CKAP2,KIF20A,KIF23,NUSAP1,PLK1,RACGAP1
GO_POSITIVE_REGULATION_OF_NUCLEAR_DIVISION	17831	573	48	7	2.18210108673	0.000800047939625783	0.029945970401063796	0.9998685682882331	1.0	AURKA,BIRC5,CDCA5,DLGAP5,NUSAP1,PLK1,UBE2C
GO_SPINDLE_CHECKPOINT	17831	573	22	7	3.30763196882	3.821150381524092e-06	0.0004287118441937724	0.9999997674329474	1.0	AURKB,BIRC5,BUB1,BUB1B,CENPF,PLK1,TTK
GO_REGULATION_OF_NUCLEAR_DIVISION	17831	573	134	18	2.06354447638	2.9446238768032647e-07	4.955556599336827e-05	0.9999999426244669	1.0	AURKA,BIRC5,BUB1,BUB1B,CCNB1,CDC20,CDC25C,CDC6,CDCA5,CENPE,CENPF,DLGAP5,GPR3,KNTC1,NUSAP1,PLK1,TTK,UBE2C
GO_REGULATION_OF_INTERLEUKIN_4_PRODUCTION	17831	573	23	5	2.75807480423	0.0007006515130174774	0.0272842764425016	0.9999321194293741	1.0	FOXP3,IRF4,LEF1,PRKCQ,TNFSF4
GO_REGENERATION	17831	573	133	12	1.48938873062	0.0012133845498535425	0.03858945036896424	0.9996417854399731	1.0	AFP,CCNA2,CCNB1,CCNE1,CDK1,JUN,LEF1,MKI67,PRKCQ,SOCS3,TXK,WNT1
GO_REGULATION_OF_CD4_POSITIVE_ALPHA_BETA_T_CELL_ACTIVATION	17831	573	34	6	2.45720832487	0.000669827376800781	0.026786463117805488	0.9999137893449377	1.0	CD55,FOXP3,IRF4,PRKCQ,TNFSF4,XCL1
GO_CELLULAR_RESPONSE_TO_OXIDATIVE_STRESS	17831	573	158	14	1.46328283928	0.000588367873129718	0.024754352495530527	0.9998207896681657	1.0	CCNA2,CDK1,ECT2,FOS,FOXO1,HSPA1A,HSPA1B,KDM6B,KLF2,MELK,NR4A2,PENK,RBM11,TNFAIP3
GO_MITOTIC_CELL_CYCLE_CHECKPOINT	17831	573	121	16	2.04084542812	1.656004813897558e-06	0.0002306414980459392	0.999999673088709	1.0	AURKA,BTG2,BUB1,BUB1B,CCNA2,CCNB1,CDC25C,CDK1,CENPF,CLSPN,E2F7,KNTC1,NBN,PLK1,TOP2A,TTK
GO_ADAPTIVE_IMMUNE_RESPONSE_BASED_ON_SOMATIC_RECOMBINATION_OF_IMMUNE_RECEPTORS_BUILT_FROM_IMMUNOGLOBULIN_SUPERFAMILY_DOMAINS	17831	573	102	13	1.98772304157	2.3193395095571758e-05	0.00180150236136566	0.999995283211092	1.0	CD27,CD55,CRTAM,EXO1,FOXP3,IGHG1,IL18R1,IRF4,IRF7,KLHL6,LEF1,NBN,SLAMF6
GO_REGULATION_OF_TYPE_I_INTERFERON_PRODUCTION	17831	573	100	12	1.90081497634	8.641968473876891e-05	0.005288622828180115	0.999981304246788	1.0	DHX58,HMGB2,IFIH1,IKBKE,IL10,IRF1,IRF7,ISG15,PYCARD,REL,TNFAIP3,ZBP1
GO_CELLULAR_RESPONSE_TO_ALCOHOL	17831	573	93	10	1.74247794918	0.0008007340439006908	0.029945970401063796	0.9998075431501032	1.0	CCNA2,FOXO1,IL10,ITGA2,ITGB1,KLF2,NPAS4,PENK,PIM1,RAD51
GO_NEGATIVE_REGULATION_OF_PROTEIN_BINDING	17831	573	71	9	1.97988654734	0.00043335626188169225	0.019234351008133574	0.9999140757798524	1.0	ADIPOQ,AURKA,AURKB,IFIT1,IFIT2,IL10,ITGA4,LEF1,WFIKKN2
GO_REGULATION_OF_INFLAMMATORY_RESPONSE	17831	573	222	19	1.41322031249	0.00010567836189852227	0.006370670204598977	0.9999659932142486	1.0	ADIPOQ,CASP4,CCL1,CCR7,CD55,DUSP10,FOXP3,GGT1,IL10,IL1RL2,IL21,ITGA2,PBK,PGLYRP1,SERPINC1,SOCS3,TNFAIP3,TNFSF4,XCL1
GO_LEUKOCYTE_CELL_CELL_ADHESION	17831	573	212	18	1.40171321228	0.00017607518780764637	0.009647277043737962	0.9999430035266127	1.0	CCR7,CD7,CRTAM,EOMES,F2RL1,FOXP3,HSH2D,IL18R1,IRF1,IRF4,ITGA4,ITGB1,LEF1,SATB1,SLAMF6,TCF7,TNFSF4,WNT1
GO_KINETOCHORE_ORGANIZATION	17831	573	11	5	3.82220514165	1.3249085571745065e-05	0.0011385756728569854	0.999999567994414	1.0	CENPA,CENPE,CENPF,CENPH,CENPW
GO_REGULATION_OF_CELL_DIVISION	17831	573	209	30	2.15924012893	6.0556629766786655e-12	3.49411753754359e-09	1.0	1.0	ASPM,AURKA,AURKB,BIRC5,BUB1,BUB1B,CCNB1,CDC20,CDC25B,CDC25C,CDC6,CDCA5,CENPE,CENPF,CIT,DLGAP5,E2F7,E2F8,ECT2,GPR3,KIF14,KIF18B,KIF23,KNTC1,MYC,NUSAP1,PLK1,RACGAP1,TTK,UBE2C
GO_NEGATIVE_REGULATION_OF_INTERLEUKIN_2_PRODUCTION	17831	573	15	4	3.05281806979	0.0010857652251857251	0.036243022682025984	0.9999226226821536	1.0	FOXP3,LAG3,TNFAIP3,XCL1
GO_CENTROMERE_COMPLEX_ASSEMBLY	17831	573	29	9	3.27165267171	1.9344194407875845e-07	4.112168484916344e-05	0.9999999874749981	1.0	CENPA,CENPE,CENPF,CENPH,CENPI,CENPK,CENPM,CENPP,CENPW
GO_POSITIVE_REGULATION_OF_DNA_METABOLIC_PROCESS	17831	573	159	14	1.45418063217	0.0006266231924493315	0.025825827288804594	0.9998078479651735	1.0	AREG,AURKB,CDK1,DSCC1,E2F7,E2F8,JUN,KDM4D,MYC,NBN,PRKCQ,RAD51,TNFSF4,TOP2A
GO_REGULATION_OF_INTERLEUKIN_2_PRODUCTION	17831	573	43	7	2.34079883275	0.0004021391754334602	0.018249889096356695	0.9999418417035768	1.0	FOXP3,IRF4,LAG3,PRKCQ,TNFAIP3,TNFSF4,XCL1
GO_POSITIVE_REGULATION_OF_MITOTIC_NUCLEAR_DIVISION	17831	573	38	7	2.51913607401	0.00018094444538041776	0.009744461531886765	0.9999774088613644	1.0	AURKA,BIRC5,CDCA5,DLGAP5,NUSAP1,PLK1,UBE2C
GO_MITOTIC_SPINDLE_ORGANIZATION	17831	573	56	12	2.73731624406	1.6597402963982754e-07	3.724272809529241e-05	0.9999999819123457	1.0	AURKA,AURKB,BIRC5,CCNB1,KIF23,KIFC1,NDC80,PRC1,RACGAP1,SPC25,STIL,TTK
GO_REGULATION_OF_CHROMOSOME_SEGREGATION	17831	573	71	15	2.7168521415	5.820425889609335e-09	2.1371545607392823e-06	0.9999999993274024	1.0	AURKB,BUB1,BUB1B,CCNB1,CDC6,CDCA5,CENPE,CENPF,DLGAP5,ECT2,KIF2C,PLK1,RACGAP1,TTK,UBE2C
GO_REGULATION_OF_INTERLEUKIN_10_PRODUCTION	17831	573	38	8	2.71178115195	2.2591155266690666e-05	0.001789130904356149	0.9999975683896636	1.0	FOXP3,IRF4,PYCARD,TIGIT,TNFRSF9,TNFSF4,TRIB2,XCL1
GO_NEGATIVE_REGULATION_OF_CYTOSKELETON_ORGANIZATION	17831	573	183	19	1.69193634056	7.199008098573475e-06	0.000740396539712145	0.9999981223193937	1.0	ASPM,AURKA,AURKB,AVIL,BIRC5,CCNB1,CCNF,CKAP2,FGF13,KIF23,KIFC1,MID1,NDC80,PRC1,RACGAP1,S1PR1,SPC25,STIL,TTK
GO_REGULATION_OF_LEUKOCYTE_MEDIATED_CYTOTOXICITY	17831	573	42	7	2.37474616468	0.00034614229279825783	0.016420142178685038	0.9999513057364651	1.0	CRTAM,F2RL1,IL21,LAG3,SH2D1A,SLAMF6,XCL1
GO_NEGATIVE_REGULATION_OF_I_KAPPAB_KINASE_NF_KAPPAB_SIGNALING	17831	573	41	8	2.60215666078	4.05489024525712e-05	0.002873281000104124	0.9999952045476012	1.0	ADIPOQ,IL10,NFKBIA,NFKBID,PYCARD,STAT1,TNFAIP3,TRIM59
GO_NEGATIVE_REGULATION_OF_CELL_ADHESION	17831	573	178	15	1.39086583004	0.0006450013143159026	0.026314750591130615	0.9997917682706007	1.0	ADIPOQ,CASP3,DTX1,FOXP3,IL10,IRF1,LAG3,LAX1,LEF1,NFKBID,PAG1,TIGIT,TNFSF4,WNT1,XCL1
GO_REGULATION_OF_CELL_CYCLE_G2_M_PHASE_TRANSITION	17831	573	50	8	2.31585247562	0.00017675130013285694	0.009647277043737962	0.9999734909461453	1.0	CCNA2,CDK1,CENPF,CLSPN,KIF14,NBN,PLK1,PRKCQ
GO_REGULATION_OF_CHROMOSOME_ORGANIZATION	17831	573	239	19	1.30676937086	0.0002748490774837264	0.01370512869082433	0.9999043073715503	1.0	AURKB,BUB1,BUB1B,CCNB1,CDC6,CDCA5,CENPE,CENPF,DLGAP5,FOXP3,GCG,MYC,NBN,PIF1,PLK1,PRKCQ,TTK,UBE2C,UHRF1
GO_POSITIVE_REGULATION_OF_INTERLEUKIN_10_PRODUCTION	17831	573	27	5	2.52674925812	0.0015119200866693543	0.04490180316218766	0.9998215796070942	1.0	IRF4,PYCARD,TIGIT,TNFSF4,XCL1
GO_LYMPHOCYTE_MIGRATION	17831	573	34	7	2.67960074621	8.621066755779591e-05	0.005288622828180115	0.999990606865486	1.0	CCL1,CCR7,CXCL10,CXCR3,GPR15,S1PR1,XCL1
GO_REGULATION_OF_ADAPTIVE_IMMUNE_RESPONSE	17831	573	100	10	1.63778057051	0.001405205766310207	0.04317933839581792	0.9996346041477705	1.0	DUSP10,FOXP3,IL10,IRF1,IRF7,PRKCQ,PYCARD,TNFAIP3,TNFSF4,XCL1
GO_NEGATIVE_REGULATION_OF_PROTEIN_COMPLEX_DISASSEMBLY	17831	573	139	17	1.92823043392	2.3725171688752385e-06	0.0003091160272608738	0.9999994868798584	1.0	ASPM,AURKA,AURKB,AVIL,BIRC5,CCNB1,CKAP2,FGF13,KIF23,KIFC1,MID1,NDC80,PRC1,RACGAP1,SPC25,STIL,TTK
GO_REGULATION_OF_INTERLEUKIN_17_PRODUCTION	17831	573	21	5	2.88931933751	0.0004468365761724069	0.01961709707782991	0.9999614553693665	1.0	FOXP3,IL21,PRKCQ,SLAMF6,TNFSF4
GO_REGULATION_OF_REGULATORY_T_CELL_DIFFERENTIATION	17831	573	8	3	3.54467116612	0.0016382766837590365	0.0469290746503741	0.9999333591563249	1.0	FOXP3,IRF1,TNFSF4
GO_T_CELL_MIGRATION	17831	573	14	4	3.15235374334	0.000816861788582806	0.029993679673508668	0.9999470177903736	1.0	CXCL10,CXCR3,GPR15,S1PR1
GO_REGULATION_OF_LEUKOCYTE_APOPTOTIC_PROCESS	17831	573	66	8	1.91531454604	0.0012067971691531176	0.03858945036896424	0.9997517618124213	1.0	AURKB,CCR7,CD27,HSH2D,IL10,IRF7,NFKBID,PRKCQ
GO_NEGATIVE_REGULATION_OF_IMMUNE_EFFECTOR_PROCESS	17831	573	79	9	1.82585291866	0.0009547347945389282	0.0326794392808706	0.9997868980449844	1.0	CD55,DHX58,DUSP10,FOXP3,IFIT1,IL10,PGLYRP1,TNFSF4,XCL1
GO_NEURAL_PRECURSOR_CELL_PROLIFERATION	17831	573	53	7	2.03914313289	0.0014588792183864335	0.04430385836889327	0.999731830348988	1.0	ASPM,FGF13,KIF14,LEF1,MELK,RACGAP1,WNT1
GO_NEGATIVE_REGULATION_OF_CYTOKINE_PRODUCTION	17831	573	171	20	1.8637842454	6.396299603311911e-07	9.568390406584002e-05	0.9999998536414769	1.0	ADIPOQ,DHX58,F2RL1,FOXP3,IFIH1,IKBKE,IL10,ISG15,KLF2,LAG3,LEF1,PGLYRP1,PYCARD,REL,TIGIT,TNFAIP3,TNFRSF9,TNFSF4,TRIB2,XCL1
GO_MEIOTIC_CELL_CYCLE_PROCESS	17831	573	105	11	1.70489476637	0.0005566036467922748	0.023916192865893596	0.9998611468043874	1.0	ASPM,AURKA,BOLL,CDC25B,CKS2,MKI67,PLK1,RAD51,RAD54B,TDRD9,TOP2A
GO_DNA_INTEGRITY_CHECKPOINT	17831	573	123	15	1.92408475567	9.57628662786277e-06	0.0008595249264430607	0.9999979351382559	1.0	AURKA,BRIP1,BTG2,CCNA2,CCNB1,CDC25C,CDC6,CDK1,CLSPN,DTL,E2F7,NBN,PLK1,TOP2A,USP28
GO_TROPHOBLAST_GIANT_CELL_DIFFERENTIATION	17831	573	8	3	3.54467116612	0.0016382766837590365	0.0469290746503741	0.9999333591563249	1.0	E2F7,E2F8,SOCS3
GO_NEGATIVE_REGULATION_OF_CELL_CYCLE_PROCESS	17831	573	177	17	1.57956595657	5.869447184399393e-05	0.003778251768993598	0.9999834135529914	1.0	AURKA,AURKB,BTG2,BUB1,BUB1B,CCNA2,CCNB1,CCNF,CDC25C,CDK1,CENPF,CLSPN,E2F7,E2F8,NBN,PLK1,TTK
GO_NEGATIVE_REGULATION_OF_INFLAMMATORY_RESPONSE	17831	573	80	9	1.80770557195	0.0010457577921009565	0.03531221189899596	0.9997633355603309	1.0	ADIPOQ,DUSP10,FOXP3,IL10,PBK,PGLYRP1,SERPINC1,SOCS3,TNFAIP3
GO_NEGATIVE_REGULATION_OF_LYMPHOCYTE_DIFFERENTIATION	17831	573	31	6	2.59047485573	0.00039790975161957994	0.018249889096356695	0.9999541852170418	1.0	DTX1,FOXP3,IRF1,NFKBID,PGLYRP1,TNFSF4
GO_NEGATIVE_REGULATION_OF_INTERFERON_GAMMA_PRODUCTION	17831	573	26	5	2.58119704214	0.0012649757030747965	0.039616305030667064	0.9998573841666947	1.0	FOXP3,IL10,PGLYRP1,TNFSF4,XCL1
GO_NEGATIVE_REGULATION_OF_CELL_DIVISION	17831	573	49	10	2.66692691617	2.88249024236087e-06	0.000363824315277986	0.9999996704530619	1.0	ASPM,AURKB,BUB1,BUB1B,CENPF,E2F7,E2F8,MYC,PLK1,TTK
GO_CHEMOKINE_MEDIATED_SIGNALING_PATHWAY	17831	573	49	7	2.15235374334	0.0009079371720786737	0.031343232803639	0.9998472875047499	1.0	CCL1,CCR10,CCR4,CCR7,CXCL10,CXCR3,XCL1
GO_NEGATIVE_REGULATION_OF_HOMOTYPIC_CELL_CELL_ADHESION	17831	573	80	12	2.22274307123	8.875495338425863e-06	0.0008563583214319239	0.9999985104233634	1.0	CASP3,DTX1,FOXP3,IL10,IRF1,LAG3,LAX1,NFKBID,PAG1,TIGIT,TNFSF4,XCL1
GO_REGULATION_OF_TRANSCRIPTION_INVOLVED_IN_G1_S_TRANSITION_OF_MITOTIC_CELL_CYCLE	17831	573	24	7	3.18210108673	7.332473777788017e-06	0.000740396539712145	0.9999994946098363	1.0	CCNE1,CDC6,CDK1,E2F7,KLF11,ORC1,RRM2
GO_POSITIVE_REGULATION_OF_CELL_KILLING	17831	573	31	7	2.81286727707	4.5814817053593686e-05	0.0030841007679910815	0.9999955564740021	1.0	CRTAM,F2RL1,IL21,LAG3,SH2D1A,SLAMF6,XCL1
GO_MITOTIC_DNA_INTEGRITY_CHECKPOINT	17831	573	86	10	1.85537200558	0.0004286323605227422	0.019234351008133574	0.9999054605068443	1.0	AURKA,BTG2,CCNA2,CCNB1,CDC25C,CDK1,CLSPN,E2F7,NBN,TOP2A
GO_MEIOTIC_CELL_CYCLE	17831	573	125	13	1.69436409888	0.00019393813431351417	0.01017293668171797	0.999950573181579	1.0	ASPM,AURKA,BOLL,CDC25B,CKS2,EXO1,MKI67,NBN,PLK1,RAD51,RAD54B,TDRD9,TOP2A
GO_NEGATIVE_REGULATION_OF_TYPE_I_INTERFERON_PRODUCTION	17831	573	36	8	2.78978366396	1.4793024577858483e-05	0.0012447713806243836	0.9999985127569286	1.0	DHX58,IFIH1,IKBKE,IL10,ISG15,PYCARD,REL,TNFAIP3
GO_LEUKOCYTE_DIFFERENTIATION	17831	573	243	18	1.20482116323	0.0009058458798149816	0.031343232803639	0.9996611602706402	1.0	CCR7,EOMES,F2RL1,FOXP3,IL10,IL18R1,IRF1,IRF4,ITGA4,ITGB1,JUN,L3MBTL3,LEF1,SATB1,SLAMF6,TCF7,UBD,WNT1
GO_CYTOSKELETON_DEPENDENT_CYTOKINESIS	17831	573	34	8	2.87224582415	9.393147009481175e-06	0.0008595249264430607	0.9999991224567482	1.0	AURKB,CEP55,CKAP2,KIF20A,KIF23,NUSAP1,PLK1,RACGAP1
GO_POSITIVE_REGULATION_OF_LEUKOCYTE_MEDIATED_IMMUNITY	17831	573	67	9	2.06354447638	0.00027872430951878625	0.0137288717822729	0.9999482278828326	1.0	CRTAM,F2RL1,FOXP3,IL21,LAG3,SH2D1A,SLAMF6,TNFSF4,XCL1
GO_CELL_CYCLE_CHECKPOINT	17831	573	163	22	2.0704121298	1.3082792883199823e-08	3.774385746803149e-06	0.9999999974494518	1.0	AURKA,AURKB,BIRC5,BRIP1,BTG2,BUB1,BUB1B,CCNA2,CCNB1,CDC25C,CDC6,CDK1,CENPF,CLSPN,DTL,E2F7,KNTC1,NBN,PLK1,TOP2A,TTK,USP28
GO_CHROMOSOME_CONDENSATION	17831	573	25	9	3.48577747707	4.4272045237758627e-08	1.1175924419706694e-05	0.9999999977304883	1.0	CCNB1,CDCA5,CDK1,DFFB,NCAPG,NCAPH,NUSAP1,TOP2A,TTN
GO_REGULATION_OF_INTERFERON_BETA_PRODUCTION	17831	573	40	6	2.22274307123	0.0016243804886987582	0.0469290746503741	0.9997471429080025	1.0	HMGB2,IFIH1,IRF1,IRF7,PYCARD,REL
GO_REGULATION_OF_I_KAPPAB_KINASE_NF_KAPPAB_SIGNALING	17831	573	200	19	1.56377998907	2.55579754465188e-05	0.0019477106194054608	0.9999926527320899	1.0	ADIPOQ,CAPN3,CCR7,CD27,ECT2,F2RL1,IKBKE,IL10,IL18R1,NFKBIA,NFKBID,PRKCQ,PYCARD,REL,STAT1,TNFAIP3,TNFRSF19,TRIM59,UBD
GO_MITOTIC_SISTER_CHROMATID_SEGREGATION	17831	573	78	22	3.13373806517	2.527863846489063e-15	2.042008415193865e-12	1.0	1.0	AURKB,CCNB1,CDCA5,CDCA8,CENPE,CEP55,DLGAP5,DSCC1,KIF14,KIF18B,KIF22,KIF23,KIF2C,KIFC1,NCAPG,NCAPH,NDC80,NUSAP1,PLK1,PRC1,RACGAP1,TTN
GO_RESPONSE_TO_VIRUS	17831	573	184	24	2.02110921006	5.709248223944002e-09	2.1371545607392823e-06	0.999999998866904	1.0	CXCL10,DDX60,DHX58,F2RL1,FOXP3,GBP3,IFIH1,IFIT1,IFIT2,IFIT3,IKBKE,IRF1,IRF7,IRF9,ISG15,MX1,MX2,OAS3,PENK,PYCARD,SAMHD1,STAT1,TNFSF4,XCL1
GO_RESPONSE_TO_VITAMIN_D	17831	573	27	5	2.52674925812	0.0015119200866693543	0.04490180316218766	0.9998215796070942	1.0	CXCL10,ITGB1,PENK,PIM1,STC2
GO_REGULATION_OF_PROTEIN_COMPLEX_DISASSEMBLY	17831	573	178	19	1.73190274788	4.7983575016219775e-06	0.0005100148933960833	0.9999987861940195	1.0	ASPM,AURKA,AURKB,AVIL,BIRC5,CCNB1,CKAP2,F2RL1,FGF13,KIF23,KIFC1,MID1,NDC80,PLK1,PRC1,RACGAP1,SPC25,STIL,TTK
GO_CD4_POSITIVE_ALPHA_BETA_T_CELL_ACTIVATION	17831	573	33	7	2.7226694681	7.039529568156184e-05	0.004442603113403567	0.9999926105433588	1.0	FOXP3,IL18R1,IRF4,LEF1,SATB1,SLAMF6,TNFSF4
GO_PROTEIN_UBIQUITINATION_INVOLVED_IN_UBIQUITIN_DEPENDENT_PROTEIN_CATABOLIC_PROCESS	17831	573	121	12	1.62580792884	0.0005236417340209345	0.022741816814091983	0.9998603359725825	1.0	AURKA,AURKB,BUB1B,CCNB1,CDC20,CDK1,HECTD2,PLK1,RNF144A,RNF43,UBE2C,UHRF1
GO_NEGATIVE_REGULATION_OF_CELL_CYCLE_PHASE_TRANSITION	17831	573	123	14	1.82454908212	4.128932408010281e-05	0.002875303102750608	0.999990423740452	1.0	AURKA,BTG2,BUB1,BUB1B,CCNA2,CCNB1,CDC25C,CDK1,CENPF,CLSPN,E2F7,NBN,PLK1,TTK
GO_PROTEIN_LOCALIZATION_TO_CHROMOSOME	17831	573	33	6	2.50027704676	0.0005668361928255259	0.024099488240234723	0.9999296047261546	1.0	AURKB,BUB1B,CDK1,CENPA,ESCO2,PLK1
GO_INTERFERON_GAMMA_MEDIATED_SIGNALING_PATHWAY	17831	573	41	8	2.60215666078	4.05489024525712e-05	0.002873281000104124	0.9999952045476012	1.0	GBP2,IRF1,IRF4,IRF7,IRF9,MID1,OAS3,STAT1
GO_NEGATIVE_REGULATION_OF_LEUKOCYTE_DIFFERENTIATION	17831	573	66	9	2.08523954748	0.00024823819523418756	0.012691570513302323	0.9999546697672275	1.0	ADIPOQ,DTX1,FOXP3,GPR55,IRF1,MYC,NFKBID,PGLYRP1,TNFSF4
GO_REGULATION_OF_NATURAL_KILLER_CELL_MEDIATED_IMMUNITY	17831	573	24	5	2.69667425956	0.0008618589243134855	0.030805736241612106	0.9999119366575872	1.0	CRTAM,IL21,LAG3,SH2D1A,SLAMF6
GO_RESPONSE_TO_INTERFERON_GAMMA	17831	573	92	11	1.89557832798	0.00017466245504607828	0.009647277043737962	0.9999623266680541	1.0	CCL1,GBP2,IRF1,IRF4,IRF7,IRF9,MID1,OAS3,STAT1,UBD,XCL1
GO_ALPHA_BETA_T_CELL_ACTIVATION	17831	573	50	10	2.63778057051	3.50050662547557e-06	0.0004039584645798808	0.9999995896037496	1.0	EOMES,FOXP3,IL18R1,IRF1,IRF4,LEF1,SATB1,SLAMF6,TCF7,TNFSF4
GO_REGULATION_OF_SISTER_CHROMATID_SEGREGATION	17831	573	58	11	2.56115928891	1.981972028897102e-06	0.0002668395008238465	0.9999997500463811	1.0	BUB1,BUB1B,CCNB1,CDC6,CDCA5,CENPE,CENPF,DLGAP5,PLK1,TTK,UBE2C
GO_CELLULAR_COMPONENT_DISASSEMBLY_INVOLVED_IN_EXECUTION_PHASE_OF_APOPTOSIS	17831	573	36	7	2.59713858601	0.0001265311454631227	0.007198018260923276	0.9999852069711178	1.0	CASP3,CLSPN,DFFB,HMGB2,PRKCQ,SATB1,TOP2A
GO_REGULATION_OF_DNA_REPLICATION	17831	573	137	12	1.44663908316	0.001566752437651216	0.04619060653776103	0.9995226578072312	1.0	AREG,AURKB,CDC6,CDK1,DSCC1,E2F7,E2F8,ESCO2,JUN,NBN,PIF1,PRKCQ
GO_SISTER_CHROMATID_SEGREGATION	17831	573	150	39	3.01629219376	9.597076412729613e-25	3.876259163101491e-21	1.0	1.0	AURKB,BIRC5,BUB1,BUB1B,CCNB1,CDC20,CDCA5,CDCA8,CENPA,CENPE,CENPF,CENPH,CENPI,CENPK,CENPM,CENPP,CEP55,DLGAP5,DSCC1,KIF14,KIF18B,KIF22,KIF23,KIF2C,KIFC1,KNTC1,NCAPG,NCAPH,NDC80,NUF2,NUSAP1,PLK1,PRC1,RACGAP1,SKA1,SPC24,SPC25,TOP2A,TTN
GO_POSITIVE_REGULATION_OF_NATURAL_KILLER_CELL_MEDIATED_IMMUNITY	17831	573	16	5	3.28163676029	0.0001095828109819821	0.006508896669944496	0.999993474747935	1.0	CRTAM,IL21,LAG3,SH2D1A,SLAMF6
GO_POSITIVE_REGULATION_OF_CELL_CYCLE_PROCESS	17831	573	197	23	1.861218802	9.626441998424418e-08	2.2871293665668367e-05	0.9999999778420042	1.0	AURKA,AURKB,BIRC5,BTG2,CCNB1,CDC25B,CDC25C,CDC6,CDCA5,CDK1,CIT,DLGAP5,E2F7,E2F8,ECT2,KIF14,KIF23,LEF1,NUSAP1,ORC1,PLK1,RACGAP1,UBE2C
