node	log2fold	enrichment_p_value	node_size
GO_REGULATION_OF_NITRIC_OXIDE_BIOSYNTHETIC_PROCESS	0.881718576768	0.007878340477002902	16
GO_CELL_ADHESION_MEDIATED_BY_INTEGRIN	1.75320383625	0.001369195172759934	7
GO_REGULATION_OF_LEUKOCYTE_PROLIFERATION	0.763734503737	5.503280266268712e-05	50
GO_RECEPTOR_INTERNALIZATION	1.13519136946	0.000689955856549088	17
GO_NEGATIVE_REGULATION_OF_LEUKOCYTE_APOPTOTIC_PROCESS	0.976437234021	0.008698862617640822	13
GO_EPITHELIAL_CILIUM_MOVEMENT	1.57520553427	0.0009491157353175648	9
GO_REGULATION_OF_CYCLIC_NUCLEOTIDE_METABOLIC_PROCESS	1.08335243794	1.3772435328821315e-06	38
GO_TYPE_B_PANCREATIC_CELL_DEVELOPMENT	1.53081141491	0.008698947558496664	6
GO_LYMPHOCYTE_DIFFERENTIATION	0.516925888654	0.005256245482629871	47
GO_REGULATION_OF_PROTEIN_KINASE_B_SIGNALING	0.788609172376	0.0011603265818206953	30
GO_NEURAL_TUBE_DEVELOPMENT	0.7364864413	0.0005263942986621331	39
GO_ENDOTHELIAL_CELL_MIGRATION	1.12964609021	0.00036074128279214575	19
GO_POSITIVE_REGULATION_OF_VASCULATURE_DEVELOPMENT	1.31302202497	1.0463772741330191e-11	53
GO_VENTRICULAR_SEPTUM_MORPHOGENESIS	1.34638684377	0.0008959462120700103	12
GO_SYNAPTIC_SIGNALING	0.505585438621	0.001259938576656949	67
GO_REGULATION_OF_CALCIUM_ION_TRANSPORT	0.962046141715	1.1847713315694701e-07	57
GO_POSITIVE_REGULATION_OF_CELL_SUBSTRATE_ADHESION	1.1889626259	6.59601979156198e-07	34
GO_REGIONALIZATION	0.957821555854	9.067034281567991e-10	77
GO_POSITIVE_REGULATION_OF_CELL_DIVISION	1.11404923516	7.334244846493425e-07	38
GO_MORPHOGENESIS_OF_AN_EPITHELIAL_SHEET	0.935795249524	0.01130838985736212	13
GO_EPITHELIAL_CELL_DEVELOPMENT	0.957821555854	2.19201444566428e-07	55
GO_EXOCYTOSIS	0.627672954161	6.796026631376503e-05	70
GO_REGULATION_OF_CELLULAR_RESPONSE_TO_GROWTH_FACTOR_STIMULUS	0.982423529087	2.9279889239330938e-09	69
GO_ACUTE_PHASE_RESPONSE	1.27974965074	0.002334956722077342	11
GO_POSITIVE_REGULATION_OF_CALCIUM_ION_TRANSPORT	1.24381711013	4.3282051081722556e-08	38
GO_PHAGOCYTOSIS	0.909585370201	2.380278258115161e-06	50
GO_POSITIVE_REGULATION_OF_LEUKOCYTE_PROLIFERATION	0.778497856409	0.0006521833394659795	34
GO_REGULATION_OF_PRODUCTION_OF_MOLECULAR_MEDIATOR_OF_IMMUNE_RESPONSE	0.908854706705	0.0003759507279300249	28
GO_POSITIVE_REGULATION_OF_ENDOTHELIAL_CELL_MIGRATION	1.2584391445	1.9724273056751427e-06	28
GO_REGULATION_OF_SMOOTH_MUSCLE_CELL_PROLIFERATION	1.25147519675	1.5999632062272416e-08	40
GO_REGULATION_OF_WOUND_HEALING	1.45871979179	2.0584081909247352e-14	55
GO_MESODERMAL_CELL_DIFFERENTIATION	1.26777700907	0.003959642521107329	10
GO_POSITIVE_REGULATION_OF_INFLAMMATORY_RESPONSE	1.53958162454	3.4399835480959957e-13	45
GO_NEGATIVE_REGULATION_OF_DEFENSE_RESPONSE	0.711383660551	0.001616147350894666	34
GO_REGULATION_OF_SMOOTH_MUSCLE_CONTRACTION	1.33127995138	3.638380692522517e-05	19
GO_REGULATION_OF_CARDIAC_CONDUCTION	0.820318032104	0.010036071923453987	17
GO_REGULATION_OF_COAGULATION	1.69478715002	2.9537200340422402e-15	44
GO_CILIUM_OR_FLAGELLUM_DEPENDENT_CELL_MOTILITY	1.53081141491	0.008698947558496664	6
GO_POSITIVE_REGULATION_OF_INTERLEUKIN_4_PRODUCTION	1.23535553138	0.011485665508176972	8
GO_TISSUE_MIGRATION	1.24608193798	1.0726635935221603e-06	30
GO_REGULATION_OF_CALCIUM_MEDIATED_SIGNALING	0.914954906242	0.0018269123070035992	21
GO_REGULATION_OF_GLOMERULUS_DEVELOPMENT	1.66831493866	0.004700900802752274	6
GO_REGULATION_OF_CANONICAL_WNT_SIGNALING_PATHWAY	0.516311845214	0.002967945561095476	54
GO_REGULATION_OF_KIDNEY_DEVELOPMENT	1.3713332009	8.261299371195652e-06	21
GO_ACID_SECRETION	1.01296311005	0.0028188899129760235	16
GO_REGULATION_OF_CELL_SUBSTRATE_ADHESION	1.14432045523	3.7847620502676526e-10	58
GO_SUPEROXIDE_ANION_GENERATION	1.66831493866	0.004700900802752274	6
GO_REGULATION_OF_HEMOPOIESIS	0.820318032104	5.039168080795277e-08	81
GO_MORPHOGENESIS_OF_A_BRANCHING_STRUCTURE	1.23019382627	4.402663204921708e-12	62
GO_HEART_FORMATION	1.66831493866	0.004700900802752274	6
GO_ETHANOLAMINE_CONTAINING_COMPOUND_METABOLIC_PROCESS	0.727208627712	0.011989456344831917	20
GO_AMINE_METABOLIC_PROCESS	0.642779846552	0.008163532452525206	28
GO_STRIATED_MUSCLE_CELL_DIFFERENTIATION	0.809670787904	5.405982279688245e-05	45
GO_FOREBRAIN_GENERATION_OF_NEURONS	0.92723323602	0.00924916390344167	14
GO_NEURON_PROJECTION_GUIDANCE	1.14224612699	2.0309442767665661e-10	60
GO_POTASSIUM_ION_TRANSPORT	0.892830531888	0.00012060004673329648	34
GO_BLOOD_COAGULATION_FIBRIN_CLOT_FORMATION	1.55728362627	0.0005594766122152198	10
GO_REGULATION_OF_CYTOKINE_BIOSYNTHETIC_PROCESS	0.872785451998	0.0005974981140653336	28
GO_ENDOCARDIAL_CUSHION_FORMATION	1.62767295416	0.0027512360266554285	7
GO_REGULATION_OF_INTERFERON_GAMMA_PRODUCTION	1.13065815272	5.650558102060463e-06	31
GO_CILIUM_MORPHOGENESIS	1.00510099227	1.1943782581938951e-08	61
GO_HEART_VALVE_FORMATION	1.53081141491	0.008698947558496664	6
GO_ISOPRENOID_METABOLIC_PROCESS	0.713402828187	0.005283158878995945	26
GO_MESENCHYME_MORPHOGENESIS	1.52392502932	2.9729426776470443e-06	19
GO_MUSCLE_ORGAN_MORPHOGENESIS	1.04271045344	0.000481181645817117	21
GO_POSITIVE_REGULATION_OF_MUSCLE_TISSUE_DEVELOPMENT	1.00089027775	0.002339160304108186	17
GO_NEGATIVE_REGULATION_OF_HEMOPOIESIS	1.06014504678	2.9727579423686226e-06	37
GO_LUNG_EPITHELIUM_DEVELOPMENT	1.15152394058	0.0025633868277509016	13
GO_NEGATIVE_REGULATION_OF_OSTEOCLAST_DIFFERENTIATION	1.54278405657	0.0003305111156775345	11
GO_STEM_CELL_PROLIFERATION	1.25641714691	1.6455857794876248e-05	23
GO_CAMP_METABOLIC_PROCESS	1.40528053282	0.004827895855315405	8
GO_REGULATION_OF_INSULIN_LIKE_GROWTH_FACTOR_RECEPTOR_SIGNALING_PATHWAY	1.51219573674	0.004994269950730636	7
GO_GRANULOCYTE_MIGRATION	1.45972831685	8.594621287087826e-08	27
GO_LEUKOTRIENE_METABOLIC_PROCESS	1.66831493866	5.5558650860141294e-05	12
GO_REGULATION_OF_INTERLEUKIN_8_PRODUCTION	1.24300910393	4.518570127852428e-05	21
GO_CARTILAGE_DEVELOPMENT	0.949215765286	1.4195668189693848e-05	39
GO_OSSIFICATION	0.862138207798	1.1264204364459722e-07	70
GO_POSITIVE_REGULATION_OF_MITOTIC_CELL_CYCLE	0.631556388649	0.006321557797092689	31
GO_RESPONSE_TO_CARBOHYDRATE	0.568779265108	0.00817872509672993	35
GO_REGULATION_OF_SMOOTH_MUSCLE_CELL_MIGRATION	1.7396995719	5.3614728190497994e-11	29
GO_RESPONSE_TO_RETINOIC_ACID	1.04028371605	1.4082873566123542e-05	33
GO_NEGATIVE_REGULATION_OF_MAP_KINASE_ACTIVITY	0.884448369523	0.0015701798599243883	23
GO_POSITIVE_REGULATION_OF_INTRACELLULAR_PROTEIN_TRANSPORT	0.519148497383	0.002401431607874924	56
GO_MULTICELLULAR_ORGANISM_METABOLIC_PROCESS	1.68907349883	1.538596456532644e-14	42
GO_REGULATION_OF_POTASSIUM_ION_TRANSMEMBRANE_TRANSPORT	0.87803352996	0.0064464783917753945	17
GO_G_PROTEIN_COUPLED_PURINERGIC_NUCLEOTIDE_RECEPTOR_SIGNALING_PATHWAY	1.53081141491	0.008698947558496664	6
GO_REGULATION_OF_HOMOTYPIC_CELL_CELL_ADHESION	0.73323241534	2.164787245686999e-06	75
GO_GAS_TRANSPORT	1.99024303355	0.0008881414172349471	6
GO_NERVE_DEVELOPMENT	1.02061668259	0.0014680740151179318	18
GO_RESPONSE_TO_BMP	1.16824133552	8.742436790136053e-06	28
GO_AMELOGENESIS	1.51219573674	0.004994269950730636	7
GO_FIBRIL_ORGANIZATION	1.55728362627	0.0005594766122152198	10
GO_MICROTUBULE_BASED_MOVEMENT	0.820318032104	4.578074023446665e-06	57
GO_BRANCHING_INVOLVED_IN_SALIVARY_GLAND_MORPHOGENESIS	1.76785061221	0.00023966512290486076	9
GO_BRANCHING_INVOLVED_IN_LABYRINTHINE_LAYER_MORPHOGENESIS	1.66831493866	0.004700900802752274	6
GO_LYMPH_VESSEL_MORPHOGENESIS	1.94584891419	0.00015272288686792685	8
GO_REGULATION_OF_CALCIUM_ION_TRANSPORT_INTO_CYTOSOL	0.899389603095	0.0008450135447348216	25
GO_NEGATIVE_REGULATION_OF_T_CELL_DIFFERENTIATION	1.08335243794	0.011579949942098183	10
GO_PHAGOCYTOSIS_RECOGNITION	1.70484081468	0.0008286355202058762	8
GO_CORONARY_VASCULATURE_DEVELOPMENT	1.21263545488	0.0010768113438976384	14
GO_TOLERANCE_INDUCTION	1.94584891419	0.00015272288686792685	8
GO_PLASMA_MEMBRANE_ORGANIZATION	0.676352257724	0.0001716771313112407	54
GO_REGULATION_OF_POSITIVE_CHEMOTAXIS	1.66831493866	5.5558650860141294e-05	12
GO_REGULATION_OF_CELL_KILLING	0.980782704297	0.001608048063824876	19
GO_LONG_CHAIN_FATTY_ACID_METABOLIC_PROCESS	1.0318221373	0.0004032998818406425	22
GO_RESPONSE_TO_TYPE_I_INTERFERON	1.18288811149	0.0002967908195960908	18
GO_REGULATION_OF_PROTEIN_BINDING	0.649206115711	0.0008876243261638985	45
GO_CARDIAC_CHAMBER_DEVELOPMENT	1.10759998418	3.185064603631895e-08	48
GO_REGULATION_OF_SYNAPSE_ORGANIZATION	0.820318032104	0.001685732731106947	26
GO_REGULATION_OF_PLATELET_ACTIVATION	1.76785061221	1.6586041263000001e-07	18
GO_CARDIAC_VENTRICLE_MORPHOGENESIS	1.21263545488	6.612315579860639e-05	21
GO_POSITIVE_REGULATION_OF_STEROL_TRANSPORT	1.57520553427	0.0009491157353175648	9
GO_DIGESTIVE_SYSTEM_PROCESS	1.22470828718	0.0006460950896185736	15
GO_REGULATION_OF_SENSORY_PERCEPTION	1.14224612699	0.00833421310007556	10
GO_POSITIVE_REGULATION_OF_HEART_GROWTH	1.27974965074	0.002334956722077342	11
GO_WATER_HOMEOSTASIS	1.34115019541	7.781023370618314e-06	22
GO_RESPONSE_TO_ESTROGEN	0.743696750501	3.7139586131312524e-05	55
GO_B_CELL_MEDIATED_IMMUNITY	1.22840277074	2.426271410170481e-05	23
GO_REGULATION_OF_CELL_FATE_COMMITMENT	1.54278405657	0.0003305111156775345	11
GO_NEGATIVE_REGULATION_OF_TOLL_LIKE_RECEPTOR_SIGNALING_PATHWAY	1.46186406119	0.00019998137139415245	13
GO_REGULATION_OF_PHOSPHOLIPASE_C_ACTIVITY	1.1027177628	0.0018450563829754297	15
GO_POSITIVE_REGULATION_OF_PHOSPHATIDYLINOSITOL_3_KINASE_SIGNALING	1.43442687848	4.001507059929064e-07	25
GO_EAR_MORPHOGENESIS	0.704840814684	0.007782508285017854	24
GO_REGULATION_OF_LIPID_KINASE_ACTIVITY	1.15735301938	0.0008056216296406016	16
GO_ACTIN_FILAMENT_ORGANIZATION	0.602961200665	0.002823828866445184	41
GO_RENAL_TUBULE_DEVELOPMENT	1.1749829134	1.6408527983884097e-05	26
GO_MULTICELLULAR_ORGANISMAL_MACROMOLECULE_METABOLIC_PROCESS	1.75675290333	6.793267495131034e-14	37
GO_CELLULAR_RESPONSE_TO_GLUCAGON_STIMULUS	0.990243033546	0.010589924011615341	12
GO_NEGATIVE_REGULATION_OF_MAPK_CASCADE	0.580367239383	0.007159828112055061	35
GO_POSITIVE_REGULATION_OF_LEUKOCYTE_DEGRANULATION	1.40528053282	0.008374610518264373	7
GO_MESENCHYMAL_CELL_DIFFERENTIATION	1.45774795272	1.2414500439174388e-14	56
GO_FATTY_ACID_DERIVATIVE_BIOSYNTHETIC_PROCESS	1.60881392691	8.853047671489194e-07	19
GO_REGULATION_OF_MYOBLAST_DIFFERENTIATION	1.06424361499	0.002522948613450332	15
GO_PROTEIN_ACTIVATION_CASCADE	1.52075775024	4.791646414279166e-08	26
GO_CELL_JUNCTION_ASSEMBLY	1.03915263403	4.3260653403076565e-07	45
GO_RENAL_SYSTEM_VASCULATURE_DEVELOPMENT	2.06424361499	2.3982929720760982e-08	15
GO_REGULATION_OF_MORPHOGENESIS_OF_A_BRANCHING_STRUCTURE	1.06647861937	0.0013078786103748652	17
GO_REGULATION_OF_HUMORAL_IMMUNE_RESPONSE	1.40528053282	6.864230199093867e-05	16
GO_LEUKOCYTE_CHEMOTAXIS	1.46801628817	1.1744857880473227e-12	47
GO_REGULATION_OF_STEROL_TRANSPORT	1.23535553138	0.0020612667508458603	12
GO_POSITIVE_REGULATION_OF_MESENCHYMAL_CELL_PROLIFERATION	1.27974965074	0.002334956722077342	11
GO_APOPTOTIC_CELL_CLEARANCE	1.34115019541	0.001522297973394243	11
GO_POSITIVE_REGULATION_OF_EXOCYTOSIS	0.998105151319	0.000446170163506795	23
GO_REGULATION_OF_SODIUM_ION_TRANSPORT	0.933974813899	0.001178744168575479	22
GO_NEGATIVE_REGULATION_OF_LOCOMOTION	1.2184023981	2.672626515678809e-17	94
GO_LABYRINTHINE_LAYER_DEVELOPMENT	0.964707941439	0.007147358722969007	14
GO_NEGATIVE_REGULATION_OF_MUSCLE_CELL_DIFFERENTIATION	0.885906373731	0.00963901221422893	15
GO_ADENYLATE_CYCLASE_MODULATING_G_PROTEIN_COUPLED_RECEPTOR_SIGNALING_PATHWAY	0.668314938659	0.010869095360643078	24
GO_POSITIVE_REGULATION_OF_CHOLESTEROL_EFFLUX	1.70484081468	0.0008286355202058762	8
GO_POSITIVE_REGULATION_OF_PROTEIN_AUTOPHOSPHORYLATION	1.61678463802	0.00017928726003682669	11
GO_DETECTION_OF_BIOTIC_STIMULUS	1.48774269302	0.0016802380278508942	9
GO_MULTI_MULTICELLULAR_ORGANISM_PROCESS	0.857792737522	5.069501202200048e-06	52
GO_ARACHIDONIC_ACID_METABOLIC_PROCESS	1.55728362627	2.3038966088579034e-05	15
GO_POSITIVE_REGULATION_OF_INTERLEUKIN_12_PRODUCTION	1.08335243794	0.005871844393643648	12
GO_REGULATION_OF_NEUTROPHIL_MIGRATION	1.2898033154	0.0013801209144659043	12
GO_CARDIAC_SEPTUM_DEVELOPMENT	1.01042091548	0.0001249613559483772	27
GO_REGULATION_OF_T_CELL_PROLIFERATION	0.80702120949	0.00030000912505492855	36
GO_CELLULAR_RESPONSE_TO_LIPOPROTEIN_PARTICLE_STIMULUS	1.75320383625	0.001369195172759934	7
GO_VASCULAR_PROCESS_IN_CIRCULATORY_SYSTEM	1.18288811149	1.4003418477595624e-09	51
GO_MULTICELLULAR_ORGANISMAL_SIGNALING	0.92723323602	0.00029525319949089157	28
GO_LEUKOCYTE_MIGRATION	1.30094387301	1.6788713860767626e-20	100
GO_REGULATION_OF_MUSCLE_SYSTEM_PROCESS	0.757582276756	0.00014128191569075778	45
GO_REGULATION_OF_MONONUCLEAR_CELL_MIGRATION	1.86471215146	1.8187622255248214e-05	11
GO_REGULATION_OF_ENDOTHELIAL_CELL_MIGRATION	1.36177889419	1.3430315407136624e-11	49
GO_REGULATION_OF_EPITHELIAL_CELL_APOPTOTIC_PROCESS	1.31413264477	7.21826100922935e-06	23
GO_CHONDROCYTE_DIFFERENTIATION	0.907780873354	0.005088701954790614	17
GO_GLANDULAR_EPITHELIAL_CELL_DEVELOPMENT	1.40528053282	0.008374610518264373	7
GO_CELL_FATE_DETERMINATION	1.13226203842	0.004241226185450857	12
GO_NOTCH_SIGNALING_PATHWAY	0.881718576768	0.00022168526288643512	32
GO_CARDIAC_ATRIUM_DEVELOPMENT	1.26777700907	0.003959642521107329	10
GO_POSITIVE_REGULATION_OF_NEUTROPHIL_MIGRATION	1.20364667166	0.005834522942822804	10
GO_STEROL_HOMEOSTASIS	0.954619123815	0.005874623673773984	15
GO_POSITIVE_REGULATION_OF_CHEMOKINE_PRODUCTION	1.51219573674	1.0704196329294914e-06	21
GO_POSITIVE_REGULATION_OF_EPITHELIAL_CELL_MIGRATION	1.21263545488	1.8660498461344634e-08	42
GO_REGULATION_OF_CARDIAC_MUSCLE_TISSUE_DEVELOPMENT	1.32281837263	0.0001021753333077555	17
GO_RESPONSE_TO_TOXIC_SUBSTANCE	0.752146529462	1.0033123962605572e-05	62
GO_EXTRACELLULAR_MATRIX_ASSEMBLY	2.02676890957	9.264927701103362e-06	10
GO_LIPOPOLYSACCHARIDE_MEDIATED_SIGNALING_PATHWAY	1.2584391445	0.0007317924751186236	14
GO_ADHERENS_JUNCTION_ORGANIZATION	1.00673115633	0.0005351721680510115	22
GO_LEUKOCYTE_MIGRATION_INVOLVED_IN_INFLAMMATORY_RESPONSE	2.26777700907	5.182180969733731e-07	10
GO_POSITIVE_REGULATION_OF_FILOPODIUM_ASSEMBLY	1.33489120493	0.0025945069704498133	10
GO_REGULATION_OF_BONE_REMODELING	1.19882965536	0.001795298873384945	13
GO_CELLULAR_RESPONSE_TO_ACID_CHEMICAL	0.955973131461	4.858187734413619e-07	52
GO_AXON_EXTENSION	1.19882965536	0.001795298873384945	13
GO_REGULATION_OF_VASCULAR_PERMEABILITY	1.20364667166	0.005834522942822804	10
GO_MACROPHAGE_ACTIVATION_INVOLVED_IN_IMMUNE_RESPONSE	1.53081141491	0.008698947558496664	6
GO_CARDIAC_EPITHELIAL_TO_MESENCHYMAL_TRANSITION	1.66831493866	5.5558650860141294e-05	12
GO_RESPONSE_TO_GLUCAGON	0.919853705655	0.007572253541301591	15
GO_RESPONSE_TO_PLATELET_DERIVED_GROWTH_FACTOR	1.57520553427	0.0009491157353175648	9
GO_RESPONSE_TO_PROGESTERONE	0.964707941439	0.007147358722969007	14
GO_REGULATION_OF_EPITHELIAL_CELL_MIGRATION	1.28498629911	2.7783901821473325e-14	69
GO_RESPONSE_TO_ESTRADIOL	0.83209519988	7.67235793087478e-05	41
GO_ORGANIC_HYDROXY_COMPOUND_TRANSPORT	0.959024302935	9.1782157463471e-06	40
GO_REGULATION_OF_MUSCLE_TISSUE_DEVELOPMENT	0.745355974423	0.004485076270368084	25
GO_MIDGUT_DEVELOPMENT	1.53081141491	0.008698947558496664	6
GO_NEGATIVE_REGULATION_OF_AXON_GUIDANCE	1.79230365593	2.5682336216033054e-07	17
GO_CARDIAC_MUSCLE_TISSUE_DEVELOPMENT	1.11987831396	2.3092844034874206e-08	48
GO_MICROTUBULE_BUNDLE_FORMATION	1.43329490899	2.39767018035369e-07	26
GO_REGULATION_OF_PHOSPHOLIPASE_ACTIVITY	1.18288811149	3.082492253507583e-05	24
GO_AMINOGLYCAN_BIOSYNTHETIC_PROCESS	0.869227632585	0.0004069911745237643	30
GO_MESENCHYMAL_CELL_PROLIFERATION	1.89070736	0.0005950764453629241	7
GO_RESPIRATORY_GASEOUS_EXCHANGE	1.11987831396	0.0011290500971401403	16
GO_POSITIVE_REGULATION_OF_MYELOID_LEUKOCYTE_CYTOKINE_PRODUCTION_INVOLVED_IN_IMMUNE_RESPONSE	1.75320383625	0.001369195172759934	7
GO_REGULATION_OF_MACROPHAGE_CYTOKINE_PRODUCTION	1.62767295416	0.0027512360266554285	7
GO_NEGATIVE_REGULATION_OF_GROWTH	0.924475263395	3.153754321509843e-08	67
GO_EPITHELIAL_TUBE_BRANCHING_INVOLVED_IN_LUNG_MORPHOGENESIS	1.26777700907	0.003959642521107329	10
GO_POSITIVE_REGULATION_OF_OSTEOBLAST_DIFFERENTIATION	1.40528053282	1.0976609900458404e-06	24
GO_NEGATIVE_REGULATION_OF_EXTRINSIC_APOPTOTIC_SIGNALING_PATHWAY	0.733903280286	0.0036476215601463596	27
GO_REGULATION_OF_STRESS_ACTIVATED_PROTEIN_KINASE_SIGNALING_CASCADE	0.571290484264	0.0026303922808442663	46
GO_RESPONSE_TO_ACTIVITY	0.902780192296	0.004176456767294407	18
GO_METANEPHRIC_NEPHRON_DEVELOPMENT	1.52075775024	0.00011599753694296441	13
GO_FATTY_ACID_DERIVATIVE_METABOLIC_PROCESS	1.37974544072	2.2804645117635517e-07	28
GO_REGULATION_OF_PRI_MIRNA_TRANSCRIPTION_FROM_RNA_POLYMERASE_II_PROMOTER	1.40528053282	0.004827895855315405	8
GO_AXONEME_ASSEMBLY	1.66831493866	7.405785220184916e-07	18
GO_REGULATION_OF_MESENCHYMAL_CELL_PROLIFERATION	1.40528053282	0.00011575369537957342	15
GO_OSTEOBLAST_DIFFERENTIATION	0.732855190853	0.0016677026313465714	32
GO_REGULATION_OF_RECEPTOR_BINDING	1.40528053282	0.008374610518264373	7
GO_POSITIVE_REGULATION_OF_T_CELL_PROLIFERATION	0.899389603095	0.0008450135447348216	25
GO_POSITIVE_REGULATION_OF_PROTEIN_SERINE_THREONINE_KINASE_ACTIVITY	0.567930870469	0.0003243951196873858	68
GO_OVULATION_CYCLE_PROCESS	0.884448369523	0.0015701798599243883	23
GO_PROTEIN_LOCALIZATION_TO_CELL_PERIPHERY	0.597925610767	0.004196723500618638	38
GO_POSITIVE_REGULATION_OF_STAT_CASCADE	1.18288811149	3.082492253507583e-05	24
GO_TISSUE_HOMEOSTASIS	0.855941941834	5.01213903746411e-05	41
GO_POSITIVE_REGULATION_OF_BLOOD_CIRCULATION	0.951562565382	0.0007575058769996682	23
GO_PITUITARY_GLAND_DEVELOPMENT	1.33489120493	0.0025945069704498133	10
GO_INNER_DYNEIN_ARM_ASSEMBLY	2.21263545488	5.678049577758293e-05	7
GO_ENDOCRINE_SYSTEM_DEVELOPMENT	1.18288811149	1.0766664967031337e-06	33
GO_REGULATION_OF_CHEMOTAXIS	1.54191522485	3.336983343574794e-23	83
GO_POSITIVE_REGULATION_OF_FIBROBLAST_PROLIFERATION	1.34387998816	4.659632981217422e-06	23
GO_REGULATION_OF_ION_HOMEOSTASIS	0.869227632585	5.9304423559033196e-06	50
GO_POSITIVE_REGULATION_OF_AXONOGENESIS	0.974646178495	0.000584027646522407	23
GO_POSITIVE_REGULATION_OF_LIPID_METABOLIC_PROCESS	0.862138207798	0.00015659930762585003	35
GO_G_PROTEIN_COUPLED_RECEPTOR_SIGNALING_PATHWAY_COUPLED_TO_CYCLIC_NUCLEOTIDE_SECOND_MESSENGER	0.820318032104	0.0006394696867549921	31
GO_REGULATION_OF_CELL_ADHESION_MEDIATED_BY_INTEGRIN	1.27599751588	0.0002608576623907232	16
GO_DOPAMINERGIC_NEURON_DIFFERENTIATION	1.23535553138	0.011485665508176972	8
GO_REGULATION_OF_PATHWAY_RESTRICTED_SMAD_PROTEIN_PHOSPHORYLATION	1.22694329157	0.00012408169294852322	19
GO_REGULATION_OF_BINDING	0.546557219677	0.0005574168554297288	67
GO_CONNECTIVE_TISSUE_DEVELOPMENT	0.90604790613	1.6428687167878196e-06	52
GO_NEGATIVE_REGULATION_OF_EPITHELIAL_TO_MESENCHYMAL_TRANSITION	1.47239472868	0.0005759877377098902	11
GO_POSITIVE_REGULATION_OF_TOLL_LIKE_RECEPTOR_SIGNALING_PATHWAY	1.55728362627	0.0005594766122152198	10
GO_PHAGOCYTOSIS_ENGULFMENT	1.69478715002	9.103136559487369e-05	11
GO_MYELOID_CELL_ACTIVATION_INVOLVED_IN_IMMUNE_RESPONSE	1.14224612699	0.0013258943274413295	15
GO_CELL_MATRIX_ADHESION	1.23535553138	4.766655151516424e-09	44
GO_CELLULAR_RESPONSE_TO_INTERLEUKIN_1	1.08335243794	6.156777183000701e-05	26
GO_RESPONSE_TO_PURINE_CONTAINING_COMPOUND	1.02195189327	4.846556836613247e-07	46
GO_ACTOMYOSIN_STRUCTURE_ORGANIZATION	1.2898033154	4.80296671820282e-07	30
GO_REGULATION_OF_MYELOID_LEUKOCYTE_DIFFERENTIATION	0.913427436495	0.00013903691522784258	32
GO_GLUTATHIONE_DERIVATIVE_METABOLIC_PROCESS	1.31781769157	0.007625813923682116	8
GO_REGULATION_OF_RAS_PROTEIN_SIGNAL_TRANSDUCTION	0.707107421656	0.00019127606996516522	49
GO_CELL_DIFFERENTIATION_INVOLVED_IN_EMBRYONIC_PLACENTA_DEVELOPMENT	1.25327743938	0.006733076978819486	9
GO_REGULATION_OF_LEUKOCYTE_MIGRATION	1.30906521757	1.2979094437835004e-12	58
GO_CELLULAR_DEFENSE_RESPONSE	1.29565604165	5.5857670860881655e-05	19
GO_POSITIVE_REGULATION_OF_MAST_CELL_ACTIVATION_INVOLVED_IN_IMMUNE_RESPONSE	1.66831493866	0.004700900802752274	6
GO_SMOOTH_MUSCLE_CONTRACTION	1.01825740972	0.006585925306395987	13
GO_NEGATIVE_REGULATION_OF_MYELOID_CELL_DIFFERENTIATION	1.14224612699	3.777760198714855e-05	25
GO_PEPTIDE_SECRETION	0.890707359995	0.011807903798534705	14
GO_FATTY_ACID_BIOSYNTHETIC_PROCESS	0.696329314828	0.006272041767940801	26
GO_REGULATION_OF_T_CELL_DIFFERENTIATION	0.656819299821	0.010535988758543167	25
GO_POSITIVE_REGULATION_OF_CELL_ADHESION_MEDIATED_BY_INTEGRIN	1.40528053282	0.004827895855315405	8
GO_REGULATION_OF_CELL_JUNCTION_ASSEMBLY	0.773012317325	0.008236471821962826	20
GO_REGULATION_OF_LIPOPROTEIN_LIPASE_ACTIVITY	1.53081141491	0.008698947558496664	6
GO_NEGATIVE_REGULATION_OF_LIPASE_ACTIVITY	1.51219573674	0.004994269950730636	7
GO_POSITIVE_REGULATION_OF_CYTOPLASMIC_TRANSPORT	0.637288043038	6.077502652974588e-05	69
GO_REGULATION_OF_MULTICELLULAR_ORGANISMAL_METABOLIC_PROCESS	1.45774795272	0.0001182618409143499	14
GO_POSITIVE_REGULATION_OF_LIPID_TRANSPORT	1.2898033154	9.329919889486107e-05	18
GO_PROTEIN_LOCALIZATION_TO_CELL_SURFACE	1.40528053282	0.0028009994435685957	9
GO_NEGATIVE_REGULATION_OF_KINASE_ACTIVITY	0.523925029324	0.0020382076184611007	57
GO_POSITIVE_REGULATION_OF_TISSUE_REMODELING	1.33489120493	0.0025945069704498133	10
GO_RESPONSE_TO_XENOBIOTIC_STIMULUS	1.09715823746	0.00026158386267430484	21
GO_CELL_GROWTH	0.629495689768	0.005074355191389748	33
GO_REGULATION_OF_PEPTIDE_TRANSPORT	0.522637483463	0.00445470753856045	48
GO_RESPONSE_TO_FATTY_ACID	0.749928704212	0.009972209790734337	20
GO_POSITIVE_REGULATION_OF_PROTEIN_LOCALIZATION_TO_NUCLEUS	0.668314938659	0.003201914224233782	33
GO_NEGATIVE_REGULATION_OF_BINDING	0.751276387674	0.0009494054494303849	34
GO_NEGATIVE_REGULATION_OF_TRANSMEMBRANE_RECEPTOR_PROTEIN_SERINE_THREONINE_KINASE_SIGNALING_PATHWAY	0.656819299821	0.010535988758543167	25
GO_SODIUM_ION_HOMEOSTASIS	1.57520553427	0.0009491157353175648	9
GO_EMBRYONIC_SKELETAL_SYSTEM_DEVELOPMENT	0.662776755117	0.008710841991329876	26
GO_CARDIAC_VENTRICLE_DEVELOPMENT	0.995889596687	3.890110968519017e-05	32
GO_REGULATION_OF_EPITHELIAL_CELL_DIFFERENTIATION_INVOLVED_IN_KIDNEY_DEVELOPMENT	1.53081141491	0.008698947558496664	6
GO_REGULATION_OF_LEUKOCYTE_DEGRANULATION	1.01825740972	0.006585925306395987	13
GO_MUSCLE_ORGAN_DEVELOPMENT	0.841379647632	2.580268776734151e-07	69
GO_ORGANIC_HYDROXY_COMPOUND_CATABOLIC_PROCESS	0.969181418018	0.0030672791173368633	17
GO_NEGATIVE_REGULATION_OF_PROTEOLYSIS	0.661772092792	4.929119487773838e-05	66
GO_REGULATION_OF_EPITHELIAL_CELL_PROLIFERATION	1.15060267935	9.025741876663817e-17	101
GO_SPECIFICATION_OF_SYMMETRY	1.30340091881	2.8607571210380843e-09	41
GO_EYE_DEVELOPMENT	0.712065141452	2.963088525179617e-06	77
GO_REGULATION_OF_ORGAN_MORPHOGENESIS	0.691035015159	3.2285949106003296e-05	64
GO_NEGATIVE_REGULATION_OF_STEM_CELL_DIFFERENTIATION	1.1958271672	0.0005644566460212502	16
GO_AMMONIUM_ION_METABOLIC_PROCESS	0.719916135146	0.0009160107628141364	37
GO_NEGATIVE_REGULATION_OF_ENDOTHELIAL_CELL_MIGRATION	1.36088641347	0.00010997760612385322	16
GO_STEM_CELL_DIVISION	1.0573572294	0.009611582073492702	11
GO_REGULATION_OF_BMP_SIGNALING_PATHWAY	1.14224612699	3.777760198714855e-05	25
GO_MONOCARBOXYLIC_ACID_TRANSPORT	1.03024110148	2.229890219092979e-05	32
GO_REGULATION_OF_TISSUE_REMODELING	1.31012329978	1.202981176965143e-05	22
GO_POSITIVE_REGULATION_OF_NUCLEOCYTOPLASMIC_TRANSPORT	0.916994051515	5.1701369129084705e-05	36
GO_CILIUM_MOVEMENT	1.79230365593	2.5682336216033054e-07	17
GO_NEGATIVE_REGULATION_OF_NERVOUS_SYSTEM_DEVELOPMENT	0.869227632585	9.050777599459919e-08	70
GO_POSITIVE_REGULATION_OF_PROTEIN_SECRETION	0.965995487299	6.400801179408414e-08	59
GO_REGULATION_OF_ALCOHOL_BIOSYNTHETIC_PROCESS	0.976437234021	0.008698862617640822	13
GO_CELLULAR_RESPONSE_TO_BIOTIC_STIMULUS	1.14619331151	1.2577936841881238e-10	61
GO_NEGATIVE_REGULATION_OF_CELL_DEVELOPMENT	1.04271045344	5.924652391507141e-13	91
GO_RESPIRATORY_BURST	1.51219573674	0.004994269950730636	7
GO_POSITIVE_REGULATION_OF_INTERLEUKIN_8_PRODUCTION	1.48328304483	5.182196593332227e-06	19
GO_REGULATION_OF_MEMBRANE_DEPOLARIZATION	1.15152394058	0.0025633868277509016	13
GO_REGULATION_OF_PHAGOCYTOSIS	1.43037151379	5.17310175189884e-08	29
GO_SENSORY_PERCEPTION_OF_LIGHT_STIMULUS	0.655258785833	0.0037466311647614678	33
GO_NEGATIVE_REGULATION_OF_CELL_ACTIVATION	1.11703556419	6.611682035703872e-09	52
GO_ATRIAL_SEPTUM_DEVELOPMENT	1.51219573674	0.004994269950730636	7
GO_CELLULAR_MODIFIED_AMINO_ACID_METABOLIC_PROCESS	0.539581624536	0.004557414956300151	45
GO_CYTOKINE_PRODUCTION	0.835424924494	0.00042804070121123033	32
GO_VENTRICULAR_SEPTUM_DEVELOPMENT	0.881718576768	0.007878340477002902	16
GO_REGULATION_OF_MAST_CELL_ACTIVATION	0.990243033546	0.010589924011615341	12
GO_CALCIUM_MEDIATED_SIGNALING	1.07270519374	5.218541793309341e-05	27
GO_REGULATION_OF_PSEUDOPODIUM_ASSEMBLY	1.89070736	0.0005950764453629241	7
GO_REGULATION_OF_CHEMOKINE_SECRETION	2.18288811149	0.00026462072613442524	6
GO_SYNAPSE_ORGANIZATION	0.820318032104	0.00020222604045473257	37
GO_NEGATIVE_REGULATION_OF_CELL_CELL_ADHESION	1.15566664275	2.5634250134073785e-08	45
GO_PROSTANOID_BIOSYNTHETIC_PROCESS	1.49838993722	0.0028885057952760945	8
GO_NEGATIVE_REGULATION_OF_EPITHELIAL_CELL_PROLIFERATION	1.22774234727	1.2823758508472428e-08	42
GO_POSITIVE_REGULATION_OF_INTERFERON_GAMMA_PRODUCTION	1.02676890957	0.0007680502329989111	20
GO_REGULATION_OF_LEUKOCYTE_DIFFERENTIATION	0.858386072937	4.30043202865602e-07	64
GO_REGULATION_OF_SODIUM_ION_TRANSMEMBRANE_TRANSPORT	0.890707359995	0.011807903798534705	14
GO_EAR_DEVELOPMENT	0.969181418018	4.50353785590603e-07	51
GO_REGULATION_OF_MACROPHAGE_DERIVED_FOAM_CELL_DIFFERENTIATION	1.54278405657	0.0003305111156775345	11
GO_HEPATICOBILIARY_SYSTEM_DEVELOPMENT	0.668314938659	0.003201914224233782	33
GO_REGULATION_OF_METAL_ION_TRANSPORT	0.87803352996	2.8363776370298284e-09	85
GO_POSITIVE_CHEMOTAXIS	1.35465445975	0.0003126747487613117	14
GO_REGULATION_OF_CATION_CHANNEL_ACTIVITY	0.770564996907	0.010059696146208143	19
GO_POSITIVE_REGULATION_OF_RESPONSE_TO_EXTERNAL_STIMULUS	1.17877200302	2.5903284176024732e-17	100
GO_REGULATION_OF_CELL_SIZE	0.711941871059	0.00023449001611994534	47
GO_HOMOPHILIC_CELL_ADHESION_VIA_PLASMA_MEMBRANE_ADHESION_MOLECULES	1.15002347758	4.040892324733019e-06	31
GO_NEURON_FATE_COMMITMENT	1.01825740972	0.006585925306395987	13
GO_NEGATIVE_REGULATION_OF_LEUKOCYTE_PROLIFERATION	0.931349344492	0.0032699595778877804	18
GO_ADAPTIVE_IMMUNE_RESPONSE	0.898744679061	1.6943267898719872e-07	63
GO_MAMMARY_GLAND_EPITHELIUM_DEVELOPMENT	1.1124987836	0.0003077151829565267	20
GO_POSITIVE_REGULATION_OF_LEUKOCYTE_MIGRATION	1.34254477748	1.5963564644128818e-10	45
GO_REGULATION_OF_PHOSPHATIDYLINOSITOL_3_KINASE_SIGNALING	0.873266912053	8.579214938281469e-05	37
GO_ACTIVATION_OF_PROTEIN_KINASE_ACTIVITY	0.507727801796	0.0017969357695502889	62
GO_NEGATIVE_REGULATION_OF_ENDOTHELIAL_CELL_PROLIFERATION	1.68538845202	1.1972514702371575e-06	17
GO_EYE_MORPHOGENESIS	0.715620653437	0.002406753731103977	31
GO_POSITIVE_REGULATION_OF_COAGULATION	1.78379215608	7.703000337593642e-06	13
GO_SMOOTH_MUSCLE_CELL_DIFFERENTIATION	1.70484081468	1.926913199327472e-06	16
GO_BLOOD_COAGULATION_INTRINSIC_PATHWAY	1.40528053282	0.008374610518264373	7
GO_REGULATION_OF_RHO_PROTEIN_SIGNAL_TRANSDUCTION	0.979974698092	2.2701514670373256e-05	35
GO_ODONTOGENESIS	1.18288811149	1.0766664967031337e-06	33
GO_REGULATION_OF_MACROPHAGE_CHEMOTAXIS	1.76785061221	0.00023966512290486076	9
GO_ACTION_POTENTIAL	0.727208627712	0.011989456344831917	20
GO_PROTEIN_HETEROTRIMERIZATION	1.51219573674	0.004994269950730636	7
GO_REGULATION_OF_SMOOTHENED_SIGNALING_PATHWAY	0.902780192296	0.004176456767294407	18
GO_HEART_PROCESS	0.902780192296	0.001024139107091656	24
GO_AXIS_SPECIFICATION	0.820318032104	0.0030341388975308227	23
GO_REGULATION_OF_CYTOSOLIC_CALCIUM_ION_CONCENTRATION	0.886551730504	2.6057146793808754e-06	52
GO_ORGANIC_ACID_BIOSYNTHETIC_PROCESS	0.466681077489	0.006374372662440764	54
GO_NEGATIVE_REGULATION_OF_COAGULATION	1.69478715002	2.6635518041776452e-08	22
GO_CARDIAC_CHAMBER_MORPHOGENESIS	1.31781769157	3.0917224117348967e-09	40
GO_REGULATION_OF_CATION_TRANSMEMBRANE_TRANSPORT	0.736253767315	9.46864703211663e-05	50
GO_TRABECULA_FORMATION	1.25327743938	0.006733076978819486	9
GO_POSITIVE_REGULATION_OF_NUCLEOTIDE_METABOLIC_PROCESS	0.913427436495	0.00013903691522784258	32
GO_REGULATION_OF_FIBROBLAST_GROWTH_FACTOR_RECEPTOR_SIGNALING_PATHWAY	1.33489120493	0.0025945069704498133	10
GO_DEFENSE_RESPONSE_TO_VIRUS	0.655258785833	0.0037466311647614678	33
GO_RESPONSE_TO_ACID_CHEMICAL	0.837805458833	1.8681067014325992e-08	83
GO_EMBRYONIC_DIGIT_MORPHOGENESIS	1.08335243794	0.0008089445792380573	18
GO_NEGATIVE_REGULATION_OF_WOUND_HEALING	1.52557476654	7.946403133393794e-08	25
GO_CELL_CHEMOTAXIS	1.47345203547	4.551981421194912e-17	65
GO_MESODERM_MORPHOGENESIS	1.1098246493	0.00016160184296768167	22
GO_DIENCEPHALON_DEVELOPMENT	1.05164357821	0.0010970752698300473	18
GO_RHO_PROTEIN_SIGNAL_TRANSDUCTION	0.979015778123	0.003714304018243841	16
GO_POSITIVE_REGULATION_OF_DEVELOPMENTAL_GROWTH	0.854265364027	3.432809180328205e-05	43
GO_REGULATED_EXOCYTOSIS	0.879557235478	8.502883214482781e-07	58
GO_ORGAN_REGENERATION	1.09333652651	2.0276691700215307e-05	29
GO_ARTERY_DEVELOPMENT	1.42665418362	4.045007358576628e-09	34
GO_REGULATION_OF_CHEMOKINE_PRODUCTION	1.25641714691	1.6455857794876248e-05	23
GO_MAMMARY_GLAND_MORPHOGENESIS	1.40528053282	2.4249879135737937e-05	18
GO_REGULATION_OF_REACTIVE_OXYGEN_SPECIES_BIOSYNTHETIC_PROCESS	0.820318032104	0.006710095951833913	19
GO_NEGATIVE_REGULATION_OF_RESPONSE_TO_EXTERNAL_STIMULUS	1.07665778536	5.551150516186671e-13	86
GO_POSITIVE_REGULATION_OF_METANEPHROS_DEVELOPMENT	1.53081141491	0.008698947558496664	6
GO_POSITIVE_REGULATION_OF_TRANSFORMING_GROWTH_FACTOR_BETA_PRODUCTION	1.40528053282	0.008374610518264373	7
GO_POSITIVE_REGULATION_OF_LYMPHOCYTE_MEDIATED_IMMUNITY	0.793845820743	0.010085754793179372	18
GO_REGULATION_OF_MITOCHONDRIAL_DEPOLARIZATION	1.51219573674	0.004994269950730636	7
GO_REGULATION_OF_BLOOD_VESSEL_ENDOTHELIAL_CELL_MIGRATION	1.20364667166	0.00010911402255861639	20
GO_REGULATION_OF_FIBROBLAST_MIGRATION	1.16427243332	0.004994964913401216	11
GO_POSITIVE_REGULATION_OF_STEM_CELL_DIFFERENTIATION	1.06647861937	0.0013078786103748652	17
GO_HEART_VALVE_DEVELOPMENT	1.24773925584	0.001227494318784024	13
GO_NEGATIVE_REGULATION_OF_SMOOTH_MUSCLE_CELL_MIGRATION	1.66831493866	0.0004986750227948719	9
GO_REGULATION_OF_ENDOTHELIAL_CELL_PROLIFERATION	1.48589899303	1.1362091765510244e-12	46
GO_REGULATION_OF_INTERLEUKIN_12_PRODUCTION	0.969181418018	0.0030672791173368633	17
GO_MUSCLE_CELL_DEVELOPMENT	1.08335243794	1.3772435328821315e-06	38
GO_REGULATION_OF_OSSIFICATION	0.899389603095	3.007192747195447e-06	50
GO_CELLULAR_RESPONSE_TO_INTERFERON_GAMMA	0.950714669359	0.00027747277408736193	27
GO_AXONEMAL_DYNEIN_COMPLEX_ASSEMBLY	1.91985370565	2.6904431971067977e-05	10
GO_REGULATION_OF_MONOCYTE_DIFFERENTIATION	1.8203180321	0.0003820231342567792	8
GO_REGULATION_OF_VASCULATURE_DEVELOPMENT	1.32151217513	1.7208063919761235e-19	92
GO_POSITIVE_REGULATION_OF_CARDIAC_MUSCLE_CELL_PROLIFERATION	1.72720862771	0.00014833224640469967	10
GO_REGULATION_OF_VASOCONSTRICTION	1.06824554555	0.0006817252350073316	19
GO_SOMITOGENESIS	0.960495690152	0.002532887485688816	18
GO_POSITIVE_REGULATION_OF_ACTIN_FILAMENT_BUNDLE_ASSEMBLY	0.890707359995	0.011807903798534705	14
GO_COMPLEMENT_ACTIVATION	1.49274337408	1.4540978674058352e-05	17
GO_EMBRYONIC_HEART_TUBE_MORPHOGENESIS	1.51631184521	2.889386813357741e-08	27
GO_NEGATIVE_REGULATION_OF_LEUKOCYTE_CHEMOTAXIS	1.91985370565	0.0035712654144613195	5
GO_CELLULAR_RESPONSE_TO_VITAMIN	1.46668107749	0.0003389403127464573	12
GO_POSITIVE_REGULATION_OF_NUCLEAR_DIVISION	1.06824554555	0.0006817252350073316	19
GO_MORPHOGENESIS_OF_EMBRYONIC_EPITHELIUM	0.74014768342	0.0009406895256158176	35
GO_RESPIRATORY_SYSTEM_DEVELOPMENT	1.07463522084	2.8930817146282877e-10	66
GO_DIGESTIVE_TRACT_MORPHOGENESIS	1.04772852821	0.0021097158819802873	16
GO_ENDOTHELIAL_CELL_DEVELOPMENT	1.1027177628	0.0018450563829754297	15
GO_MAMMARY_GLAND_DEVELOPMENT	0.791463169432	0.0006507387810512944	33
GO_EPITHELIAL_CELL_DIFFERENTIATION_INVOLVED_IN_KIDNEY_DEVELOPMENT	1.75320383625	4.8979726613096865e-06	14
GO_MEMBRANE_INVAGINATION	1.23535553138	0.0020612667508458603	12
GO_NEGATIVE_REGULATION_OF_INTERLEUKIN_17_PRODUCTION	1.66831493866	0.004700900802752274	6
GO_CYCLIC_NUCLEOTIDE_BIOSYNTHETIC_PROCESS	1.40528053282	0.0016333073357436144	10
GO_POSITIVE_REGULATION_OF_EMBRYONIC_DEVELOPMENT	1.23535553138	0.0020612667508458603	12
GO_HEMIDESMOSOME_ASSEMBLY	1.53081141491	0.008698947558496664	6
GO_POSITIVE_REGULATION_OF_CYTOSOLIC_CALCIUM_ION_CONCENTRATION_INVOLVED_IN_PHOSPHOLIPASE_C_ACTIVATING_G_PROTEIN_COUPLED_SIGNALING_PATHWAY	2.40528053282	8.49902633270612e-06	7
GO_POSITIVE_REGULATION_OF_PEPTIDYL_TYROSINE_PHOSPHORYLATION	0.937501571474	2.556042811251639e-06	47
GO_CATECHOLAMINE_METABOLIC_PROCESS	1.40528053282	0.0016333073357436144	10
GO_CYCLIC_NUCLEOTIDE_METABOLIC_PROCESS	1.16427243332	0.004994964913401216	11
GO_REGULATION_OF_PODOSOME_ASSEMBLY	1.59792561077	0.001613929383271917	8
GO_RESPONSE_TO_CORTICOSTEROID	1.15229979166	1.449253767071914e-10	60
GO_CELL_ACTIVATION_INVOLVED_IN_IMMUNE_RESPONSE	0.833374184929	0.00016432562006551762	37
GO_POSITIVE_REGULATION_OF_CARDIAC_MUSCLE_TISSUE_DEVELOPMENT	1.40528053282	0.0005618830885346742	12
GO_REGULATION_OF_REACTIVE_OXYGEN_SPECIES_METABOLIC_PROCESS	0.55728362627	0.009315007525982506	35
GO_CARDIAC_CHAMBER_FORMATION	2.08335243794	0.0053835457497113035	4
GO_NEGATIVE_REGULATION_OF_CATION_TRANSMEMBRANE_TRANSPORT	0.885906373731	0.00963901221422893	15
GO_POSITIVE_REGULATION_OF_REGULATED_SECRETORY_PATHWAY	1.26777700907	0.00043671277050766073	15
GO_NEGATIVE_REGULATION_OF_ESTABLISHMENT_OF_PROTEIN_LOCALIZATION	0.542784056575	0.004775126857703992	44
GO_ATRIOVENTRICULAR_VALVE_MORPHOGENESIS	1.49838993722	0.0028885057952760945	8
GO_POSITIVE_REGULATION_OF_BLOOD_VESSEL_ENDOTHELIAL_CELL_MIGRATION	1.22085596169	0.003465607837055833	11
GO_REGULATION_OF_INTERLEUKIN_4_PRODUCTION	1.20364667166	0.005834522942822804	10
GO_REGENERATION	0.934960598045	2.1279080339918402e-06	48
GO_RESPONSE_TO_MUSCLE_STRETCH	1.55728362627	0.0005594766122152198	10
GO_NEGATIVE_REGULATION_OF_CELL_MATRIX_ADHESION	1.23535553138	0.0020612667508458603	12
GO_REGULATION_OF_CHOLESTEROL_EFFLUX	1.40528053282	0.004827895855315405	8
GO_POSITIVE_REGULATION_OF_PROTEIN_DEPOLYMERIZATION	1.49838993722	0.0028885057952760945	8
GO_LEFT_RIGHT_PATTERN_FORMATION	1.55728362627	0.0005594766122152198	10
GO_SECONDARY_METABOLIC_PROCESS	1.08335243794	0.011579949942098183	10
GO_NEGATIVE_REGULATION_OF_CELL_GROWTH	0.799559471937	5.457370846720318e-05	46
GO_NEGATIVE_REGULATION_OF_CYTOKINE_SECRETION	1.31217112843	0.0002881967866850129	15
GO_POSITIVE_REGULATION_OF_EPITHELIAL_CELL_DIFFERENTIATION	0.890707359995	0.011807903798534705	14
GO_PROTEIN_TRIMERIZATION	1.03604672316	0.00796139654061984	12
GO_REGULATION_OF_BONE_RESORPTION	1.08335243794	0.011579949942098183	10
GO_B_CELL_PROLIFERATION	1.40528053282	0.0016333073357436144	10
GO_CELLULAR_RESPONSE_TO_OXIDATIVE_STRESS	0.625061740705	0.0011546065424935083	46
GO_STEROL_TRANSPORT	0.935795249524	0.01130838985736212	13
GO_POSITIVE_REGULATION_OF_ENDOTHELIAL_CELL_DIFFERENTIATION	1.70484081468	0.0008286355202058762	8
GO_TOLL_LIKE_RECEPTOR_4_SIGNALING_PATHWAY	1.31781769157	0.007625813923682116	8
GO_CAMP_BIOSYNTHETIC_PROCESS	1.40528053282	0.008374610518264373	7
GO_ADAPTIVE_IMMUNE_RESPONSE_BASED_ON_SOMATIC_RECOMBINATION_OF_IMMUNE_RECEPTORS_BUILT_FROM_IMMUNOGLOBULIN_SUPERFAMILY_DOMAINS	1.09040719547	4.591094765375186e-07	41
GO_REGULATION_OF_GASTRULATION	1.66831493866	6.360243979536804e-06	15
GO_POSITIVE_REGULATION_OF_INTERLEUKIN_8_SECRETION	1.66831493866	0.004700900802752274	6
GO_COGNITION	0.519451552744	0.005518953513860861	46
GO_REGULATION_OF_PLATELET_DERIVED_GROWTH_FACTOR_RECEPTOR_SIGNALING_PATHWAY	1.40528053282	0.008374610518264373	7
GO_REGULATION_OF_PROTEIN_TARGETING	0.550228868736	0.0004718016992464613	68
GO_RENAL_SYSTEM_PROCESS_INVOLVED_IN_REGULATION_OF_SYSTEMIC_ARTERIAL_BLOOD_PRESSURE	1.99024303355	3.807276318337735e-05	9
GO_POSITIVE_REGULATION_OF_CALCIUM_ION_TRANSPORT_INTO_CYTOSOL	1.18288811149	0.0002967908195960908	18
GO_SMOOTHENED_SIGNALING_PATHWAY	0.964707941439	0.0011040167771406801	21
GO_REGULATION_OF_FILOPODIUM_ASSEMBLY	1.03604672316	0.00796139654061984	12
GO_POSITIVE_REGULATION_OF_CELL_MORPHOGENESIS_INVOLVED_IN_DIFFERENTIATION	0.664800454482	0.0011641144216173452	41
GO_POSITIVE_REGULATION_OF_ENDOTHELIAL_CELL_PROLIFERATION	1.38143379087	8.21449599838459e-08	30
GO_POSITIVE_REGULATION_OF_LEUKOCYTE_DIFFERENTIATION	0.753203836245	0.0007842766078660562	35
GO_CELL_CELL_JUNCTION_ASSEMBLY	1.16016803499	1.4253179061163379e-05	27
GO_REGULATION_OF_SMOOTH_MUSCLE_CELL_DIFFERENTIATION	1.66831493866	0.0004986750227948719	9
GO_CELLULAR_RESPONSE_TO_CAMP	1.00318208925	0.005443628682662778	14
GO_ANTIMICROBIAL_HUMORAL_RESPONSE	1.31781769157	0.007625813923682116	8
GO_REGULATION_OF_NEUTROPHIL_CHEMOTAXIS	1.40528053282	0.0009563443095570417	11
GO_LYMPHANGIOGENESIS	2.04271045344	0.00021350903171264493	7
GO_POSITIVE_REGULATION_OF_TRANSPORTER_ACTIVITY	0.9820691021	0.000702996643116484	22
GO_PEPTIDYL_TYROSINE_MODIFICATION	0.829088241731	5.436045839422012e-06	55
GO_REGULATION_OF_PLASMA_LIPOPROTEIN_PARTICLE_LEVELS	1.36088641347	0.00010997760612385322	16
GO_POSITIVE_REGULATION_OF_PROTEIN_MATURATION	1.51219573674	0.004994269950730636	7
GO_ARTERY_MORPHOGENESIS	1.49838993722	2.318769481767517e-07	24
GO_CELLULAR_RESPONSE_TO_ALCOHOL	0.62100922388	0.011435875366541916	27
GO_NEGATIVE_REGULATION_OF_CATION_CHANNEL_ACTIVITY	1.40528053282	0.0009563443095570417	11
GO_POSITIVE_REGULATION_OF_TRANSMEMBRANE_RECEPTOR_PROTEIN_SERINE_THREONINE_KINASE_SIGNALING_PATHWAY	1.10149978465	6.693938962133231e-06	32
GO_REGULATION_OF_AXONOGENESIS	0.953291897373	4.053708610864457e-07	53
GO_ORGAN_FORMATION	1.26777700907	0.003959642521107329	10
GO_NEGATIVE_REGULATION_OF_PROTEIN_BINDING	0.840495914041	0.0020170505980952897	24
GO_REGULATION_OF_INFLAMMATORY_RESPONSE	1.1958271672	4.365197786683683e-17	96
GO_REGULATION_OF_MEMBRANE_INVAGINATION	1.70484081468	0.0008286355202058762	8
GO_REGULATION_OF_EXTENT_OF_CELL_GROWTH	1.14541340607	3.7936941241503045e-07	38
GO_CARDIAC_MUSCLE_TISSUE_MORPHOGENESIS	0.945848914188	0.004830432709745244	16
GO_REGULATION_OF_EXOCYTOSIS	0.571741678964	0.005271227422421034	39
GO_PRODUCTION_OF_MOLECULAR_MEDIATOR_INVOLVED_IN_INFLAMMATORY_RESPONSE	1.89070736	0.0005950764453629241	7
GO_RESPONSE_TO_TRANSFORMING_GROWTH_FACTOR_BETA	1.21886740859	3.1608945576863125e-11	58
GO_LIPOXYGENASE_PATHWAY	1.94584891419	0.00015272288686792685	8
GO_LEUKOCYTE_CELL_CELL_ADHESION	0.458719791786	0.006702772719179827	55
GO_POSITIVE_REGULATION_OF_CYTOKINE_SECRETION	1.21545597394	8.499237510840112e-07	32
GO_REGULATION_OF_SYNAPSE_STRUCTURE_OR_ACTIVITY	0.522094197808	0.005793960639335288	45
GO_REGULATION_OF_TOLL_LIKE_RECEPTOR_SIGNALING_PATHWAY	1.30574485927	2.005838440170373e-05	21
GO_REGULATION_OF_INTERLEUKIN_1_PRODUCTION	0.979015778123	0.003714304018243841	16
GO_REGULATION_OF_CELL_DIVISION	0.652117711131	0.00010140500961774744	62
GO_I_KAPPAB_PHOSPHORYLATION	1.53081141491	0.008698947558496664	6
GO_PURINERGIC_NUCLEOTIDE_RECEPTOR_SIGNALING_PATHWAY	1.48774269302	0.0016802380278508942	9
GO_REGULATION_OF_DEVELOPMENTAL_GROWTH	0.965580979312	5.409305616973249e-11	87
GO_DIGESTIVE_SYSTEM_DEVELOPMENT	1.20364667166	1.1090823823692832e-09	50
GO_ENDODERMAL_CELL_DIFFERENTIATION	1.59792561077	5.383542134056513e-07	20
GO_METANEPHRIC_MESENCHYME_DEVELOPMENT	1.62767295416	0.0027512360266554285	7
GO_NEURAL_CREST_CELL_DIFFERENTIATION	1.42873950565	1.8646772103616887e-08	31
GO_MACROPHAGE_ACTIVATION	1.5472995377	1.38005735134493e-05	16
GO_POSITIVE_REGULATION_OF_ERK1_AND_ERK2_CASCADE	1.16320574563	1.737855585015748e-09	52
GO_POSITIVE_REGULATION_OF_CALCIUM_ION_TRANSMEMBRANE_TRANSPORT	1.17261977603	0.00015646833462028235	20
GO_NEGATIVE_REGULATION_OF_INTERLEUKIN_2_PRODUCTION	1.49838993722	0.0028885057952760945	8
GO_CELL_COMMUNICATION_INVOLVED_IN_CARDIAC_CONDUCTION	1.40528053282	0.00019555688623702097	14
GO_POSITIVE_REGULATION_OF_SMOOTH_MUSCLE_CELL_MIGRATION	1.84585312421	1.9830914296631735e-08	19
GO_AMMONIUM_TRANSPORT	1.06647861937	0.0013078786103748652	17
GO_BONE_DEVELOPMENT	0.748168246348	0.0004397671143583496	39
GO_REGULATION_OF_CARDIAC_MUSCLE_CELL_PROLIFERATION	1.64628863233	3.378337054634456e-05	13
GO_PANCREAS_DEVELOPMENT	1.43329490899	2.39767018035369e-07	26
GO_PEPTIDYL_TYROSINE_AUTOPHOSPHORYLATION	1.1958271672	0.0005644566460212502	16
GO_REGULATION_OF_INTERLEUKIN_8_SECRETION	1.40528053282	0.008374610518264373	7
GO_REGULATION_OF_CELL_SHAPE	0.854265364027	3.432809180328205e-05	43
GO_REGULATION_OF_STEM_CELL_PROLIFERATION	1.42730683915	6.730154058295619e-09	33
GO_REGULATION_OF_ENDOTHELIAL_CELL_DIFFERENTIATION	1.46186406119	0.00019998137139415245	13
GO_POSITIVE_REGULATION_OF_LYASE_ACTIVITY	0.890707359995	0.011807903798534705	14
GO_CELLULAR_RESPONSE_TO_RETINOIC_ACID	1.1367916969	0.00011633929323324331	22
GO_POSITIVE_REGULATION_OF_STEROID_METABOLIC_PROCESS	1.23535553138	0.011485665508176972	8
GO_POSITIVE_REGULATION_OF_PRODUCTION_OF_MOLECULAR_MEDIATOR_OF_IMMUNE_RESPONSE	1.08335243794	0.00042269806934470223	20
GO_EMBRYO_IMPLANTATION	1.2584391445	0.0007317924751186236	14
GO_REGULATION_OF_SMALL_GTPASE_MEDIATED_SIGNAL_TRANSDUCTION	0.773012317325	2.8848419257759755e-07	80
GO_VASODILATION	1.18288811149	0.009837004485718405	9
GO_POSITIVE_REGULATION_OF_NEURON_DIFFERENTIATION	0.884708619374	2.7306233485064155e-09	84
GO_REGULATION_OF_PROTEIN_ACTIVATION_CASCADE	1.68907349883	1.0336388019614551e-05	14
GO_RESPONSE_TO_COLD	1.01825740972	0.006585925306395987	13
GO_AORTA_MORPHOGENESIS	1.7423155201	2.684526054788506e-05	12
GO_MOLTING_CYCLE	0.820318032104	0.0054953534536577985	20
GO_REGULATION_OF_PHOSPHOLIPID_METABOLIC_PROCESS	1.25000230735	2.7268073550366227e-05	22
GO_ANATOMICAL_STRUCTURE_MATURATION	1.06132613161	0.004901352845478382	13
GO_REGULATION_OF_PHOSPHATIDYLINOSITOL_3_KINASE_ACTIVITY	1.31217112843	0.0002881967866850129	15
GO_CELL_JUNCTION_ORGANIZATION	1.03604672316	6.131091731159884e-09	60
GO_ENDOCARDIAL_CUSHION_MORPHOGENESIS	1.32727802082	0.004438180639658068	9
GO_BLOOD_VESSEL_REMODELING	1.63476237895	2.383527883815995e-06	17
GO_POSITIVE_REGULATION_OF_RESPONSE_TO_CYTOKINE_STIMULUS	1.13226203842	0.004241226185450857	12
GO_POSITIVE_REGULATION_OF_MITOTIC_NUCLEAR_DIVISION	1.06424361499	0.002522948613450332	15
GO_RESPONSE_TO_TEMPERATURE_STIMULUS	0.904851542315	2.0318300561495933e-05	41
GO_AMEBOIDAL_TYPE_CELL_MIGRATION	1.1399359663	3.4279988465538272e-09	52
GO_POSITIVE_REGULATION_OF_NF_KAPPAB_IMPORT_INTO_NUCLEUS	1.66831493866	5.5558650860141294e-05	12
GO_REGULATION_OF_PROTEIN_MATURATION	1.27752498563	2.1835668653466543e-06	27
GO_HUMORAL_IMMUNE_RESPONSE_MEDIATED_BY_CIRCULATING_IMMUNOGLOBULIN	1.70484081468	1.926913199327472e-06	16
GO_REGULATION_OF_CGMP_METABOLIC_PROCESS	1.48774269302	0.0016802380278508942	9
GO_REGULATION_OF_SYSTEMIC_ARTERIAL_BLOOD_PRESSURE	1.3508327488	1.0040323101142505e-06	26
GO_POSITIVE_REGULATION_OF_ENDOTHELIAL_CELL_APOPTOTIC_PROCESS	1.53081141491	0.008698947558496664	6
GO_STRIATED_MUSCLE_CONTRACTION	0.838239940101	0.0011240906804446432	27
GO_CARDIAC_MYOFIBRIL_ASSEMBLY	1.51219573674	0.004994269950730636	7
GO_CELL_MIGRATION_INVOLVED_IN_SPROUTING_ANGIOGENESIS	1.51219573674	0.004994269950730636	7
GO_DETOXIFICATION	1.1098246493	0.00016160184296768167	22
GO_POSITIVE_REGULATION_OF_SMOOTH_MUSCLE_CELL_PROLIFERATION	1.26232257898	9.93122766806791e-06	24
GO_EMBRYONIC_PLACENTA_MORPHOGENESIS	1.23535553138	0.011485665508176972	8
GO_BONE_MORPHOGENESIS	0.820318032104	0.0054953534536577985	20
GO_POSITIVE_REGULATION_OF_TYROSINE_PHOSPHORYLATION_OF_STAT3_PROTEIN	1.50481620638	4.09667955889062e-05	15
GO_REGULATION_OF_TOLL_LIKE_RECEPTOR_4_SIGNALING_PATHWAY	1.77724931021	4.270434179531749e-05	11
GO_REGULATION_OF_MUSCLE_CELL_DIFFERENTIATION	0.7364864413	0.0005263942986621331	39
GO_POSITIVE_REGULATION_OF_RHO_PROTEIN_SIGNAL_TRANSDUCTION	1.8203180321	0.0022374061882416683	6
GO_REGULATION_OF_GLOMERULAR_FILTRATION	2.08335243794	4.998014015459933e-05	8
GO_MYELOID_LEUKOCYTE_ACTIVATION	1.25718189384	4.814792125039854e-08	37
GO_PURINERGIC_RECEPTOR_SIGNALING_PATHWAY	1.26777700907	0.003959642521107329	10
GO_LEUKOCYTE_PROLIFERATION	1.11577391563	2.7834115762408375e-05	27
GO_RECEPTOR_METABOLIC_PROCESS	0.710135114353	0.011756153384616533	21
GO_EPITHELIAL_CELL_CELL_ADHESION	1.62767295416	0.0027512360266554285	7
GO_TRANSFORMING_GROWTH_FACTOR_BETA_RECEPTOR_SIGNALING_PATHWAY	0.962337036976	6.601231825173103e-05	32
GO_REGULATION_OF_INTERLEUKIN_10_PRODUCTION	1.06424361499	0.002522948613450332	15
GO_MACROPHAGE_CHEMOTAXIS	1.89070736	0.0005950764453629241	7
GO_COCHLEA_DEVELOPMENT	1.0573572294	0.009611582073492702	11
GO_NEGATIVE_REGULATION_OF_SECRETION	0.718438418085	0.0005122872936292356	41
GO_REGULATION_OF_OSTEOCLAST_DIFFERENTIATION	1.00935185649	0.0012225370994415788	19
GO_CELL_SUBSTRATE_JUNCTION_ASSEMBLY	1.11987831396	0.0011290500971401403	16
GO_REGULATION_OF_BIOMINERAL_TISSUE_DEVELOPMENT	1.12148756682	9.96821292544609e-05	23
GO_REGULATION_OF_CALCIUM_ION_TRANSMEMBRANE_TRANSPORT	0.753203836245	0.0025035342217844606	28
GO_RESPONSE_TO_FUNGUS	1.29836532891	0.0008174027874054776	13
GO_POSITIVE_REGULATION_OF_WOUND_HEALING	1.40528053282	8.610084480580645e-06	20
GO_REGULATION_OF_CELLULAR_RESPONSE_TO_TRANSFORMING_GROWTH_FACTOR_BETA_STIMULUS	0.750777098851	0.0030391554006394942	27
GO_REGULATION_OF_LEUKOCYTE_MEDIATED_CYTOTOXICITY	1.1004259513	0.0009573080817192298	17
GO_RECEPTOR_MEDIATED_ENDOCYTOSIS	1.08335243794	6.104821327935825e-11	70
GO_SECOND_MESSENGER_MEDIATED_SIGNALING	1.02195189327	4.846556836613247e-07	46
GO_POTASSIUM_ION_IMPORT	1.31781769157	0.007625813923682116	8
GO_UROGENITAL_SYSTEM_DEVELOPMENT	1.20485344299	1.2379161165241597e-18	104
GO_POSITIVE_REGULATION_OF_STEM_CELL_PROLIFERATION	1.26777700907	5.0513773984091955e-05	20
GO_POSITIVE_REGULATION_OF_PHAGOCYTOSIS	1.33127995138	3.638380692522517e-05	19
GO_EMBRYONIC_HINDLIMB_MORPHOGENESIS	1.33489120493	0.0025945069704498133	10
GO_NEGATIVE_REGULATION_OF_ION_TRANSPORT	0.820318032104	0.0009411120388775093	29
GO_FAT_CELL_DIFFERENTIATION	0.866121721717	0.00027754954473420727	32
GO_NEGATIVE_REGULATION_OF_AXONOGENESIS	1.15735301938	4.377511336777524e-05	24
GO_EMBRYONIC_ORGAN_MORPHOGENESIS	0.959721088769	1.0856507774014895e-09	76
GO_GLUTATHIONE_METABOLIC_PROCESS	1.08335243794	0.0008089445792380573	18
GO_NEGATIVE_REGULATION_OF_CELL_ADHESION	1.21494932072	1.5878822793244638e-14	78
GO_NEGATIVE_REGULATION_OF_PEPTIDASE_ACTIVITY	0.751838294221	9.634368379156041e-05	48
GO_CARDIAC_MUSCLE_CELL_ACTION_POTENTIAL	1.08335243794	0.005871844393643648	12
GO_OLFACTORY_LOBE_DEVELOPMENT	1.22085596169	0.003465607837055833	11
GO_STEM_CELL_DIFFERENTIATION	1.31283428406	1.3035022875650147e-14	68
GO_ENDOCARDIAL_CUSHION_DEVELOPMENT	1.45419013331	7.007346209585086e-05	15
GO_MOTILE_CILIUM_ASSEMBLY	1.75320383625	0.001369195172759934	7
GO_UNSATURATED_FATTY_ACID_BIOSYNTHETIC_PROCESS	1.54967044216	6.009084100679508e-07	21
GO_RESPONSE_TO_CALCIUM_ION	0.910515841075	0.00011519397560499733	33
GO_ALCOHOL_CATABOLIC_PROCESS	0.919853705655	0.007572253541301591	15
GO_MYOFIBRIL_ASSEMBLY	1.1958271672	0.0005644566460212502	16
GO_REGULATION_OF_MACROPHAGE_ACTIVATION	1.33489120493	0.0025945069704498133	10
GO_REGULATION_OF_OSTEOBLAST_DIFFERENTIATION	0.804887991534	0.0007840743199619753	31
GO_REGULATION_OF_MEMBRANE_PROTEIN_ECTODOMAIN_PROTEOLYSIS	1.18288811149	0.009837004485718405	9
GO_GRANULOCYTE_ACTIVATION	1.40528053282	0.004827895855315405	8
GO_REGULATION_OF_LIPID_METABOLIC_PROCESS	0.451084222438	0.00703229244423601	56
GO_CALCIUM_INDEPENDENT_CELL_CELL_ADHESION_VIA_PLASMA_MEMBRANE_CELL_ADHESION_MOLECULES	1.8203180321	0.0003820231342567792	8
GO_REGULATION_OF_POTASSIUM_ION_TRANSMEMBRANE_TRANSPORTER_ACTIVITY	1.16824133552	0.0015484629243462077	14
GO_RESPONSE_TO_CAMP	0.893381494293	0.0005757908406323466	27
GO_REGULATION_OF_RELEASE_OF_SEQUESTERED_CALCIUM_ION_INTO_CYTOSOL	0.820318032104	0.006710095951833913	19
GO_REGULATION_OF_BLOOD_PRESSURE	1.25752691238	1.4763782949508693e-10	51
GO_AORTA_DEVELOPMENT	1.44375468064	8.769642570116237e-06	19
GO_REGULATION_OF_EMBRYONIC_DEVELOPMENT	1.1880498166	7.168504110914552e-08	40
GO_MACROMOLECULAR_COMPLEX_REMODELING	1.87476581613	0.00010289039302029521	9
GO_POSITIVE_REGULATION_OF_LEUKOCYTE_CHEMOTAXIS	1.44592251732	8.803271071208878e-10	36
GO_KIDNEY_EPITHELIUM_DEVELOPMENT	1.17821162428	2.0768198932072764e-08	44
GO_PARAXIAL_MESODERM_DEVELOPMENT	1.49838993722	0.0028885057952760945	8
GO_POSITIVE_REGULATION_OF_NEUROBLAST_PROLIFERATION	1.70484081468	0.0008286355202058762	8
GO_CELLULAR_RESPONSE_TO_CALCIUM_ION	1.40528053282	1.4441660296151453e-05	19
GO_NEGATIVE_REGULATION_OF_APOPTOTIC_SIGNALING_PATHWAY	0.522094197808	0.005793960639335288	45
GO_REGULATION_OF_LIPASE_ACTIVITY	1.18288811149	3.281038162321007e-06	30
GO_CARDIOCYTE_DIFFERENTIATION	1.1889626259	6.59601979156198e-07	34
GO_MESONEPHRIC_TUBULE_MORPHOGENESIS	1.29565604165	5.5857670860881655e-05	19
GO_T_CELL_DIFFERENTIATION_INVOLVED_IN_IMMUNE_RESPONSE	1.00673115633	0.012893466227246528	11
GO_LYMPHOCYTE_MIGRATION	1.31781769157	0.00017149516629016924	16
GO_NEPHRIC_DUCT_DEVELOPMENT	1.51219573674	0.004994269950730636	7
GO_REGULATION_OF_SEQUESTERING_OF_CALCIUM_ION	0.674097291253	0.008972646532262192	25
GO_REGULATION_OF_CALCIUM_ION_IMPORT	0.983816764387	0.00013704254911527306	28
GO_MYELOID_LEUKOCYTE_DIFFERENTIATION	1.03024110148	2.229890219092979e-05	32
GO_REGULATION_OF_CELL_MATRIX_ADHESION	0.959480779775	0.00014826841557379162	29
GO_POSITIVE_REGULATION_OF_CELL_ACTIVATION	0.670377405116	2.3904156576510126e-05	70
GO_ODONTOGENESIS_OF_DENTIN_CONTAINING_TOOTH	1.02676890957	0.0007680502329989111	20
GO_PROTEIN_LIPID_COMPLEX_SUBUNIT_ORGANIZATION	1.27974965074	0.002334956722077342	11
GO_AGING	0.64372930038	9.546140315532352e-05	64
GO_CELL_PROJECTION_ASSEMBLY	0.939306068321	8.675641014261013e-10	80
GO_REGULATION_OF_ADAPTIVE_IMMUNE_RESPONSE	0.76142434305	0.0011574244656062484	32
GO_LUNG_MORPHOGENESIS	1.02676890957	0.003394135185952708	15
GO_MYELOID_CELL_DIFFERENTIATION	0.662438372322	0.00042812177266223763	49
GO_NEGATIVE_REGULATION_OF_DEVELOPMENTAL_GROWTH	1.34638684377	9.71782387009466e-09	36
GO_SKELETAL_SYSTEM_MORPHOGENESIS	0.568779265108	0.0040576119528141115	42
GO_REGULATION_OF_CYTOKINE_SECRETION	1.26510287478	2.6856884594578136e-10	49
GO_POSITIVE_REGULATION_OF_BMP_SIGNALING_PATHWAY	1.27974965074	0.002334956722077342	11
GO_SEGMENT_SPECIFICATION	1.59792561077	0.001613929383271917	8
GO_REGULATION_OF_MAST_CELL_ACTIVATION_INVOLVED_IN_IMMUNE_RESPONSE	1.16427243332	0.004994964913401216	11
GO_POSITIVE_REGULATION_OF_CYTOSKELETON_ORGANIZATION	0.578429435141	0.0035580496328425186	42
GO_REGULATION_OF_LIPID_TRANSPORT	0.862753298424	0.001970256904002876	23
GO_HINDLIMB_MORPHOGENESIS	1.27974965074	0.002334956722077342	11
GO_POSITIVE_REGULATION_OF_MACROPHAGE_CHEMOTAXIS	1.94584891419	0.00015272288686792685	8
GO_POSITIVE_REGULATION_OF_CYTOKINE_BIOSYNTHETIC_PROCESS	0.820318032104	0.010036071923453987	17
GO_LACTATE_TRANSMEMBRANE_TRANSPORT	1.75320383625	0.001369195172759934	7
GO_REGULATION_OF_INTERLEUKIN_17_PRODUCTION	1.47239472868	0.0005759877377098902	11
GO_PHOSPHATIDYLCHOLINE_METABOLIC_PROCESS	0.907780873354	0.005088701954790614	17
GO_EMBRYONIC_HEART_TUBE_DEVELOPMENT	1.47683379385	6.59885277760308e-09	31
GO_ESTABLISHMENT_OR_MAINTENANCE_OF_MONOPOLAR_CELL_POLARITY	1.40528053282	0.008374610518264373	7
GO_CENTRAL_NERVOUS_SYSTEM_NEURON_DEVELOPMENT	0.990243033546	0.0019398832832496808	18
GO_EMBRYONIC_PLACENTA_DEVELOPMENT	1.09333652651	2.0276691700215307e-05	29
GO_FIBRINOLYSIS	1.51219573674	0.004994269950730636	7
GO_POSITIVE_REGULATION_OF_BIOMINERAL_TISSUE_DEVELOPMENT	1.31217112843	0.0002881967866850129	15
GO_LIPID_LOCALIZATION	0.525870673638	0.0027714132480988456	53
GO_ENTEROENDOCRINE_CELL_DIFFERENTIATION	1.62767295416	0.0027512360266554285	7
GO_REGULATION_OF_EPITHELIAL_CELL_DIFFERENTIATION	0.910515841075	0.00011519397560499733	33
GO_POSITIVE_REGULATION_OF_HOMEOSTATIC_PROCESS	0.610599440802	0.0010362299549159315	49
GO_NOTOCHORD_DEVELOPMENT	1.51219573674	0.004994269950730636	7
GO_FORMATION_OF_PRIMARY_GERM_LAYER	1.29238647642	1.5914518153845842e-09	43
GO_DIGESTION	1.15735301938	4.377511336777524e-05	24
GO_ENDOCRINE_PANCREAS_DEVELOPMENT	1.46186406119	0.00019998137139415245	13
GO_PEPTIDE_TRANSPORT	0.848887184301	0.008082866871383631	17
GO_NEGATIVE_REGULATION_OF_TRANSPORTER_ACTIVITY	0.820318032104	0.012296265648782095	16
GO_HORMONE_METABOLIC_PROCESS	0.693405919622	0.004178770475972126	29
GO_SYNAPSE_ASSEMBLY	0.792303655934	0.012346086075851352	17
GO_POSITIVE_REGULATION_OF_ENDOCYTOSIS	1.31413264477	2.3095338993907308e-10	46
GO_CILIUM_ORGANIZATION	0.950714669359	3.3816876983751563e-07	54
GO_ALPHA_AMINO_ACID_CATABOLIC_PROCESS	0.756187694684	0.006707644153372626	22
GO_STAT_CASCADE	0.990243033546	0.004497218384170463	15
GO_POSITIVE_REGULATION_OF_EPITHELIAL_CELL_PROLIFERATION	1.13780022196	1.837899918675425e-09	54
GO_CENTRAL_NERVOUS_SYSTEM_NEURON_DIFFERENTIATION	0.735429134517	0.0013775887070969996	33
GO_NEGATIVE_REGULATION_OF_SMOOTH_MUSCLE_CELL_PROLIFERATION	1.40528053282	6.864230199093867e-05	16
GO_AMINO_ACID_IMPORT	1.53081141491	0.008698947558496664	6
GO_MESENCHYME_DEVELOPMENT	1.38538097539	7.35112897585489e-17	72
GO_RESPONSE_TO_ORGANOPHOSPHORUS	1.09715823746	2.868144760165327e-07	42
GO_ENDOTHELIAL_CELL_DIFFERENTIATION	1.40528053282	3.0567422344309596e-08	31
GO_OVULATION	1.76785061221	0.00023966512290486076	9
GO_DEFENSE_RESPONSE_TO_BACTERIUM	1.31467798404	6.32744411410615e-12	54
GO_POSITIVE_REGULATION_OF_INTERLEUKIN_6_PRODUCTION	1.24178180054	8.89526426279357e-06	25
GO_POSITIVE_REGULATION_OF_CYTOKINE_PRODUCTION_INVOLVED_IN_IMMUNE_RESPONSE	1.29836532891	0.0008174027874054776	13
GO_NEPHRON_EPITHELIUM_DEVELOPMENT	1.28329000845	9.67237913288093e-08	34
GO_POSITIVE_REGULATION_OF_GROWTH	0.612722612695	0.00045741993833585073	56
GO_REGULATION_OF_REGULATED_SECRETORY_PATHWAY	0.689073498825	0.005056467475308588	28
GO_REGULATION_OF_CELL_PROLIFERATION_INVOLVED_IN_KIDNEY_DEVELOPMENT	1.53081141491	0.008698947558496664	6
GO_REGULATION_OF_B_CELL_ACTIVATION	0.627672954161	0.00949551333726224	28
GO_EMBRYONIC_PATTERN_SPECIFICATION	0.913427436495	0.006204927829939164	16
GO_POSITIVE_REGULATION_OF_CATION_CHANNEL_ACTIVITY	1.18288811149	0.0029941647234386286	12
GO_NEURON_PROJECTION_EXTENSION	1.06647861937	0.0013078786103748652	17
GO_POSITIVE_REGULATION_OF_CHEMOTAXIS	1.48471500032	4.2648586001456244e-15	56
GO_VASCULAR_ENDOTHELIAL_GROWTH_FACTOR_RECEPTOR_SIGNALING_PATHWAY	0.935795249524	0.00043038167960694404	26
GO_SENSORY_ORGAN_MORPHOGENESIS	0.715348472502	9.095202976901602e-05	53
GO_OUTFLOW_TRACT_MORPHOGENESIS	1.60557918331	4.731643304633575e-09	27
GO_NEGATIVE_REGULATION_OF_EPITHELIAL_CELL_APOPTOTIC_PROCESS	1.35465445975	0.0003126747487613117	14
GO_POSITIVE_REGULATION_OF_CALCIUM_ION_IMPORT	1.40528053282	5.138415407508275e-06	21
GO_BROWN_FAT_CELL_DIFFERENTIATION	1.2898033154	0.0013801209144659043	12
GO_T_CELL_MIGRATION	1.40528053282	0.008374610518264373	7
GO_POSITIVE_REGULATION_OF_INNATE_IMMUNE_RESPONSE	0.445922517322	0.008628657697416938	54
GO_POSITIVE_REGULATION_OF_MYELOID_LEUKOCYTE_MEDIATED_IMMUNITY	1.59792561077	0.001613929383271917	8
GO_REGULATION_OF_ACTIVATED_T_CELL_PROLIFERATION	1.03604672316	0.00796139654061984	12
GO_REGULATION_OF_TYROSINE_PHOSPHORYLATION_OF_STAT_PROTEIN	1.17395498672	5.0502857252482717e-05	23
GO_POSITIVE_REGULATION_OF_ACUTE_INFLAMMATORY_RESPONSE	1.47239472868	0.0005759877377098902	11
GO_POSITIVE_REGULATION_OF_RESPONSE_TO_BIOTIC_STIMULUS	1.08335243794	0.005871844393643648	12
GO_IMPORT_INTO_CELL	1.19882965536	0.001795298873384945	13
GO_REGULATION_OF_VASCULAR_ENDOTHELIAL_GROWTH_FACTOR_RECEPTOR_SIGNALING_PATHWAY	1.46186406119	0.00019998137139415245	13
GO_REGULATION_OF_LEUKOCYTE_APOPTOTIC_PROCESS	0.884448369523	0.0015701798599243883	23
GO_NEGATIVE_REGULATION_OF_IMMUNE_EFFECTOR_PROCESS	0.856387286811	0.0009051900200304211	27
GO_NEURAL_CREST_CELL_MIGRATION	1.40528053282	5.138415407508275e-06	21
GO_REGULATION_OF_PEPTIDYL_TYROSINE_PHOSPHORYLATION	0.836712470354	2.080317644981884e-06	59
GO_POSITIVE_REGULATION_OF_MACROPHAGE_DERIVED_FOAM_CELL_DIFFERENTIATION	1.8203180321	0.0022374061882416683	6
GO_LYMPHOCYTE_CHEMOTAXIS	1.40528053282	0.0005618830885346742	12
GO_CHEMICAL_HOMEOSTASIS_WITHIN_A_TISSUE	2.04271045344	0.00021350903171264493	7
GO_NEURAL_PRECURSOR_CELL_PROLIFERATION	1.06967750104	0.00035690061138477896	21
GO_NEGATIVE_REGULATION_OF_PLATELET_ACTIVATION	1.72720862771	0.00014833224640469967	10
GO_CARDIAC_CONDUCTION	0.894318613548	0.002819041782557224	20
GO_POSITIVE_REGULATION_OF_ORGAN_GROWTH	1.2584391445	0.0007317924751186236	14
GO_REGULATION_OF_MYELOID_CELL_DIFFERENTIATION	0.810122264998	3.70093993979546e-05	47
GO_VENOUS_BLOOD_VESSEL_DEVELOPMENT	1.62767295416	0.0027512360266554285	7
GO_CELLULAR_RESPONSE_TO_DRUG	1.01623824208	0.0006414278496294042	21
GO_RESPONSE_TO_LOW_DENSITY_LIPOPROTEIN_PARTICLE	1.70484081468	0.0008286355202058762	8
GO_NEGATIVE_REGULATION_OF_MYELOID_LEUKOCYTE_DIFFERENTIATION	1.28329000845	0.00015594630517472893	17
GO_RESPONSE_TO_NUTRIENT	0.943549798098	1.9608451302649832e-07	57
GO_PHOSPHOLIPASE_C_ACTIVATING_G_PROTEIN_COUPLED_RECEPTOR_SIGNALING_PATHWAY	1.24300910393	4.518570127852428e-05	21
GO_NEGATIVE_CHEMOTAXIS	1.60881392691	8.853047671489194e-07	19
GO_NEGATIVE_REGULATION_OF_CELL_PROJECTION_ORGANIZATION	0.931349344492	4.716851962663367e-06	45
GO_POSITIVE_REGULATION_OF_ION_TRANSPORT	0.914954906242	1.0609302746282042e-07	63
GO_CELL_RECOGNITION	0.765870248081	0.0030604592646143974	26
GO_NEGATIVE_REGULATION_OF_CYTOKINE_PRODUCTION	0.768787731464	2.1484090672937315e-05	55
GO_NEGATIVE_REGULATION_OF_STEM_CELL_PROLIFERATION	1.66831493866	0.0004986750227948719	9
GO_REVERSE_CHOLESTEROL_TRANSPORT	1.75320383625	0.001369195172759934	7
GO_SIGNAL_RELEASE	0.603826212207	0.005437163836368873	35
GO_INACTIVATION_OF_MAPK_ACTIVITY	1.22085596169	0.003465607837055833	11
GO_MONOCARBOXYLIC_ACID_BIOSYNTHETIC_PROCESS	0.715981372289	0.0006182422754571125	40
GO_NEGATIVE_REGULATION_OF_VASCULATURE_DEVELOPMENT	1.51219573674	2.9008168086506857e-10	35
GO_REGULATION_OF_LEUKOCYTE_MEDIATED_IMMUNITY	0.855083450264	4.147695767751483e-05	42
GO_RESPONSE_TO_NITRIC_OXIDE	1.23535553138	0.011485665508176972	8
GO_GLOMERULAR_EPITHELIUM_DEVELOPMENT	1.63974578646	0.0002992292529732429	10
GO_POSITIVE_REGULATION_OF_CALCIUM_ION_TRANSMEMBRANE_TRANSPORTER_ACTIVITY	1.16427243332	0.004994964913401216	11
GO_REGULATION_OF_HEART_GROWTH	1.18288811149	0.0009350231600401538	15
GO_REGULATION_OF_NEUROBLAST_PROLIFERATION	1.69478715002	9.103136559487369e-05	11
GO_PROTEIN_AUTOPHOSPHORYLATION	0.47763137705	0.009661027589669535	46
GO_ORGANIC_ACID_TRANSPORT	0.54632441428	0.002391310051651872	51
GO_MONOAMINE_TRANSPORT	1.23535553138	0.011485665508176972	8
GO_MATERNAL_PROCESS_INVOLVED_IN_FEMALE_PREGNANCY	0.931349344492	0.0032699595778877804	18
GO_BONE_MINERALIZATION	1.0573572294	0.009611582073492702	11
GO_CELLULAR_COMPONENT_ASSEMBLY_INVOLVED_IN_MORPHOGENESIS	0.915314546039	3.332348299456648e-08	68
GO_CELLULAR_RESPONSE_TO_VITAMIN_D	1.62767295416	0.0027512360266554285	7
GO_RENAL_SYSTEM_PROCESS	1.32281837263	4.1604598186034884e-08	34
GO_DEVELOPMENT_OF_PRIMARY_SEXUAL_CHARACTERISTICS	0.650393030661	0.0005985309734364375	48
GO_NEGATIVE_REGULATION_OF_INFLAMMATORY_RESPONSE	0.838239940101	0.0011240906804446432	27
GO_CELL_COMMUNICATION_BY_ELECTRICAL_COUPLING	1.76785061221	0.00023966512290486076	9
GO_LEUKOTRIENE_BIOSYNTHETIC_PROCESS	1.59792561077	0.001613929383271917	8
GO_MULTICELLULAR_ORGANISMAL_HOMEOSTASIS	0.987774777955	8.502222283053192e-10	73
GO_NEGATIVE_REGULATION_OF_NEURAL_PRECURSOR_CELL_PROLIFERATION	1.40528053282	0.0028009994435685957	9
GO_REGULATION_OF_TRANSPORTER_ACTIVITY	0.617688865589	0.0020502953636509216	42
GO_POSITIVE_REGULATION_OF_KIDNEY_DEVELOPMENT	1.45419013331	7.007346209585086e-05	15
GO_MESONEPHROS_DEVELOPMENT	1.16965228433	2.862470516800129e-06	31
GO_REGULATION_OF_PROTEIN_IMPORT	0.791171686444	3.7623156738671564e-05	49
GO_HYALURONAN_METABOLIC_PROCESS	1.08335243794	0.011579949942098183	10
GO_REGULATION_OF_METANEPHROS_DEVELOPMENT	1.54278405657	0.0003305111156775345	11
GO_COLLAGEN_FIBRIL_ORGANIZATION	1.65320804627	4.564781283069236e-07	19
GO_BRANCHING_INVOLVED_IN_URETERIC_BUD_MORPHOGENESIS	1.06132613161	0.004901352845478382	13
GO_NEGATIVE_REGULATION_OF_INTERFERON_GAMMA_PRODUCTION	1.2898033154	0.0013801209144659043	12
GO_TRANSMEMBRANE_RECEPTOR_PROTEIN_SERINE_THREONINE_KINASE_SIGNALING_PATHWAY	1.00587368526	2.645726189330389e-08	58
GO_CARDIAC_SEPTUM_MORPHOGENESIS	1.36965662309	1.3835122366146349e-05	20
GO_REGULATION_OF_JNK_CASCADE	0.570339779095	0.006562658861567367	37
GO_CANONICAL_WNT_SIGNALING_PATHWAY	0.890707359995	0.00047549613104874055	28
GO_REACTIVE_OXYGEN_SPECIES_METABOLIC_PROCESS	0.75891748744	0.005507524148198854	23
GO_DENDRITIC_CELL_DIFFERENTIATION	1.29836532891	0.0008174027874054776	13
GO_LEUKOCYTE_MEDIATED_IMMUNITY	0.856843908129	6.057621119945207e-05	40
GO_NEGATIVE_REGULATION_OF_RECEPTOR_BINDING	1.8203180321	0.0022374061882416683	6
GO_POSITIVE_REGULATION_OF_PROTEIN_KINASE_B_SIGNALING	1.1749829134	1.6408527983884097e-05	26
GO_METANEPHROS_DEVELOPMENT	0.974646178495	0.000584027646522407	23
GO_TISSUE_REMODELING	1.28329000845	9.67237913288093e-08	34
GO_CHEMOKINE_MEDIATED_SIGNALING_PATHWAY	1.31413264477	7.21826100922935e-06	23
GO_NEGATIVE_REGULATION_OF_HOMOTYPIC_CELL_CELL_ADHESION	1.17081527919	9.402767274876839e-07	34
GO_POSITIVE_REGULATION_OF_MONOCYTE_CHEMOTAXIS	1.40528053282	0.008374610518264373	7
GO_RESPONSE_TO_HEAT	1.05164357821	7.044217494978411e-05	27
GO_REGULATION_OF_MICROVILLUS_ORGANIZATION	1.89070736	0.0005950764453629241	7
GO_KIDNEY_MESENCHYME_DEVELOPMENT	1.59792561077	0.001613929383271917	8
GO_GLOMERULUS_DEVELOPMENT	1.86762374688	3.246251877745271e-13	31
GO_REGULATION_OF_MUSCLE_CONTRACTION	0.848887184301	0.00023564807701680507	34
GO_ESTABLISHMENT_OR_MAINTENANCE_OF_CELL_POLARITY	0.562006036512	0.009751690978558415	34
GO_RESPONSE_TO_ATP	1.52075775024	0.00011599753694296441	13
GO_NEGATIVE_REGULATION_OF_CELL_SUBSTRATE_ADHESION	1.43844739676	1.866822683328046e-06	22
GO_REGULATION_OF_ADHERENS_JUNCTION_ORGANIZATION	0.913427436495	0.006204927829939164	16
GO_REGULATION_OF_BLOOD_CIRCULATION	0.848063022587	1.731599613195927e-07	70
GO_POSITIVE_REGULATION_OF_OSSIFICATION	1.31781769157	1.145133748404483e-07	32
GO_REGULATION_OF_CELL_FATE_SPECIFICATION	1.66831493866	0.004700900802752274	6
GO_REGULATION_OF_ERK1_AND_ERK2_CASCADE	1.02842622743	1.0593536374906996e-09	67
GO_REGULATION_OF_NUCLEOCYTOPLASMIC_TRANSPORT	0.670940408066	0.00016738128539846563	55
GO_CYCLOOXYGENASE_PATHWAY	1.8203180321	0.0022374061882416683	6
GO_POSITIVE_REGULATION_OF_HEMOPOIESIS	0.710135114353	0.0005037712080179232	42
GO_MAMMARY_GLAND_DUCT_MORPHOGENESIS	1.2898033154	0.0013801209144659043	12
GO_POSITIVE_REGULATION_OF_EPITHELIAL_CELL_APOPTOTIC_PROCESS	1.25327743938	0.006733076978819486	9
GO_REGULATION_OF_STAT_CASCADE	0.919853705655	6.232026504928692e-05	35
GO_OUTFLOW_TRACT_SEPTUM_MORPHOGENESIS	1.66831493866	0.004700900802752274	6
GO_POSITIVE_REGULATION_OF_TRANSMEMBRANE_TRANSPORT	1.06899714496	9.953608756318526e-07	40
GO_NEGATIVE_REGULATION_OF_PROTEIN_SECRETION	0.839683356971	0.00165900343299235	25
GO_REGULATION_OF_RENAL_SYSTEM_PROCESS	1.68907349883	1.0336388019614551e-05	14
GO_TRABECULA_MORPHOGENESIS	1.01825740972	0.006585925306395987	13
GO_REGULATION_OF_TRANSMEMBRANE_RECEPTOR_PROTEIN_SERINE_THREONINE_KINASE_SIGNALING_PATHWAY	0.923411525068	2.6623139812669613e-07	58
GO_NEGATIVE_REGULATION_OF_NEURON_DIFFERENTIATION	1.02485678863	1.519236092286493e-08	58
GO_REGULATION_OF_CYTOKINE_PRODUCTION_INVOLVED_IN_IMMUNE_RESPONSE	1.18288811149	9.526446748859437e-05	21
GO_REGULATION_OF_PROTEIN_LOCALIZATION_TO_NUCLEUS	0.644468196704	0.0003173334572200622	54
GO_MESODERM_DEVELOPMENT	1.04271045344	7.4928664646467226e-06	35
GO_ACUTE_INFLAMMATORY_RESPONSE	0.980782704297	0.001608048063824876	19
GO_LYMPHOCYTE_MEDIATED_IMMUNITY	0.853870591815	0.0006151881097761878	29
GO_BLOOD_VESSEL_ENDOTHELIAL_CELL_MIGRATION	1.47239472868	0.0005759877377098902	11
GO_MUSCLE_SYSTEM_PROCESS	0.929131519243	2.03723638068401e-09	78
GO_REGULATION_OF_ODONTOGENESIS	1.48774269302	0.0016802380278508942	9
GO_DORSAL_VENTRAL_PATTERN_FORMATION	0.76785061221	0.012299128060631399	18
GO_RESPONSE_TO_MECHANICAL_STIMULUS	0.979015778123	1.2027932695911347e-08	64
GO_REGULATION_OF_FIBROBLAST_PROLIFERATION	1.01042091548	0.0001249613559483772	27
GO_AMINOGLYCAN_METABOLIC_PROCESS	0.820318032104	5.3366135605090156e-05	44
GO_SOMITE_DEVELOPMENT	0.820318032104	0.0054953534536577985	20
GO_LEUKOCYTE_DIFFERENTIATION	0.709286719715	4.28214190885866e-06	75
GO_RESPONSE_TO_LIPOPROTEIN_PARTICLE	1.48774269302	0.0016802380278508942	9
GO_MACROPHAGE_DIFFERENTIATION	1.48774269302	0.0016802380278508942	9
GO_REGULATION_OF_VASCULOGENESIS	1.51219573674	0.004994269950730636	7
GO_RETINA_DEVELOPMENT_IN_CAMERA_TYPE_EYE	0.697461284318	0.0034542379249439727	30
GO_NEGATIVE_REGULATION_OF_EMBRYONIC_DEVELOPMENT	1.40528053282	0.0009563443095570417	11
GO_BASEMENT_MEMBRANE_ORGANIZATION	1.75320383625	0.001369195172759934	7
GO_NEGATIVE_REGULATION_OF_IMMUNE_RESPONSE	0.804376488235	0.0009511427962756846	30
GO_HORMONE_TRANSPORT	0.874765816126	0.0052801604318164184	18
GO_SEGMENTATION	0.915895692086	0.0005498782063140148	26
GO_VASCULOGENESIS	1.22085596169	4.005898220572755e-05	22
GO_REGULATION_OF_GRANULOCYTE_CHEMOTAXIS	1.44834925472	2.472354135310793e-05	17
GO_CELLULAR_RESPONSE_TO_PEPTIDE	0.652861286252	6.871019050017501e-05	65
GO_HEART_MORPHOGENESIS	1.30687682876	9.026372762154725e-18	85
GO_AUTONOMIC_NERVOUS_SYSTEM_DEVELOPMENT	1.23535553138	0.0020612667508458603	12
GO_POSITIVE_REGULATION_OF_MAP_KINASE_ACTIVITY	0.698572759751	0.00012711092256280956	53
GO_REGULATION_OF_CAMP_METABOLIC_PROCESS	0.990243033546	7.297785775034406e-05	30
GO_REGULATION_OF_NUCLEOTIDE_METABOLIC_PROCESS	0.768971152104	9.715256600158269e-05	46
GO_GLAND_MORPHOGENESIS	1.04772852821	1.6699273057060094e-05	32
GO_DEVELOPMENTAL_GROWTH_INVOLVED_IN_MORPHOGENESIS	1.11577391563	1.3758955111059149e-06	36
GO_REGULATION_OF_INTERLEUKIN_13_PRODUCTION	1.40528053282	0.008374610518264373	7
GO_MYELOID_LEUKOCYTE_MIGRATION	1.50346092676	6.40392950126253e-11	38
GO_REGULATION_OF_ORGAN_GROWTH	1.10759998418	8.512323012205773e-05	24
GO_TUBE_FORMATION	0.685388452018	0.002259030215180588	34
GO_MULTICELLULAR_ORGANISMAL_WATER_HOMEOSTASIS	1.40528053282	8.610084480580645e-06	20
GO_VENTRICULAR_SYSTEM_DEVELOPMENT	1.08335243794	0.011579949942098183	10
GO_PROSTANOID_METABOLIC_PROCESS	1.54278405657	0.0003305111156775345	11
GO_CELLULAR_RESPONSE_TO_VASCULAR_ENDOTHELIAL_GROWTH_FACTOR_STIMULUS	1.63476237895	2.383527883815995e-06	17
GO_REGULATION_OF_ACTIN_FILAMENT_BUNDLE_ASSEMBLY	0.731508765146	0.00983534151258517	21
GO_POSITIVE_REGULATION_OF_TRANSCRIPTION_FACTOR_IMPORT_INTO_NUCLEUS	0.92723323602	0.00924916390344167	14
GO_ACTIN_CYTOSKELETON_REORGANIZATION	0.999288173149	0.001017231821882917	20
GO_EXTRACELLULAR_MATRIX_DISASSEMBLY	1.50481620638	6.336454405185436e-09	30
GO_ACTIN_MEDIATED_CELL_CONTRACTION	0.866860618041	0.002916400948407188	21
GO_DEVELOPMENTAL_CELL_GROWTH	0.890707359995	0.0023181912373256585	21
GO_PROTEIN_SECRETION	0.748168246348	0.0036910762346833	26
GO_POSITIVE_REGULATION_OF_LEUKOCYTE_MEDIATED_IMMUNITY	0.924153843088	0.0008048150799785204	24
GO_REGULATION_OF_VASODILATION	1.15152394058	0.0025633868277509016	13
GO_NEGATIVE_REGULATION_OF_FAT_CELL_DIFFERENTIATION	1.18288811149	0.0009350231600401538	15
GO_BIOMINERAL_TISSUE_DEVELOPMENT	1.02061668259	0.0014680740151179318	18
GO_EPITHELIAL_CELL_MORPHOGENESIS	1.52392502932	2.9729426776470443e-06	19
GO_EPIBOLY	1.40528053282	0.0028009994435685957	9
GO_UNSATURATED_FATTY_ACID_METABOLIC_PROCESS	1.2898033154	4.80296671820282e-07	30
GO_TRANSCYTOSIS	1.89070736	0.0005950764453629241	7
GO_EPIDERMIS_MORPHOGENESIS	1.25327743938	0.006733076978819486	9
GO_PATTERN_RECOGNITION_RECEPTOR_SIGNALING_PATHWAY	0.633904907873	0.007884144397515539	29
GO_REGULATION_OF_STEM_CELL_DIFFERENTIATION	0.907780873354	9.544593437075567e-05	34
GO_CELLULAR_RESPONSE_TO_INORGANIC_SUBSTANCE	0.990243033546	2.9223609473758057e-06	42
GO_POSITIVE_REGULATION_OF_PHOSPHOLIPID_METABOLIC_PROCESS	1.22470828718	0.0006460950896185736	15
GO_EPIDERMIS_DEVELOPMENT	0.763734503737	5.503280266268712e-05	50
GO_RESPONSE_TO_MAGNESIUM_ION	1.55728362627	0.0005594766122152198	10
GO_RENAL_SYSTEM_PROCESS_INVOLVED_IN_REGULATION_OF_BLOOD_VOLUME	1.94584891419	0.00015272288686792685	8
GO_POSITIVE_REGULATION_OF_CELL_MATRIX_ADHESION	1.04271045344	0.004082006731321894	14
GO_POSITIVE_REGULATION_OF_RESPONSE_TO_WOUNDING	1.49691100829	1.5297061408183103e-17	65
GO_CELL_MATURATION	0.804887991534	0.0007840743199619753	31
GO_POSITIVE_REGULATION_OF_IMMUNE_EFFECTOR_PROCESS	1.00567307412	5.376177138870543e-07	47
GO_PLATELET_ACTIVATION	0.854265364027	3.432809180328205e-05	43
GO_REGULATION_OF_MEMBRANE_POTENTIAL	0.434664339606	0.006225241279568059	62
GO_NEUROBLAST_PROLIFERATION	1.14224612699	0.00833421310007556	10
GO_EMBRYONIC_DIGESTIVE_TRACT_DEVELOPMENT	1.40528053282	0.0003310757258523319	13
GO_ENDOCRINE_PROCESS	1.00673115633	0.012893466227246528	11
GO_POSITIVE_REGULATION_OF_MEMBRANE_INVAGINATION	1.53081141491	0.008698947558496664	6
GO_ACTIN_FILAMENT_BASED_MOVEMENT	0.727208627712	0.005376736524326348	25
GO_REGULATION_OF_LYMPHOCYTE_DIFFERENTIATION	0.645231325546	0.005435051543347149	31
GO_HEMOSTASIS	0.92723323602	5.33006349222089e-10	84
GO_MONOCYTE_CHEMOTAXIS	1.51219573674	6.88870169288928e-05	14
GO_CELLULAR_RESPONSE_TO_REACTIVE_OXYGEN_SPECIES	0.704840814684	0.004271960603429193	28
GO_REGULATION_OF_PROTEIN_KINASE_C_SIGNALING	1.66831493866	0.004700900802752274	6
GO_LUNG_ALVEOLUS_DEVELOPMENT	1.14224612699	0.0013258943274413295	15
GO_APPENDAGE_DEVELOPMENT	0.994347431879	1.5676848040829243e-06	44
GO_ATRIOVENTRICULAR_VALVE_DEVELOPMENT	1.48774269302	0.0016802380278508942	9
GO_CARDIAC_CELL_DEVELOPMENT	1.2898033154	9.329919889486107e-05	18
GO_PALATE_DEVELOPMENT	0.860960016601	0.001620869058959924	24
GO_CELL_CELL_ADHESION_VIA_PLASMA_MEMBRANE_ADHESION_MOLECULES	1.17821162428	2.0768198932072764e-08	44
GO_ACTIVATION_OF_PHOSPHOLIPASE_C_ACTIVITY	1.08335243794	0.011579949942098183	10
GO_SKIN_DEVELOPMENT	0.904586949001	5.25439248581181e-06	47
GO_CELLULAR_RESPONSE_TO_EXTERNAL_STIMULUS	0.56238149391	0.0005873325231957549	63
GO_NEGATIVE_REGULATION_OF_INTERLEUKIN_10_PRODUCTION	1.40528053282	0.008374610518264373	7
GO_WOUND_HEALING_SPREADING_OF_EPIDERMAL_CELLS	1.99024303355	0.0008881414172349471	6
GO_DEFENSE_RESPONSE_TO_FUNGUS	1.48774269302	0.0016802380278508942	9
GO_CELL_DIFFERENTIATION_INVOLVED_IN_METANEPHROS_DEVELOPMENT	2.04271045344	0.00021350903171264493	7
GO_NEGATIVE_REGULATION_OF_EPITHELIAL_CELL_MIGRATION	1.34115019541	7.781023370618314e-06	22
GO_POSITIVE_REGULATION_OF_RECEPTOR_MEDIATED_ENDOCYTOSIS	1.06424361499	0.002522948613450332	15
GO_MUSCLE_TISSUE_DEVELOPMENT	0.983323619606	2.6950238106909863e-10	78
GO_POSITIVE_REGULATION_OF_TUMOR_NECROSIS_FACTOR_SUPERFAMILY_CYTOKINE_PRODUCTION	0.925287591705	0.002692111877802965	19
GO_HUMORAL_IMMUNE_RESPONSE	1.27816861492	1.9543864318340114e-08	38
GO_CELLULAR_RESPONSE_TO_MECHANICAL_STIMULUS	0.919853705655	0.0006651876810533497	25
GO_HETEROTYPIC_CELL_CELL_ADHESION	1.47928111427	0.000981909225755211	10
GO_RESPONSE_TO_VIRUS	0.525574766543	0.0035973003792188515	50
GO_AMINOGLYCAN_CATABOLIC_PROCESS	0.952768328127	0.002091683178423948	19
GO_CELL_DIFFERENTIATION_INVOLVED_IN_KIDNEY_DEVELOPMENT	1.69901173588	2.2541669471430144e-07	19
GO_REGULATION_OF_TUMOR_NECROSIS_FACTOR_SUPERFAMILY_CYTOKINE_PRODUCTION	0.885906373731	0.00032452026371297476	30
GO_RESPONSE_TO_VITAMIN_D	1.45774795272	0.0001182618409143499	14
GO_ORGANONITROGEN_COMPOUND_CATABOLIC_PROCESS	0.536785315953	0.0007422197425006308	66
GO_PLACENTA_DEVELOPMENT	1.01136632511	1.422350458622249e-06	43
GO_OXYGEN_TRANSPORT	2.08335243794	0.0053835457497113035	4
GO_REGULATION_OF_LEUKOCYTE_CHEMOTAXIS	1.49381720743	8.534790879554386e-12	42
GO_POSITIVE_REGULATION_OF_RELEASE_OF_SEQUESTERED_CALCIUM_ION_INTO_CYTOSOL	1.15152394058	0.0025633868277509016	13
GO_NEGATIVE_REGULATION_OF_BMP_SIGNALING_PATHWAY	1.01825740972	0.006585925306395987	13
GO_PLASMA_LIPOPROTEIN_PARTICLE_CLEARANCE	1.72720862771	0.00014833224640469967	10
GO_EPITHELIAL_TO_MESENCHYMAL_TRANSITION	1.30574485927	2.005838440170373e-05	21
GO_REGULATION_OF_HEART_CONTRACTION	0.801939502789	1.7550780885395168e-05	52
GO_PALLIUM_DEVELOPMENT	0.567031602822	0.010204341591205453	33
GO_POSITIVE_REGULATION_OF_PROTEIN_IMPORT	0.979015778123	5.084514027073276e-05	32
GO_NITRIC_OXIDE_MEDIATED_SIGNAL_TRANSDUCTION	1.8203180321	0.0003820231342567792	8
GO_MOVEMENT_IN_ENVIRONMENT_OF_OTHER_ORGANISM_INVOLVED_IN_SYMBIOTIC_INTERACTION	1.03088501804	9.423072699707744e-05	27
GO_REGULATION_OF_TYROSINE_PHOSPHORYLATION_OF_STAT3_PROTEIN	1.27599751588	0.0002608576623907232	16
GO_PATTERNING_OF_BLOOD_VESSELS	1.65039303066	3.899078206827797e-06	16
GO_SODIUM_ION_TRANSMEMBRANE_TRANSPORT	0.945848914188	0.001727485514969638	20
GO_COLUMNAR_CUBOIDAL_EPITHELIAL_CELL_DIFFERENTIATION	1.05569609503	1.9777286252328136e-05	31
GO_NEGATIVE_REGULATION_OF_MULTICELLULAR_ORGANISMAL_METABOLIC_PROCESS	1.53081141491	0.008698947558496664	6
GO_CARDIAC_MUSCLE_CELL_DIFFERENTIATION	1.15152394058	2.3216254257341075e-05	26
GO_POSITIVE_REGULATION_OF_CAMP_METABOLIC_PROCESS	1.07086149375	0.00018750886808377098	23
GO_ENDOTHELIUM_DEVELOPMENT	1.40528053282	3.135140048824161e-10	40
GO_OVULATION_CYCLE	0.803244518745	0.0014013903544916136	28
GO_REGULATION_OF_NEURAL_PRECURSOR_CELL_PROLIFERATION	1.28498629911	1.0988735260551927e-05	23
GO_POSITIVE_REGULATION_OF_NEURON_PROJECTION_DEVELOPMENT	0.884448369523	6.984261140664701e-08	69
GO_EPITHELIAL_CELL_FATE_COMMITMENT	1.53081141491	0.008698947558496664	6
GO_DEFENSE_RESPONSE_TO_GRAM_NEGATIVE_BACTERIUM	1.35465445975	0.0003126747487613117	14
GO_NEUROEPITHELIAL_CELL_DIFFERENTIATION	1.02061668259	0.0014680740151179318	18
GO_SUBSTRATE_ADHESION_DEPENDENT_CELL_SPREADING	1.51775526208	1.7835635630613307e-06	20
GO_REGULATION_OF_ENDOCYTOSIS	1.09595247472	5.2424731763689327e-11	69
GO_NEGATIVE_REGULATION_OF_LEUKOCYTE_DIFFERENTIATION	1.16824133552	8.742436790136053e-06	28
GO_RESPONSE_TO_REACTIVE_OXYGEN_SPECIES	0.871848332744	1.2808183125891286e-06	57
GO_SPROUTING_ANGIOGENESIS	1.78379215608	1.9809733174232058e-10	26
GO_MUSCLE_CONTRACTION	0.943832568589	2.7873764206827568e-08	65
GO_REGULATION_OF_NATURAL_KILLER_CELL_MEDIATED_IMMUNITY	1.40528053282	0.0005618830885346742	12
GO_PROXIMAL_DISTAL_PATTERN_FORMATION	1.31781769157	0.007625813923682116	8
GO_RESPONSE_TO_INTERFERON_GAMMA	0.926112696126	9.054684254322071e-05	33
GO_REGULATION_OF_LYMPHOCYTE_MIGRATION	1.21263545488	0.0010768113438976384	14
GO_REGULATION_OF_VASCULAR_ENDOTHELIAL_GROWTH_FACTOR_PRODUCTION	1.24773925584	0.001227494318784024	13
GO_ALPHA_BETA_T_CELL_ACTIVATION	0.848887184301	0.008082866871383631	17
GO_SEMAPHORIN_PLEXIN_SIGNALING_PATHWAY	1.73542913452	1.261134902864537e-08	22
GO_REGULATION_OF_LYMPHOCYTE_MEDIATED_IMMUNITY	0.803829909315	0.0011542729445298654	29
GO_POSITIVE_REGULATION_OF_NEURAL_PRECURSOR_CELL_PROLIFERATION	1.27974965074	0.002334956722077342	11
GO_REGULATION_OF_T_CELL_MIGRATION	1.18288811149	0.009837004485718405	9
GO_SALIVARY_GLAND_DEVELOPMENT	1.23535553138	0.0020612667508458603	12
GO_NEGATIVE_REGULATION_OF_CELLULAR_RESPONSE_TO_GROWTH_FACTOR_STIMULUS	0.820318032104	0.0004351435574567448	33
GO_NEGATIVE_REGULATION_OF_ENDOTHELIAL_CELL_APOPTOTIC_PROCESS	1.34115019541	0.001522297973394243	11
GO_MICROGLIAL_CELL_ACTIVATION	1.94584891419	0.00015272288686792685	8
GO_POSITIVE_REGULATION_OF_LYMPHOCYTE_MIGRATION	1.46668107749	0.0003389403127464573	12
GO_NEUROMUSCULAR_JUNCTION_DEVELOPMENT	1.2584391445	0.0007317924751186236	14
GO_POSITIVE_REGULATION_OF_CATION_TRANSMEMBRANE_TRANSPORT	1.01533401451	6.6307427213836e-05	29
GO_REGULATION_OF_INTERLEUKIN_6_PRODUCTION	1.1004259513	3.5582895058063117e-06	34
GO_NEGATIVE_REGULATION_OF_CELL_MORPHOGENESIS_INVOLVED_IN_DIFFERENTIATION	1.2389221464	2.9044830972974124e-09	45
GO_GLANDULAR_EPITHELIAL_CELL_DIFFERENTIATION	1.2898033154	0.0013801209144659043	12
GO_SENSORY_PERCEPTION_OF_PAIN	1.25000230735	2.7268073550366227e-05	22
GO_NEGATIVE_REGULATION_OF_MYOBLAST_DIFFERENTIATION	1.40528053282	0.0016333073357436144	10
GO_RESPONSE_TO_KETONE	0.69478715002	0.0004844840298205789	44
GO_POSITIVE_REGULATION_OF_LIPID_KINASE_ACTIVITY	1.51219573674	6.88870169288928e-05	14
GO_REGULATION_OF_PROTEIN_AUTOPHOSPHORYLATION	1.45108422244	4.1591640333022095e-05	16
GO_TELENCEPHALON_DEVELOPMENT	0.760375491647	2.5853180802806847e-05	55
GO_REGULATION_OF_MONOCYTE_CHEMOTAXIS	1.63974578646	0.0002992292529732429	10
GO_HETEROPHILIC_CELL_CELL_ADHESION_VIA_PLASMA_MEMBRANE_CELL_ADHESION_MOLECULES	1.23535553138	0.0020612667508458603	12
GO_CELL_FATE_COMMITMENT	0.874765816126	2.2450748714999526e-06	54
GO_MUSCLE_CELL_DIFFERENTIATION	0.888489534745	1.4697035087440744e-07	65
GO_POSITIVE_REGULATION_OF_CYCLIC_NUCLEOTIDE_METABOLIC_PROCESS	1.15473707117	7.585424575602417e-06	29
GO_POSITIVE_REGULATION_OF_LIPASE_ACTIVITY	1.1098246493	0.00016160184296768167	22
GO_ENDODERM_FORMATION	1.50716014684	6.426522731992376e-07	22
GO_REGULATION_OF_ENDOTHELIAL_CELL_APOPTOTIC_PROCESS	1.40528053282	4.0770350936831553e-05	17
GO_POSITIVE_REGULATION_OF_ACTIVATED_T_CELL_PROLIFERATION	1.18288811149	0.009837004485718405	9
GO_POSITIVE_REGULATION_OF_ENDOTHELIAL_CELL_CHEMOTAXIS	1.53081141491	0.008698947558496664	6
GO_POSITIVE_REGULATION_OF_STRESS_ACTIVATED_PROTEIN_KINASE_SIGNALING_CASCADE	0.74014768342	0.0009406895256158176	35
GO_FEMALE_SEX_DIFFERENTIATION	0.804376488235	0.0009511427962756846	30
GO_SPHINGOLIPID_MEDIATED_SIGNALING_PATHWAY	1.53081141491	0.008698947558496664	6
GO_RETINA_VASCULATURE_DEVELOPMENT_IN_CAMERA_TYPE_EYE	1.95782155585	6.86071980070364e-06	11
GO_CELLULAR_RESPONSE_TO_NUTRIENT	1.27599751588	0.0002608576623907232	16
GO_ATRIAL_SEPTUM_MORPHOGENESIS	1.66831493866	0.004700900802752274	6
GO_RENAL_WATER_HOMEOSTASIS	1.08335243794	0.011579949942098183	10
GO_GASTRULATION	1.04772852821	1.4627499800710073e-07	48
GO_NEURAL_TUBE_PATTERNING	1.14224612699	0.00833421310007556	10
GO_CARDIAC_LEFT_VENTRICLE_MORPHOGENESIS	1.8203180321	0.0022374061882416683	6
GO_CELLULAR_RESPONSE_TO_HEAT	1.00673115633	0.012893466227246528	11
GO_APICAL_JUNCTION_ASSEMBLY	1.04271045344	0.004082006731321894	14
GO_TERPENOID_METABOLIC_PROCESS	0.983047532142	0.00030954405660830146	25
GO_RESPONSE_TO_INTERLEUKIN_1	0.916533347363	0.00016782553318237848	31
GO_EMBRYONIC_DIGESTIVE_TRACT_MORPHOGENESIS	1.40528053282	0.008374610518264373	7
GO_REGULATION_OF_AXON_GUIDANCE	1.87921172116	4.974408314452128e-11	25
GO_REGULATION_OF_NEUROLOGICAL_SYSTEM_PROCESS	0.919853705655	0.007572253541301591	15
GO_NEGATIVE_REGULATION_OF_ORGAN_GROWTH	1.23535553138	0.011485665508176972	8
GO_HIGH_DENSITY_LIPOPROTEIN_PARTICLE_REMODELING	1.66831493866	0.004700900802752274	6
GO_NEGATIVE_REGULATION_OF_LEUKOCYTE_MIGRATION	1.34115019541	0.001522297973394243	11
GO_NEGATIVE_REGULATION_OF_AXON_EXTENSION	1.40528053282	4.0770350936831553e-05	17
GO_REGULATION_OF_ACUTE_INFLAMMATORY_RESPONSE	1.37671138063	1.0583644187315974e-06	25
GO_NEGATIVE_REGULATION_OF_CHEMOTAXIS	1.66831493866	1.0355639673414643e-08	24
GO_RESPONSE_TO_HYDROGEN_PEROXIDE	0.697461284318	0.0034542379249439727	30
GO_CELL_SUBSTRATE_ADHESION	1.34299625457	3.512131646487795e-15	68
GO_POSITIVE_REGULATION_OF_VASCULAR_ENDOTHELIAL_GROWTH_FACTOR_PRODUCTION	1.27974965074	0.002334956722077342	11
GO_VASCULAR_ENDOTHELIAL_GROWTH_FACTOR_SIGNALING_PATHWAY	2.0573572294	2.2091259935374385e-06	11
GO_POSITIVE_REGULATION_OF_CALCIUM_MEDIATED_SIGNALING	1.16824133552	0.0015484629243462077	14
GO_CYCLIC_NUCLEOTIDE_MEDIATED_SIGNALING	0.976437234021	0.008698862617640822	13
GO_NEGATIVE_REGULATION_OF_EPITHELIAL_CELL_DIFFERENTIATION	1.49838993722	2.439322881289444e-05	16
GO_REGULATION_OF_EPITHELIAL_TO_MESENCHYMAL_TRANSITION	1.07086149375	0.00018750886808377098	23
GO_POSITIVE_REGULATION_OF_NATURAL_KILLER_CELL_MEDIATED_IMMUNITY	1.40528053282	0.004827895855315405	8
GO_OUTER_DYNEIN_ARM_ASSEMBLY	1.99024303355	0.0008881414172349471	6
GO_LYMPH_VESSEL_DEVELOPMENT	2.04271045344	1.0101685861545632e-07	14
GO_DEFENSE_RESPONSE_TO_GRAM_POSITIVE_BACTERIUM	0.990243033546	0.004497218384170463	15
GO_SEMAPHORIN_PLEXIN_SIGNALING_PATHWAY_INVOLVED_IN_NEURON_PROJECTION_GUIDANCE	1.87476581613	0.00010289039302029521	9
GO_NEPHRON_DEVELOPMENT	1.50785026647	3.0344954024331396e-14	51
GO_MUCOPOLYSACCHARIDE_METABOLIC_PROCESS	0.700736416351	0.005175439737690213	27
GO_RENAL_FILTRATION	1.99024303355	0.0008881414172349471	6
GO_MECHANORECEPTOR_DIFFERENTIATION	1.16824133552	0.0015484629243462077	14
GO_RESPONSE_TO_COPPER_ION	1.20364667166	0.005834522942822804	10
GO_REGULATION_OF_LYMPHOCYTE_CHEMOTAXIS	1.40528053282	0.0028009994435685957	9
GO_SEX_DIFFERENTIATION	0.713966050931	2.8958624579379196e-05	61
GO_EXTRACELLULAR_FIBRIL_ORGANIZATION	1.62767295416	0.0027512360266554285	7
GO_PLATELET_DEGRANULATION	1.38735862483	5.069147797937007e-10	40
GO_NEGATIVE_REGULATION_OF_RESPONSE_TO_WOUNDING	1.12350956441	7.6835737700544e-09	51
GO_RESPONSE_TO_VITAMIN	1.10149978465	6.693938962133231e-06	32
GO_REGULATION_OF_DENDRITE_DEVELOPMENT	0.718780005642	0.0019888210453759174	32
GO_ENDOCHONDRAL_BONE_MORPHOGENESIS	0.935795249524	0.01130838985736212	13
GO_REGULATION_OF_ENDOTHELIAL_CELL_CHEMOTAXIS	1.49838993722	0.0028885057952760945	8
GO_CENTRAL_NERVOUS_SYSTEM_NEURON_AXONOGENESIS	1.33489120493	0.0025945069704498133	10
GO_POSITIVE_REGULATION_OF_PHOSPHOLIPASE_ACTIVITY	1.16135494994	0.0002568082839911691	19
GO_DEVELOPMENTAL_MATURATION	0.810333943531	3.0627921044588095e-05	48
GO_EPITHELIAL_CELL_PROLIFERATION	1.05380816232	3.72935499071315e-05	29
GO_RESPONSE_TO_PROTOZOAN	1.47928111427	0.000981909225755211	10
GO_REGULATION_OF_CHOLESTEROL_STORAGE	1.53081141491	0.008698947558496664	6
GO_BICELLULAR_TIGHT_JUNCTION_ASSEMBLY	1.13226203842	0.004241226185450857	12
GO_REGULATION_OF_CELL_PROJECTION_ASSEMBLY	0.864712151462	2.285312302928465e-05	44
GO_INTEGRIN_MEDIATED_SIGNALING_PATHWAY	1.54967044216	1.5317546200368275e-12	42
GO_NEURON_MIGRATION	0.931349344492	0.0003564647756164982	27
GO_CENTRAL_NERVOUS_SYSTEM_PROJECTION_NEURON_AXONOGENESIS	1.31781769157	0.007625813923682116	8
GO_POSITIVE_REGULATION_OF_PATHWAY_RESTRICTED_SMAD_PROTEIN_PHOSPHORYLATION	1.32281837263	0.0001021753333077555	17
GO_CELLULAR_RESPONSE_TO_ABIOTIC_STIMULUS	0.426240151461	0.012825401026781121	52
GO_ENDODERM_DEVELOPMENT	1.2728302368	3.617637541485759e-06	26
GO_REGULATION_OF_FAT_CELL_DIFFERENTIATION	0.93321208851	0.00013154726119455032	31
GO_ANTERIOR_POSTERIOR_PATTERN_SPECIFICATION	0.934960598045	2.1279080339918402e-06	48
GO_POSITIVE_REGULATION_OF_CELL_CELL_ADHESION	0.658046603205	0.00019013147712933164	56
GO_NEGATIVE_REGULATION_OF_PROTEIN_SERINE_THREONINE_KINASE_ACTIVITY	0.88332782963	4.6927638250581706e-05	39
GO_BRANCHING_MORPHOGENESIS_OF_AN_EPITHELIAL_TUBE	1.29634616127	4.3612557839691384e-11	51
GO_GLIOGENESIS	0.603219910437	0.00351002239783963	39
GO_LUNG_CELL_DIFFERENTIATION	1.20364667166	0.005834522942822804	10
GO_RESPONSE_TO_TRANSITION_METAL_NANOPARTICLE	0.69478715002	0.00231227318651856	33
GO_PEPTIDE_CROSS_LINKING	1.20364667166	0.005834522942822804	10
GO_REGULATION_OF_NF_KAPPAB_IMPORT_INTO_NUCLEUS	1.1958271672	0.0005644566460212502	16
GO_EXOCRINE_SYSTEM_DEVELOPMENT	1.04271045344	0.004082006731321894	14
GO_B_CELL_RECEPTOR_SIGNALING_PATHWAY	1.23535553138	0.00038780352564094195	16
GO_EXTRACELLULAR_STRUCTURE_ORGANIZATION	1.60083134194	1.344338387558549e-41	142
GO_POSITIVE_REGULATION_OF_INTERLEUKIN_6_SECRETION	1.49838993722	0.0028885057952760945	8
GO_KIDNEY_MORPHOGENESIS	1.23535553138	2.9138674877025885e-06	28
