Source	Target	overlap_ratio	overlap_size
GO_PROTEASOMAL_PROTEIN_CATABOLIC_PROCESS	GO_REGULATION_OF_LIGASE_ACTIVITY	0.875000	7
GO_PROTEASOMAL_PROTEIN_CATABOLIC_PROCESS	GO_POSITIVE_REGULATION_OF_LIGASE_ACTIVITY	0.857143	6
GO_PROTEIN_ALKYLATION	GO_METHYLATION	1.000000	5
GO_PROTEIN_ALKYLATION	GO_MACROMOLECULE_METHYLATION	1.000000	5
GO_REGULATION_OF_LIGASE_ACTIVITY	GO_POSITIVE_REGULATION_OF_LIGASE_ACTIVITY	1.000000	7
GO_METHYLATION	GO_MACROMOLECULE_METHYLATION	1.000000	8
GO_DNA_RECOMBINATION	GO_DOUBLE_STRAND_BREAK_REPAIR	0.625000	5
GO_RNA_PHOSPHODIESTER_BOND_HYDROLYSIS	GO_NUCLEIC_ACID_PHOSPHODIESTER_BOND_HYDROLYSIS	1.000000	6
GO_CELLULAR_PROTEIN_COMPLEX_DISASSEMBLY	GO_MACROMOLECULAR_COMPLEX_DISASSEMBLY	1.000000	6
