node	log2fold	underenrichment_p_value	node_size
GO_TRANSLATIONAL_INITIATION	-3.65000190268	3.7909801552210085e-10	2
GO_NUCLEAR_TRANSCRIBED_MRNA_CATABOLIC_PROCESS_NONSENSE_MEDIATED_DECAY	-4.41489842959	1.3690888683202276e-09	1
GO_TRNA_PROCESSING	-4.16457507551	5.123851036501542e-08	1
GO_PROTEIN_MODIFICATION_BY_SMALL_PROTEIN_REMOVAL	-1.63911358653	0.0002357038247830276	6
GO_PROTEIN_POLYUBIQUITINATION	-1.56872425864	7.93208984918111e-08	14
GO_NUCLEOSIDE_MONOPHOSPHATE_METABOLIC_PROCESS	-0.846258234171	0.0008547373950447078	21
GO_CELLULAR_RESPIRATION	-1.75314882978	1.6215107379256436e-05	7
GO_PROTEIN_SUMOYLATION	-1.68218230843	0.00014930733687804456	6
GO_POSITIVE_REGULATION_OF_LIGASE_ACTIVITY	-1.4167211652	0.0007792318527658028	7
GO_RNA_MODIFICATION	-4.14930831885	6.259846383157053e-08	1
GO_PROTEIN_LOCALIZATION_TO_ENDOPLASMIC_RETICULUM	-3.44020951812	1.2688775419411719e-08	2
GO_MACROMOLECULAR_COMPLEX_DISASSEMBLY	-1.36730897107	2.2923261778118202e-05	12
GO_TELOMERE_ORGANIZATION	-1.8041728328	0.0008082945511243172	4
GO_PROTEIN_ALKYLATION	-1.63034337691	0.0008706368549170162	5
GO_ESTABLISHMENT_OF_PROTEIN_LOCALIZATION_TO_ENDOPLASMIC_RETICULUM	-4.20942931129	2.8080170410406765e-08	1
GO_GENE_SILENCING_BY_RNA	-2.03766296302	9.790405907709626e-05	4
GO_RIBOSOME_ASSEMBLY	-3.14930831885	0.0006334735801371972	1
GO_COFACTOR_BIOSYNTHETIC_PROCESS	-1.52282654869	3.399996298258904e-05	9
GO_MRNA_3_END_PROCESSING	-3.63911358653	1.6099103745119743e-05	1
GO_ER_TO_GOLGI_VESICLE_MEDIATED_TRANSPORT	-1.21921033208	0.00019536096107540069	12
GO_PROTEIN_TRANSMEMBRANE_TRANSPORT	-3.11828142323	0.0007660684221294803	1
GO_NON_RECOMBINATIONAL_REPAIR	-3.14930831885	0.0006334735801371972	1
GO_CELLULAR_PROTEIN_COMPLEX_DISASSEMBLY	-1.84264698062	2.293834943402996e-05	6
GO_NUCLEOTIDE_EXCISION_REPAIR	-4.30896498484	6.875793151658413e-09	1
GO_REGULATION_OF_CELLULAR_AMINO_ACID_METABOLIC_PROCESS	-3.34960696934	0.0001657680716352954	1
GO_TRNA_METABOLIC_PROCESS	-4.85210730987	3.985593609379011e-13	1
GO_TRANSLATIONAL_ELONGATION	-4.26714480915	1.2574176075354935e-08	1
GO_PROTEASOMAL_PROTEIN_CATABOLIC_PROCESS	-1.20942931129	1.8647760460242963e-06	20
GO_NUCLEAR_TRANSCRIBED_MRNA_CATABOLIC_PROCESS_DEADENYLATION_DEPENDENT_DECAY	-3.26714480915	0.0002950702868977671	1
GO_REGULATION_OF_SIGNAL_TRANSDUCTION_BY_P53_CLASS_MEDIATOR	-1.15950408596	0.0004215906968131377	12
GO_DNA_RECOMBINATION	-1.22199277275	5.499315541246706e-05	14
GO_POSITIVE_REGULATION_OF_GENE_EXPRESSION_EPIGENETIC	-3.14930831885	0.0006334735801371972	1
GO_REGULATION_OF_MRNA_METABOLIC_PROCESS	-1.68218230843	0.00014930733687804456	6
GO_NUCLEAR_EXPORT	-3.6059467226	8.301886698885233e-10	2
GO_NEGATIVE_REGULATION_OF_GENE_EXPRESSION_EPIGENETIC	-3.20942931129	0.00043265762896565704	1
GO_VESICLE_TARGETING	-2.11828142323	0.0004248461634653219	3
GO_REGULATION_OF_LIGASE_ACTIVITY	-1.46508418676	0.00018807486528124546	8
GO_REGULATION_OF_RNA_STABILITY	-1.53723397251	7.885507038278259e-05	8
GO_MITOCHONDRIAL_RESPIRATORY_CHAIN_COMPLEX_ASSEMBLY	-3.52545680474	4.2725483998530695e-05	1
GO_RNA_3_END_PROCESSING	-4.00411040331	3.774590954760756e-07	1
GO_MULTI_ORGANISM_METABOLIC_PROCESS	-4.6059467226	5.342222789195978e-11	1
GO_RRNA_METABOLIC_PROCESS	-4.44020951812	1.367713660243078e-18	2
GO_REGULATION_OF_TRANSLATIONAL_INITIATION	-2.8041728328	3.0290597089486967e-05	2
GO_PROTEIN_LOCALIZATION_TO_MITOCHONDRION	-3.3760791807	0.00013669509642685404	1
GO_METHYLATION	-1.1796819679	3.365267817375324e-05	16
GO_NCRNA_TRANSCRIPTION	-3.84264698062	2.250496532730781e-06	1
GO_RNA_CATABOLIC_PROCESS	-3.63911358653	1.4135127544983866e-14	3
GO_MITOCHONDRIAL_TRANSPORT	-1.90630561784	1.7663675940717137e-06	7
GO_NUCLEIC_ACID_PHOSPHODIESTER_BOND_HYDROLYSIS	-1.71711609853	3.161769936246773e-08	12
GO_RIBONUCLEOPROTEIN_COMPLEX_SUBUNIT_ORGANIZATION	-4.02098422188	1.665034162626671e-13	2
GO_RNA_LOCALIZATION	-2.53957791298	4.90249938200226e-09	5
GO_ERAD_PATHWAY	-2.05415108581	0.0007030432129551611	3
GO_OXIDATIVE_PHOSPHORYLATION	-2.21921033208	0.00018145312176152682	3
GO_MACROMOLECULE_METHYLATION	-1.77462855719	2.8102871749564864e-06	8
GO_RNA_PHOSPHODIESTER_BOND_HYDROLYSIS	-1.62446681057	0.00027413509949073846	6
GO_REGULATION_OF_GENE_EXPRESSION_EPIGENETIC	-1.9472358819	9.248810776734905e-07	7
GO_GENE_SILENCING	-2.20352870985	1.3281794797467689e-06	5
GO_DOUBLE_STRAND_BREAK_REPAIR	-1.59471946718	3.76766724399039e-05	8
GO_NUCLEOBASE_CONTAINING_COMPOUND_TRANSPORT	-1.78234647035	5.718825019804266e-07	9
GO_NUCLEUS_ORGANIZATION	-1.41489842959	0.00033201100769154304	8
GO_RNA_SPLICING_VIA_TRANSESTERIFICATION_REACTIONS	-3.92862020373	2.2825594904402394e-18	3
