node	log2fold	enrichment_p_value	node_size
GO_REGULATION_OF_NITRIC_OXIDE_BIOSYNTHETIC_PROCESS	1.30917780567	0.0008891762046248517	14
GO_CELLULAR_COMPONENT_MAINTENANCE	1.70345674478	0.0063583139555325454	6
GO_REGULATION_OF_LEUKOCYTE_PROLIFERATION	0.987910134248	2.254879461359343e-05	38
GO_RECEPTOR_INTERNALIZATION	1.47518775711	0.00023632846815638064	14
GO_EPITHELIAL_CILIUM_MOVEMENT	1.83273976172	0.001738766196799167	7
GO_REGULATION_OF_CYCLIC_NUCLEOTIDE_METABOLIC_PROCESS	1.09938542111	0.00014847926585343866	25
GO_REGULATION_OF_PROTEIN_KINASE_B_SIGNALING	0.961254502247	0.0014556661759054254	22
GO_ENDOTHELIAL_CELL_MIGRATION	1.67174788505	3.5081524000579106e-06	18
GO_POSITIVE_REGULATION_OF_VASCULATURE_DEVELOPMENT	1.69705897358	1.0344285013291423e-13	45
GO_VENTRICULAR_SEPTUM_MORPHOGENESIS	1.38152864989	0.008025923950549532	8
GO_SYNAPTIC_SIGNALING	0.551453651334	0.005296445951114052	45
GO_REGULATION_OF_CALCIUM_ION_TRANSPORT	0.749260434392	0.002077630761509207	32
GO_POSITIVE_REGULATION_OF_CELL_SUBSTRATE_ADHESION	1.52895901355	9.067634744312994e-08	28
GO_REGIONALIZATION	0.80299241833	0.00012285694494699873	45
GO_EPITHELIAL_CELL_DEVELOPMENT	1.25599776781	1.8424732154935017e-08	44
GO_EXOCYTOSIS	1.02538483967	4.1601619381735434e-08	60
GO_REGULATION_OF_CELLULAR_RESPONSE_TO_GROWTH_FACTOR_STIMULUS	1.42474071671	1.245659690523269e-13	61
GO_ACUTE_PHASE_RESPONSE	1.44042233895	0.00610355178722583	8
GO_POSITIVE_REGULATION_OF_CALCIUM_ION_TRANSPORT	0.937921998416	0.0028673524616423633	20
GO_PHAGOCYTOSIS	1.3452651059	2.2472783083611098e-09	44
GO_POSITIVE_REGULATION_OF_LEUKOCYTE_PROLIFERATION	1.06602682416	0.0001257203177144422	27
GO_REGULATION_OF_PRODUCTION_OF_MOLECULAR_MEDIATOR_OF_IMMUNE_RESPONSE	1.24516604755	5.0182920681198104e-05	23
GO_POSITIVE_REGULATION_OF_ENDOTHELIAL_CELL_MIGRATION	1.53062014792	2.0837748819350686e-06	22
GO_REGULATION_OF_FATTY_ACID_TRANSPORT	1.51081166684	0.0075649182424150615	7
GO_REGULATION_OF_SMOOTH_MUSCLE_CELL_PROLIFERATION	1.40763240383	4.2533272800939646e-07	29
GO_NEGATIVE_REGULATION_OF_MUSCLE_CELL_APOPTOTIC_PROCESS	1.32494512153	0.010368700314474687	8
GO_REGULATION_OF_WOUND_HEALING	1.68978180788	8.351402248233374e-13	42
GO_POSITIVE_REGULATION_OF_INFLAMMATORY_RESPONSE	1.66783283505	6.818753233318961e-10	32
GO_REGULATION_OF_SMOOTH_MUSCLE_CONTRACTION	1.87338174622	2.9263263038422924e-07	18
GO_REGULATION_OF_COAGULATION	2.06491320385	8.252563108077342e-16	37
GO_TISSUE_MIGRATION	1.60315183898	1.391626003460511e-07	25
GO_REGULATION_OF_CALCIUM_MEDIATED_SIGNALING	1.04963238591	0.004258576850280931	15
GO_REGULATION_OF_GLOMERULUS_DEVELOPMENT	2.02538483967	0.004108196031682225	5
GO_REGULATION_OF_CANONICAL_WNT_SIGNALING_PATHWAY	0.590982015521	0.006901339633314436	37
GO_REGULATION_OF_KIDNEY_DEVELOPMENT	1.68658292621	5.53916151983678e-06	17
GO_REGULATION_OF_CELL_SUBSTRATE_ADHESION	1.39829686327	3.916758632746759e-10	45
GO_SUPEROXIDE_ANION_GENERATION	2.02538483967	0.004108196031682225	5
GO_REGULATION_OF_HEMOPOIESIS	0.907927258118	1.956200433971606e-06	56
GO_HOMOTYPIC_CELL_CELL_ADHESION	1.36827255319	0.0008774964256358601	13
GO_MORPHOGENESIS_OF_A_BRANCHING_STRUCTURE	1.48106432344	1.0320469825068553e-11	48
GO_HEART_FORMATION	2.02538483967	0.004108196031682225	5
GO_AMINE_METABOLIC_PROCESS	0.914960849973	0.00225496739873949	22
GO_NEURON_PROJECTION_GUIDANCE	1.17738793311	4.0032752621580934e-07	40
GO_BLOOD_COAGULATION_FIBRIN_CLOT_FORMATION	2.31489145686	1.3022556550270879e-06	11
GO_REGULATION_OF_CYTOKINE_BIOSYNTHETIC_PROCESS	1.00746293167	0.0015505152042268803	20
GO_ENDOCARDIAL_CUSHION_FORMATION	2.02538483967	0.001627169723461232	6
GO_CILIUM_MORPHOGENESIS	0.781930802802	0.0010228768262555373	34
GO_HEART_VALVE_FORMATION	1.88788131592	0.00677525815468463	5
GO_ISOPRENOID_METABOLIC_PROCESS	1.09249903552	0.0003890365611216273	22
GO_MESENCHYME_MORPHOGENESIS	1.80299241833	6.051926580202346e-06	15
GO_POSITIVE_REGULATION_OF_MUSCLE_TISSUE_DEVELOPMENT	1.11849424406	0.006721538485168506	12
GO_NEGATIVE_REGULATION_OF_HEMOPOIESIS	0.994357944046	0.0008212892967847286	23
GO_LUNG_EPITHELIUM_DEVELOPMENT	1.39311662417	0.0029465476298890154	10
GO_NEGATIVE_REGULATION_OF_OSTEOCLAST_DIFFERENTIATION	2.02538483967	4.3852620353160896e-05	10
GO_RETINOL_METABOLIC_PROCESS	1.56595322103	0.0033214316359340234	8
GO_STEM_CELL_PROLIFERATION	1.05339921584	0.007352242225596098	13
GO_CHRONIC_INFLAMMATORY_RESPONSE	1.70345674478	0.0063583139555325454	6
GO_GRANULOCYTE_MIGRATION	1.49487012297	2.566059820951801e-05	18
GO_POSITIVE_REGULATION_OF_VASODILATION	1.73587822247	0.0006925529282301739	9
GO_LEUKOTRIENE_METABOLIC_PROCESS	2.02538483967	4.3852620353160896e-05	10
GO_CARTILAGE_DEVELOPMENT	1.19080844887	8.873035727151338e-06	30
GO_OSSIFICATION	1.16031441975	3.338945551955364e-09	56
GO_RESPONSE_TO_FLUID_SHEAR_STRESS	1.24111353072	0.010085402898804606	9
GO_RESPONSE_TO_CARBOHYDRATE	0.703456744779	0.009089500786126371	25
GO_RAS_PROTEIN_SIGNAL_TRANSDUCTION	0.746849340292	0.004540090804604013	27
GO_REGULATION_OF_SMOOTH_MUSCLE_CELL_MIGRATION	1.74975039705	7.04577748182141e-07	19
GO_FATTY_ACID_METABOLIC_PROCESS	0.710029398702	0.0006345901041230409	44
GO_RESPONSE_TO_RETINOIC_ACID	1.20095640425	5.9987487916814726e-05	24
GO_NEGATIVE_REGULATION_OF_MAP_KINASE_ACTIVITY	1.15091572175	0.0007617762951069941	18
GO_POSITIVE_REGULATION_OF_INTRACELLULAR_PROTEIN_TRANSPORT	0.617300101029	0.004120300136513302	39
GO_MULTICELLULAR_ORGANISM_METABOLIC_PROCESS	1.87105669328	1.6847465161779595e-11	31
GO_RESPONSE_TO_IRON_ION	1.33732884598	0.006280727116838533	9
GO_G_PROTEIN_COUPLED_PURINERGIC_NUCLEOTIDE_RECEPTOR_SIGNALING_PATHWAY	2.37330814309	8.778239318126648e-05	7
GO_REGULATION_OF_HOMOTYPIC_CELL_CELL_ADHESION	0.739227875801	0.000196543388833606	49
GO_GAS_TRANSPORT	2.02538483967	0.010545185787055163	4
GO_RESPONSE_TO_BMP	1.73587822247	4.30134609939717e-09	27
GO_FIBRIL_ORGANIZATION	2.02538483967	0.00010722245422907625	9
GO_REGULATION_OF_MESODERM_DEVELOPMENT	2.21802991761	0.005837343100291274	4
GO_BRANCHING_INVOLVED_IN_SALIVARY_GLAND_MORPHOGENESIS	2.21802991761	7.723516860248006e-05	8
GO_POSITIVE_REGULATION_OF_LIPID_STORAGE	1.92584916612	0.0010933534341795545	7
GO_LYMPH_VESSEL_MORPHOGENESIS	2.15091572175	0.0009077214840756695	6
GO_PHAGOCYTOSIS_RECOGNITION	2.13230004358	0.0003646327435505043	7
GO_PLASMA_MEMBRANE_ORGANIZATION	0.751022428031	0.0009582687116760693	37
GO_REGULATION_OF_INTERLEUKIN_5_PRODUCTION	2.02538483967	0.0006520303184994193	7
GO_REGULATION_OF_POSITIVE_CHEMOTAXIS	1.70345674478	0.0016391906783636491	8
GO_LONG_CHAIN_FATTY_ACID_METABOLIC_PROCESS	1.36241982694	0.00010197392730571955	18
GO_MATING	1.73587822247	0.0006925529282301739	9
GO_CARDIAC_CHAMBER_DEVELOPMENT	1.1427417903	9.68427615737247e-06	32
GO_REGULATION_OF_PLATELET_ACTIVATION	2.21802991761	1.8042031681351195e-08	16
GO_CARDIAC_VENTRICLE_MORPHOGENESIS	1.14086205709	0.004226356851901288	13
GO_NEGATIVE_REGULATION_OF_TRANSMEMBRANE_TRANSPORT	1.0946475021	0.002280008749282012	16
GO_POSITIVE_REGULATION_OF_STEROL_TRANSPORT	1.61034734039	0.009130042610668571	6
GO_DIGESTIVE_SYSTEM_PROCESS	1.63836171656	0.0001056840428329539	13
GO_REGULATION_OF_SENSORY_PERCEPTION	1.44042233895	0.00610355178722583	8
GO_WATER_HOMEOSTASIS	1.08678538433	0.008099582080062472	12
GO_RESPONSE_TO_ESTROGEN	1.04187296245	1.8356380373700982e-06	44
GO_B_CELL_MEDIATED_IMMUNITY	1.49487012297	2.566059820951801e-05	18
GO_REGULATION_OF_CELL_FATE_COMMITMENT	1.70345674478	0.0016391906783636491	8
GO_NEGATIVE_REGULATION_OF_TOLL_LIKE_RECEPTOR_SIGNALING_PATHWAY	1.70345674478	0.0004338782062849844	10
GO_REGULATION_OF_PHOSPHOLIPASE_C_ACTIVITY	1.40089397476	0.0010990965669690064	12
GO_POSITIVE_REGULATION_OF_PHOSPHATIDYLINOSITOL_3_KINASE_SIGNALING	1.80299241833	8.553596275376697e-08	21
GO_PLATELET_DERIVED_GROWTH_FACTOR_RECEPTOR_SIGNALING_PATHWAY	1.52288449914	0.0004624472529045495	12
GO_REGULATION_OF_LIPID_KINASE_ACTIVITY	1.58481224828	9.266315710338553e-05	14
GO_NEGATIVE_REGULATION_OF_CALCIUM_ION_TRANSPORT_INTO_CYTOSOL	1.80299241833	0.004252329747025735	6
GO_ACTIN_FILAMENT_ORGANIZATION	0.994796519833	4.1945135749624526e-05	35
GO_RENAL_TUBULE_DEVELOPMENT	1.34257501555	8.140758531082777e-05	19
GO_MULTICELLULAR_ORGANISMAL_MACROMOLECULE_METABOLIC_PROCESS	1.9222913467	1.2418775533417044e-10	27
GO_POSITIVE_REGULATION_OF_LEUKOCYTE_DEGRANULATION	2.38795491905	7.0125535912800396e-06	9
GO_MESENCHYMAL_CELL_DIFFERENTIATION	1.62804934212	8.040384082330045e-12	41
GO_FATTY_ACID_DERIVATIVE_BIOSYNTHETIC_PROCESS	2.15091572175	6.284851126888099e-09	18
GO_IMMUNE_RESPONSE_REGULATING_CELL_SURFACE_RECEPTOR_SIGNALING_PATHWAY	0.497453283982	0.01204799052736026	43
GO_PROTEIN_ACTIVATION_CASCADE	2.14086205709	3.268206281297015e-12	26
GO_CELL_JUNCTION_ASSEMBLY	1.55972126732	2.71227764446038e-11	42
GO_RENAL_SYSTEM_VASCULATURE_DEVELOPMENT	2.47789704436	1.8496953399283025e-08	13
GO_REGULATION_OF_MORPHOGENESIS_OF_A_BRANCHING_STRUCTURE	1.40647500702	0.0004145229001473837	14
GO_REGULATION_OF_HUMORAL_IMMUNE_RESPONSE	1.93227543527	1.5124441790508884e-06	15
GO_LEUKOCYTE_CHEMOTAXIS	1.5779258627	2.4460009019838073e-09	33
GO_POSITIVE_REGULATION_OF_CELLULAR_AMINE_METABOLIC_PROCESS	2.02538483967	0.010545185787055163	4
GO_REGULATION_OF_STEROL_TRANSPORT	1.59242543239	0.0008884824002452166	10
GO_POSITIVE_REGULATION_OF_MESENCHYMAL_CELL_PROLIFERATION	1.76235043383	0.00029232606527627937	10
GO_APOPTOTIC_CELL_CLEARANCE	1.96125450225	3.0690015089097255e-05	11
GO_NEGATIVE_REGULATION_OF_MUSCLE_CONTRACTION	1.58481224828	0.005490913595298931	7
GO_POSITIVE_REGULATION_OF_EXOCYTOSIS	1.34257501555	8.140758531082777e-05	19
GO_REGULATION_OF_SODIUM_ION_TRANSPORT	1.0946475021	0.002280008749282012	16
GO_NEGATIVE_REGULATION_OF_LOCOMOTION	1.43366497277	8.52866973740191e-16	71
GO_POSITIVE_REGULATION_OF_CELLULAR_EXTRAVASATION	1.76235043383	0.010452464177131618	5
GO_REGULATION_OF_LYASE_ACTIVITY	1.07785225956	0.00468620856749705	14
GO_ADENYLATE_CYCLASE_MODULATING_G_PROTEIN_COUPLED_RECEPTOR_SIGNALING_PATHWAY	0.951384258223	0.0032261757247111973	19
GO_REGULATION_OF_B_CELL_PROLIFERATION	1.23183571713	0.001095127198184885	15
GO_POSITIVE_REGULATION_OF_PROTEIN_AUTOPHOSPHORYLATION	1.77745732622	0.0011011964927955826	8
GO_DETECTION_OF_BIOTIC_STIMULUS	1.74527692047	0.002644887312979055	7
GO_MULTI_MULTICELLULAR_ORGANISM_PROCESS	1.13500933084	6.761420502667549e-07	41
GO_ARACHIDONIC_ACID_METABOLIC_PROCESS	2.17738793311	8.495396896936892e-08	15
GO_POSITIVE_REGULATION_OF_INTERLEUKIN_12_PRODUCTION	1.2884192455	0.008012832014244702	9
GO_REGULATION_OF_NEUTROPHIL_MIGRATION	1.64687321641	0.0006279748025041151	10
GO_CARDIAC_SEPTUM_DEVELOPMENT	1.12356523361	0.0007105331709498556	19
GO_POSITIVE_REGULATION_OF_SEQUESTERING_OF_CALCIUM_ION	1.76235043383	0.010452464177131618	5
GO_CELLULAR_RESPONSE_TO_LIPOPROTEIN_PARTICLE_STIMULUS	2.15091572175	0.0009077214840756695	6
GO_VASCULAR_PROCESS_IN_CIRCULATORY_SYSTEM	1.52288449914	6.975453031437089e-11	42
GO_MULTICELLULAR_ORGANISMAL_SIGNALING	0.987910134248	0.002373855141113395	19
GO_CELLULAR_RESPONSE_TO_AMINO_ACID_STIMULUS	1.11849424406	0.006721538485168506	12
GO_PRIMARY_ALCOHOL_METABOLIC_PROCESS	1.39735361705	0.0017966734623460255	11
GO_LEUKOCYTE_MIGRATION	1.52511950352	1.3404692368739397e-18	76
GO_REGULATION_OF_MUSCLE_SYSTEM_PROCESS	1.0952868529	4.69852777064178e-06	37
GO_REGULATION_OF_MONONUCLEAR_CELL_MIGRATION	2.34731293455	3.0338907815246092e-06	10
GO_REGULATION_OF_ENDOTHELIAL_CELL_MIGRATION	1.75949077969	1.175188204570809e-13	42
GO_REGULATION_OF_EPITHELIAL_CELL_APOPTOTIC_PROCESS	1.73260309044	4.5365083343587717e-07	20
GO_METANEPHRIC_NEPHRON_MORPHOGENESIS	1.83273976172	0.001738766196799167	7
GO_CHONDROCYTE_DIFFERENTIATION	1.5278851802	3.050767555374161e-05	17
GO_NOTCH_SIGNALING_PATHWAY	0.823750978497	0.007375302880688099	20
GO_POSITIVE_REGULATION_OF_NEUTROPHIL_MIGRATION	1.50182288361	0.004551715576968851	8
GO_REGULATION_OF_FATTY_ACID_METABOLIC_PROCESS	0.980990720308	0.005317598997237303	16
GO_STEROL_HOMEOSTASIS	1.12726445369	0.00884269240547095	11
GO_POSITIVE_REGULATION_OF_CHEMOKINE_PRODUCTION	1.82744546205	1.0893448557814845e-06	17
GO_POSITIVE_REGULATION_OF_EPITHELIAL_CELL_MIGRATION	1.34731293455	7.454145109846297e-07	30
GO_REGULATION_OF_CARDIAC_MUSCLE_TISSUE_DEVELOPMENT	1.17738793311	0.009531996074317544	10
GO_RESPONSE_TO_TOXIC_SUBSTANCE	1.00301702664	1.4677877285242144e-06	48
GO_EXTRACELLULAR_MATRIX_ASSEMBLY	2.49487012297	2.8127469375017845e-06	9
GO_LIPOPOLYSACCHARIDE_MEDIATED_SIGNALING_PATHWAY	1.39311662417	0.0029465476298890154	10
GO_POSITIVE_REGULATION_OF_PEPTIDE_SECRETION	1.20595708531	0.0006577298906857809	17
GO_EPHRIN_RECEPTOR_SIGNALING_PATHWAY	0.864920167473	0.00967198163909071	17
GO_ADHERENS_JUNCTION_ORGANIZATION	1.48933193943	9.884075791471871e-06	20
GO_LEUKOCYTE_MIGRATION_INVOLVED_IN_INFLAMMATORY_RESPONSE	2.15091572175	0.0009077214840756695	6
GO_REGULATION_OF_BONE_REMODELING	1.70345674478	0.00011678382132741906	12
GO_CELLULAR_RESPONSE_TO_ACID_CHEMICAL	1.12356523361	2.105697842588266e-06	38
GO_AXON_EXTENSION	1.44042233895	0.002239149022836015	10
GO_COMPLEMENT_ACTIVATION_ALTERNATIVE_PATHWAY	2.02538483967	0.010545185787055163	4
GO_REGULATION_OF_VASCULAR_PERMEABILITY	1.67174788505	0.0010146492469936584	9
GO_ACYLGLYCEROL_HOMEOSTASIS	1.58481224828	0.005490913595298931	7
GO_CARDIAC_EPITHELIAL_TO_MESENCHYMAL_TRANSITION	1.87338174622	0.00029420521430657283	9
GO_RESPONSE_TO_PLATELET_DERIVED_GROWTH_FACTOR	1.83273976172	0.001738766196799167	7
GO_REGULATION_OF_EPITHELIAL_CELL_MIGRATION	1.5779258627	1.2827773335893716e-14	55
GO_RESPONSE_TO_ESTRADIOL	0.952628497231	0.00031373079598788473	29
GO_ORGANIC_HYDROXY_COMPOUND_TRANSPORT	1.01208801705	0.0002449683075815281	27
GO_MIDGUT_DEVELOPMENT	1.88788131592	0.00677525815468463	5
GO_NEGATIVE_REGULATION_OF_AXON_GUIDANCE	1.64687321641	0.0006279748025041151	10
GO_CARDIAC_MUSCLE_TISSUE_DEVELOPMENT	0.739982620804	0.007619012124937072	24
GO_MICROTUBULE_BUNDLE_FORMATION	1.67488759258	9.742200182747871e-07	20
GO_URETER_DEVELOPMENT	2.02538483967	0.004108196031682225	5
GO_REGULATION_OF_PHOSPHOLIPASE_ACTIVITY	1.46595743105	2.1338951053091845e-05	19
GO_AMINOGLYCAN_BIOSYNTHETIC_PROCESS	1.28288106196	9.9314288254334e-06	26
GO_MESENCHYMAL_CELL_PROLIFERATION	2.2884192455	0.00046048197994559597	6
GO_RESPIRATORY_GASEOUS_EXCHANGE	1.64687321641	2.897948957634816e-05	15
GO_POSITIVE_REGULATION_OF_MYELOID_LEUKOCYTE_CYTOKINE_PRODUCTION_INVOLVED_IN_IMMUNE_RESPONSE	1.88788131592	0.00677525815468463	5
GO_REGULATION_OF_MACROPHAGE_CYTOKINE_PRODUCTION	2.02538483967	0.001627169723461232	6
GO_NEGATIVE_REGULATION_OF_GROWTH	1.15091572175	2.0931341457168534e-08	51
GO_EPITHELIAL_TUBE_BRANCHING_INVOLVED_IN_LUNG_MORPHOGENESIS	1.88788131592	0.00012159064710967793	10
GO_POSITIVE_REGULATION_OF_OSTEOBLAST_DIFFERENTIATION	1.68834985239	1.534129003156172e-06	19
GO_NEGATIVE_REGULATION_OF_EXTRINSIC_APOPTOTIC_SIGNALING_PATHWAY	1.0585517036	0.000553384869929831	22
GO_REGULATION_OF_STRESS_ACTIVATED_PROTEIN_KINASE_SIGNALING_CASCADE	0.712226954407	0.002760706485719171	33
GO_METANEPHRIC_NEPHRON_DEVELOPMENT	2.02538483967	7.4228538038971425e-06	12
GO_FATTY_ACID_DERIVATIVE_METABOLIC_PROCESS	1.83635101528	2.837886233502727e-09	25
GO_AXONEME_ASSEMBLY	2.02538483967	5.277486275873414e-07	15
GO_REGULATION_OF_MESENCHYMAL_CELL_PROLIFERATION	1.8189339622	2.1932936664619577e-05	13
GO_OSTEOBLAST_DIFFERENTIATION	0.937921998416	0.001156335473978769	24
GO_POSITIVE_REGULATION_OF_PROTEIN_SERINE_THREONINE_KINASE_ACTIVITY	0.772997678032	7.938329843895947e-05	51
GO_NEGATIVE_REGULATION_OF_BLOOD_VESSEL_ENDOTHELIAL_CELL_MIGRATION	1.51081166684	0.0075649182424150615	7
GO_POSITIVE_REGULATION_OF_MAST_CELL_ACTIVATION	2.44042233895	1.6003213509172066e-05	8
GO_POSITIVE_REGULATION_OF_STAT_CASCADE	1.5399580125	5.363343875434151e-06	20
GO_TISSUE_HOMEOSTASIS	0.925849166115	0.0005433856048141077	28
GO_NEGATIVE_REGULATION_OF_RECEPTOR_ACTIVITY	1.61034734039	0.0014480431559906837	9
GO_POSITIVE_REGULATION_OF_BLOOD_CIRCULATION	1.37003301105	3.928654264851015e-05	20
GO_POSITIVE_REGULATION_OF_HORMONE_SECRETION	1.11849424406	0.000546756683843983	20
GO_INNER_DYNEIN_ARM_ASSEMBLY	2.34731293455	0.0011295004138017564	5
GO_ENDOCRINE_SYSTEM_DEVELOPMENT	1.28216025503	3.202536988507663e-05	23
GO_REGULATION_OF_CHEMOTAXIS	1.61987011451	9.427424943957611e-16	57
GO_POSITIVE_REGULATION_OF_FIBROBLAST_PROLIFERATION	1.44042233895	0.00011965691974473347	16
GO_REGULATION_OF_ION_HOMEOSTASIS	0.845475749651	0.0006477901418350757	32
GO_POSITIVE_REGULATION_OF_LIPID_METABOLIC_PROCESS	1.39735361705	8.429361954389533e-08	33
GO_G_PROTEIN_COUPLED_RECEPTOR_SIGNALING_PATHWAY_COUPLED_TO_CYCLIC_NUCLEOTIDE_SECOND_MESSENGER	0.945657647196	0.0016897017031216465	22
GO_REGULATION_OF_CELL_ADHESION_MEDIATED_BY_INTEGRIN	1.80299241833	6.051926580202346e-06	15
GO_REGULATION_OF_PATHWAY_RESTRICTED_SMAD_PROTEIN_PHOSPHORYLATION	1.76904508641	1.0900260736155862e-06	18
GO_CONNECTIVE_TISSUE_DEVELOPMENT	1.14764058972	7.198809520990548e-07	40
GO_NEGATIVE_REGULATION_OF_EPITHELIAL_TO_MESENCHYMAL_TRANSITION	2.21802991761	1.1521150079072948e-06	12
GO_PHAGOCYTOSIS_ENGULFMENT	2.02538483967	0.00010722245422907625	9
GO_CELL_MATRIX_ADHESION	1.35022452997	4.662849074477592e-07	31
GO_RESPONSE_TO_PURINE_CONTAINING_COMPOUND	1.2884192455	1.9051217145982747e-07	36
GO_ORGAN_OR_TISSUE_SPECIFIC_IMMUNE_RESPONSE	2.02538483967	0.001627169723461232	6
GO_ACTOMYOSIN_STRUCTURE_ORGANIZATION	1.25094454008	0.00020822579825734128	19
GO_REGULATION_OF_MYELOID_LEUKOCYTE_DIFFERENTIATION	0.925849166115	0.0025444448132790486	21
GO_GLUTATHIONE_DERIVATIVE_METABOLIC_PROCESS	2.2598500933	6.553750675618128e-06	10
GO_REGULATION_OF_LEUKOCYTE_MIGRATION	1.59475048534	1.1428960636719284e-12	46
GO_CELLULAR_DEFENSE_RESPONSE	1.36827255319	0.0008774964256358601	13
GO_POSITIVE_REGULATION_OF_MAST_CELL_ACTIVATION_INVOLVED_IN_IMMUNE_RESPONSE	2.70345674478	1.8301597256353397e-06	8
GO_SMOOTH_MUSCLE_CONTRACTION	1.39735361705	0.0017966734623460255	11
GO_NEGATIVE_REGULATION_OF_MYELOID_CELL_DIFFERENTIATION	1.20595708531	0.0006577298906857809	17
GO_CELLULAR_RESPONSE_TO_FATTY_ACID	1.47518775711	0.00023632846815638064	14
GO_PEPTIDE_SECRETION	1.2884192455	0.0023348327507837687	12
GO_REGULATION_OF_NEUROTRANSMITTER_LEVELS	0.724989906329	0.005619021162681597	27
GO_FATTY_ACID_BIOSYNTHETIC_PROCESS	1.20095640425	5.9987487916814726e-05	24
GO_POSITIVE_REGULATION_OF_CELL_ADHESION_MEDIATED_BY_INTEGRIN	1.83273976172	0.001738766196799167	7
GO_REGULATION_OF_CELL_JUNCTION_ASSEMBLY	1.07118852928	0.002729071083277011	16
GO_REGULATION_OF_LIPOPROTEIN_LIPASE_ACTIVITY	1.88788131592	0.00677525815468463	5
GO_REGULATION_OF_SYNCYTIUM_FORMATION_BY_PLASMA_MEMBRANE_FUSION	1.83273976172	0.001738766196799167	7
GO_POSITIVE_REGULATION_OF_CYTOPLASMIC_TRANSPORT	0.640720989431	0.0015621358750720214	45
GO_CELL_CELL_SIGNALING_INVOLVED_IN_CARDIAC_CONDUCTION	1.61034734039	0.009130042610668571	6
GO_REGULATION_OF_MULTICELLULAR_ORGANISMAL_METABOLIC_PROCESS	1.59242543239	0.0008884824002452166	10
GO_POSITIVE_REGULATION_OF_LIPID_TRANSPORT	1.54733754286	0.00012832601091419026	14
GO_PROTEIN_LOCALIZATION_TO_CELL_SURFACE	1.85545983822	0.0007139754629681417	8
GO_NEGATIVE_REGULATION_OF_KINASE_ACTIVITY	0.668691326618	0.0016892517254597887	41
GO_POSITIVE_REGULATION_OF_TISSUE_REMODELING	1.63306741689	0.0023654757423107295	8
GO_RESPONSE_TO_XENOBIOTIC_STIMULUS	1.7172625443	2.911515802491768e-07	21
GO_CELL_GROWTH	0.728767833308	0.009735255885684985	23
GO_REGULATION_OF_PEPTIDE_TRANSPORT	0.950096712362	1.7019306907354522e-05	42
GO_RESPONSE_TO_FATTY_ACID	1.21802991761	0.0004128732115626115	18
GO_POSITIVE_REGULATION_OF_PROTEIN_LOCALIZATION_TO_NUCLEUS	0.767587082199	0.007004736866351892	23
GO_REGULATION_OF_MONOOXYGENASE_ACTIVITY	1.20435498071	0.0013565314872429311	15
GO_NEGATIVE_REGULATION_OF_TRANSMEMBRANE_RECEPTOR_PROTEIN_SERINE_THREONINE_KINASE_SIGNALING_PATHWAY	0.954995511775	0.002472381632407715	20
GO_EMBRYONIC_SKELETAL_SYSTEM_DEVELOPMENT	0.904369438705	0.00381682943475829	20
GO_REGULATION_OF_DENDRITIC_SPINE_DEVELOPMENT	1.05339921584	0.007352242225596098	13
GO_CARDIAC_VENTRICLE_DEVELOPMENT	0.937921998416	0.0028673524616423633	20
GO_REGULATION_OF_EPITHELIAL_CELL_DIFFERENTIATION_INVOLVED_IN_KIDNEY_DEVELOPMENT	2.15091572175	0.0009077214840756695	6
GO_REGULATION_OF_LEUKOCYTE_DEGRANULATION	1.93792199842	6.317678858693907e-07	16
GO_REGULATION_OF_WNT_SIGNALING_PATHWAY_PLANAR_CELL_POLARITY_PATHWAY	1.76235043383	0.010452464177131618	5
GO_MUSCLE_ORGAN_DEVELOPMENT	0.907548349372	1.2730483391202542e-05	47
GO_NEGATIVE_REGULATION_OF_PROTEOLYSIS	0.629799703054	0.002538042589418808	42
GO_NEGATIVE_REGULATION_OF_CARTILAGE_DEVELOPMENT	1.70345674478	0.0063583139555325454	6
GO_REGULATION_OF_EPITHELIAL_CELL_PROLIFERATION	1.45234550632	3.2768041843367274e-18	81
GO_SPECIFICATION_OF_SYMMETRY	1.32084072319	3.887859101082509e-06	27
GO_EYE_DEVELOPMENT	0.972273503207	1.6875815162740585e-07	60
GO_REGULATION_OF_ORGAN_MORPHOGENESIS	0.834701278057	5.959814039011191e-05	46
GO_NEGATIVE_REGULATION_OF_STEM_CELL_DIFFERENTIATION	1.72282206965	1.3721400355526927e-05	15
GO_COLUMNAR_CUBOIDAL_EPITHELIAL_CELL_DEVELOPMENT	1.44042233895	0.0008348789132956135	12
GO_NEGATIVE_REGULATION_OF_ENDOTHELIAL_CELL_MIGRATION	1.78834564237	1.4252282762076427e-05	14
GO_REGULATION_OF_BMP_SIGNALING_PATHWAY	1.5779258627	1.0981641262296082e-06	22
GO_MONOCARBOXYLIC_ACID_TRANSPORT	0.898272921763	0.004970794558264954	19
GO_REGULATION_OF_TISSUE_REMODELING	1.64072098943	5.035785718868321e-06	18
GO_POSITIVE_REGULATION_OF_NUCLEOCYTOPLASMIC_TRANSPORT	1.06761307506	0.00016315848499204544	26
GO_NEGATIVE_REGULATION_OF_TRANSFORMING_GROWTH_FACTOR_BETA_RECEPTOR_SIGNALING_PATHWAY	0.974758766596	0.00916810050799397	14
GO_CILIUM_MOVEMENT	2.23183571713	4.260747166450233e-08	15
GO_NEGATIVE_REGULATION_OF_NERVOUS_SYSTEM_DEVELOPMENT	0.851902018811	5.272603869826393e-05	45
GO_POSITIVE_REGULATION_OF_PROTEIN_SECRETION	1.25804559646	5.7998966050818295e-09	47
GO_REGULATION_OF_ALCOHOL_BIOSYNTHETIC_PROCESS	1.35553344136	0.002333321479622255	11
GO_CELLULAR_RESPONSE_TO_BIOTIC_STIMULUS	1.15748837567	5.93506023711261e-07	40
GO_NEGATIVE_REGULATION_OF_CELL_DEVELOPMENT	1.15502012008	3.0410090676768876e-10	64
GO_RETINOIC_ACID_METABOLIC_PROCESS	1.80299241833	0.004252329747025735	6
GO_REGULATION_OF_MEMBRANE_DEPOLARIZATION	1.53062014792	0.0007536119479918796	11
GO_REGULATION_OF_PHAGOCYTOSIS	1.71605678156	8.122412745699553e-08	23
GO_NEGATIVE_REGULATION_OF_CELL_ACTIVATION	1.35862824778	8.848186260030862e-09	40
GO_METANEPHROS_MORPHOGENESIS	1.70345674478	0.0016391906783636491	8
GO_CELLULAR_MODIFIED_AMINO_ACID_METABOLIC_PROCESS	0.797115851993	0.0007131786415695188	35
GO_CYTOKINE_PRODUCTION	0.914960849973	0.00225496739873949	22
GO_REGULATION_OF_ADENYLATE_CYCLASE_ACTIVITY	1.23397146148	0.0022722387947278185	13
GO_REGULATION_OF_MAST_CELL_ACTIVATION	1.83273976172	9.248748978255601e-06	14
GO_CALCIUM_MEDIATED_SIGNALING	1.02538483967	0.0029379860135689034	17
GO_REGULATION_OF_CHEMOKINE_SECRETION	2.5399580125	0.00047140192845066746	5
GO_ACTIN_FILAMENT_BUNDLE_ORGANIZATION	1.44042233895	0.0005120497994994924	13
GO_NEGATIVE_REGULATION_OF_CELL_CELL_ADHESION	1.19080844887	8.873035727151338e-06	30
GO_PROSTANOID_BIOSYNTHETIC_PROCESS	2.2884192455	1.5612528107570748e-05	9
GO_NEGATIVE_REGULATION_OF_EPITHELIAL_CELL_PROLIFERATION	1.54299207259	2.9256884029569887e-09	34
GO_REGULATION_OF_LEUKOCYTE_DIFFERENTIATION	0.870807802557	6.722291853354571e-05	42
GO_EAR_DEVELOPMENT	0.823750978497	0.0012130085662974467	30
GO_REGULATION_OF_MACROPHAGE_DERIVED_FOAM_CELL_DIFFERENTIATION	1.87338174622	0.00029420521430657283	9
GO_REACTIVE_OXYGEN_SPECIES_BIOSYNTHETIC_PROCESS	2.02538483967	4.3852620353160896e-05	10
GO_REGULATION_OF_METAL_ION_TRANSPORT	0.843634402827	1.1835699980247945e-05	54
GO_REGULATION_OF_CATION_CHANNEL_ACTIVITY	1.23020463155	0.0005313540077541003	17
GO_CHAPERONE_MEDIATED_PROTEIN_FOLDING	1.18408258569	0.0045210321267632	12
GO_POSITIVE_REGULATION_OF_RESPONSE_TO_EXTERNAL_STIMULUS	1.34484467896	1.293117431192172e-14	73
GO_REGULATION_OF_CELL_SIZE	0.777457326223	0.0014915988324142016	32
GO_RENAL_VESICLE_DEVELOPMENT	2.17738793311	0.0022843390057516438	5
GO_HOMOPHILIC_CELL_ADHESION_VIA_PLASMA_MEMBRANE_ADHESION_MOLECULES	1.06385898748	0.001223951844828589	19
GO_ADAPTIVE_IMMUNE_RESPONSE	1.09615791408	2.5456983373394236e-07	47
GO_MAMMARY_GLAND_EPITHELIUM_DEVELOPMENT	1.31756559116	0.0005499694307088058	15
GO_POSITIVE_REGULATION_OF_LEUKOCYTE_MIGRATION	1.55825882924	2.1277459790539044e-09	34
GO_REGULATION_OF_PHOSPHATIDYLINOSITOL_3_KINASE_SIGNALING	1.28391785327	9.665842737440496e-07	32
GO_ACTIVATION_OF_PROTEIN_KINASE_ACTIVITY	0.565953221029	0.005761453196290095	42
GO_NEGATIVE_REGULATION_OF_ENDOTHELIAL_CELL_PROLIFERATION	2.02538483967	1.2711459341292053e-06	14
GO_EYE_MORPHOGENESIS	1.02538483967	0.00035172280299675823	25
GO_POSITIVE_REGULATION_OF_COAGULATION	1.87338174622	0.00029420521430657283	9
GO_REGULATION_OF_T_HELPER_1_TYPE_IMMUNE_RESPONSE	1.58481224828	0.005490913595298931	7
GO_SMOOTH_MUSCLE_CELL_DIFFERENTIATION	1.90990762225	2.0917219427807738e-05	12
GO_BLOOD_COAGULATION_INTRINSIC_PATHWAY	2.02538483967	0.0006520303184994193	7
GO_REGULATION_OF_RHO_PROTEIN_SIGNAL_TRANSDUCTION	0.792724082876	0.00940087206363485	20
GO_ODONTOGENESIS	1.34356079969	9.776002045867184e-06	24
GO_POSITIVE_REGULATION_OF_SMOOTHENED_SIGNALING_PATHWAY	1.58481224828	0.005490913595298931	7
GO_POSITIVE_REGULATION_OF_INTERLEUKIN_13_PRODUCTION	1.88788131592	0.00677525815468463	5
GO_REGULATION_OF_MACROPHAGE_CHEMOTAXIS	1.80299241833	0.004252329747025735	6
GO_ACTION_POTENTIAL	1.11284768092	0.0014523291765324512	17
GO_PROTEIN_HETEROTRIMERIZATION	1.90990762225	0.0027093442776232467	6
GO_PROTEIN_MATURATION	0.639953802473	0.0027779059752057384	40
GO_REGULATION_OF_SYSTEMIC_ARTERIAL_BLOOD_PRESSURE_BY_RENIN_ANGIOTENSIN	2.11849424406	0.00014766104345402642	8
GO_REGULATION_OF_CYTOSOLIC_CALCIUM_ION_CONCENTRATION	0.893679160454	0.00023158324884673778	34
GO_ORGANIC_ACID_BIOSYNTHETIC_PROCESS	0.823750978497	8.617793263065808e-05	45
GO_NEGATIVE_REGULATION_OF_COAGULATION	2.247777261	6.025663782499091e-11	21
GO_CARDIAC_CHAMBER_MORPHOGENESIS	1.42334882559	5.203800317393304e-07	28
GO_REGULATION_OF_CATION_TRANSMEMBRANE_TRANSPORT	0.799964725632	0.000812511254681516	34
GO_TRABECULA_FORMATION	1.51081166684	0.0075649182424150615	7
GO_POSITIVE_REGULATION_OF_NUCLEOTIDE_METABOLIC_PROCESS	0.992963361974	0.0010695897213136268	22
GO_RESPONSE_TO_ACID_CHEMICAL	1.03706664471	1.795909125501924e-08	62
GO_EMBRYONIC_DIGIT_MORPHOGENESIS	1.11849424406	0.006721538485168506	12
GO_NEGATIVE_REGULATION_OF_WOUND_HEALING	2.02538483967	4.88436119101141e-10	23
GO_CELL_CHEMOTAXIS	1.56304162561	4.8781622124275994e-12	45
GO_MESODERM_MORPHOGENESIS	0.970937055644	0.01207107281063308	13
GO_RHO_PROTEIN_SIGNAL_TRANSDUCTION	1.40647500702	0.0004145229001473837	14
GO_POSITIVE_REGULATION_OF_DEVELOPMENTAL_GROWTH	0.855459838224	0.0012212538445691735	28
GO_NEGATIVE_REGULATION_OF_NUCLEOCYTOPLASMIC_TRANSPORT	0.950096712362	0.010695507868566656	14
GO_REGULATED_EXOCYTOSIS	1.34212026533	8.805416785088257e-11	52
GO_ORGAN_REGENERATION	1.247777261	0.00010206676696896603	21
GO_BENZENE_CONTAINING_COMPOUND_METABOLIC_PROCESS	1.83273976172	0.001738766196799167	7
GO_REGULATION_OF_GLIAL_CELL_DIFFERENTIATION	1.09249903552	0.010681315537372501	11
GO_ARTERY_DEVELOPMENT	1.76665057127	1.2431871623811189e-09	28
GO_REGULATION_OF_CHEMOKINE_PRODUCTION	1.44042233895	7.39486720130211e-05	17
GO_MAMMARY_GLAND_MORPHOGENESIS	1.76235043383	9.19985152126031e-06	15
GO_REGULATION_OF_REACTIVE_OXYGEN_SPECIES_BIOSYNTHETIC_PROCESS	1.09938542111	0.0029815586658804307	15
GO_POSITIVE_REGULATION_OF_FATTY_ACID_METABOLIC_PROCESS	2.08196836803	1.7285600499716252e-06	13
GO_NEGATIVE_REGULATION_OF_RESPONSE_TO_EXTERNAL_STIMULUS	1.12847833263	4.319980793582132e-09	58
GO_REGULATION_OF_CARBOHYDRATE_METABOLIC_PROCESS	0.69240155627	0.008756280552063601	26
GO_REGULATION_OF_TRANSFORMING_GROWTH_FACTOR_BETA_PRODUCTION	1.56595322103	0.0033214316359340234	8
GO_REGULATION_OF_BLOOD_VESSEL_ENDOTHELIAL_CELL_MIGRATION	1.50182288361	6.689028485152288e-05	16
GO_NEGATIVE_REGULATION_OF_STEROL_TRANSPORT	2.21802991761	0.005837343100291274	4
GO_REGULATION_OF_FIBROBLAST_MIGRATION	1.32494512153	0.010368700314474687	8
GO_POSITIVE_REGULATION_OF_STEM_CELL_DIFFERENTIATION	1.40647500702	0.0004145229001473837	14
GO_HEART_VALVE_DEVELOPMENT	1.48933193943	0.0016748649293861853	10
GO_REGULATION_OF_ENDOTHELIAL_CELL_PROLIFERATION	1.75236634526	7.847409177915282e-12	36
GO_REGULATION_OF_INTERLEUKIN_12_PRODUCTION	1.08678538433	0.008099582080062472	12
GO_REGULATION_OF_OSSIFICATION	1.19756581505	2.6719580554636197e-07	40
GO_AXONEMAL_DYNEIN_COMPLEX_ASSEMBLY	2.21802991761	7.723516860248006e-05	8
GO_POSITIVE_REGULATION_OF_LIPID_BIOSYNTHETIC_PROCESS	1.2598500933	0.0008774743522291692	15
GO_REGULATION_OF_VASCULATURE_DEVELOPMENT	1.68484106661	3.3250748135827324e-22	77
GO_POSITIVE_REGULATION_OF_CARDIAC_MUSCLE_CELL_PROLIFERATION	1.61034734039	0.009130042610668571	6
GO_REGULATION_OF_VASOCONSTRICTION	1.34731293455	0.00042985530136096384	15
GO_COMPLEMENT_ACTIVATION	2.02538483967	2.194949284133656e-07	16
GO_EMBRYONIC_HEART_TUBE_MORPHOGENESIS	1.2884192455	0.0006975607985461988	15
GO_NEGATIVE_REGULATION_OF_RESPONSE_TO_CYTOKINE_STIMULUS	1.2598500933	0.006177739867640587	10
GO_CELLULAR_RESPONSE_TO_VITAMIN	1.50182288361	0.004551715576968851	8
GO_RESPIRATORY_SYSTEM_DEVELOPMENT	1.50832640345	2.882719901517811e-14	58
GO_DIGESTIVE_TRACT_MORPHOGENESIS	1.12726445369	0.00884269240547095	11
GO_ENDOTHELIAL_CELL_DEVELOPMENT	1.13785956892	0.011657272719010068	10
GO_MAMMARY_GLAND_DEVELOPMENT	1.17452827897	2.1938254916584537e-05	28
GO_EPITHELIAL_CELL_DIFFERENTIATION_INVOLVED_IN_KIDNEY_DEVELOPMENT	2.26639293917	2.3669468985479095e-07	13
GO_MEMBRANE_INVAGINATION	1.59242543239	0.0008884824002452166	10
GO_CYCLIC_NUCLEOTIDE_BIOSYNTHETIC_PROCESS	1.70345674478	0.0016391906783636491	8
GO_POSITIVE_REGULATION_OF_EMBRYONIC_DEVELOPMENT	1.59242543239	0.0008884824002452166	10
GO_HEMIDESMOSOME_ASSEMBLY	1.88788131592	0.00677525815468463	5
GO_POSITIVE_REGULATION_OF_PEPTIDYL_TYROSINE_PHOSPHORYLATION	1.2884192455	5.980237076619526e-08	39
GO_CATECHOLAMINE_METABOLIC_PROCESS	2.02538483967	4.3852620353160896e-05	10
GO_CYCLIC_NUCLEOTIDE_METABOLIC_PROCESS	1.32494512153	0.010368700314474687	8
GO_REGULATION_OF_PODOSOME_ASSEMBLY	2.21802991761	7.723516860248006e-05	8
GO_RESPONSE_TO_CORTICOSTEROID	1.18744159778	3.274946033294076e-07	40
GO_CELL_ACTIVATION_INVOLVED_IN_IMMUNE_RESPONSE	0.767587082199	0.007004736866351892	23
GO_POSITIVE_REGULATION_OF_CARDIAC_MUSCLE_TISSUE_DEVELOPMENT	1.44042233895	0.00610355178722583	8
GO_REGULATION_OF_REACTIVE_OXYGEN_SPECIES_METABOLIC_PROCESS	1.00230122655	0.00010121887913871619	31
GO_NEGATIVE_REGULATION_OF_CATION_TRANSMEMBRANE_TRANSPORT	1.29955980311	0.001439673624132054	13
GO_POSITIVE_REGULATION_OF_REGULATED_SECRETORY_PATHWAY	1.78834564237	1.4252282762076427e-05	14
GO_NEGATIVE_REGULATION_OF_ESTABLISHMENT_OF_PROTEIN_LOCALIZATION	0.747850864137	0.0018175154250702956	33
GO_POST_EMBRYONIC_ORGAN_DEVELOPMENT	1.80299241833	0.004252329747025735	6
GO_ADHERENS_JUNCTION_ASSEMBLY	1.34731293455	0.003821257929907591	10
GO_REGENERATION	1.21802991761	3.549529745190252e-07	38
GO_TRYPTOPHAN_METABOLIC_PROCESS	2.02538483967	0.010545185787055163	4
GO_SECONDARY_METABOLIC_PROCESS	1.55145365133	0.0020185109402033378	9
GO_NEGATIVE_REGULATION_OF_CELL_GROWTH	1.06602682416	1.028630104672679e-05	36
GO_NEGATIVE_REGULATION_OF_CYTOKINE_SECRETION	1.34731293455	0.003821257929907591	10
GO_POSITIVE_REGULATION_OF_EPITHELIAL_CELL_DIFFERENTIATION	1.61034734039	4.112978355354998e-05	15
GO_PROTEIN_TRIMERIZATION	1.39311662417	0.0029465476298890154	10
GO_REGULATION_OF_BONE_RESORPTION	1.38152864989	0.008025923950549532	8
GO_B_CELL_PROLIFERATION	1.70345674478	0.0016391906783636491	8
GO_DETECTION_OF_MOLECULE_OF_BACTERIAL_ORIGIN	2.02538483967	0.004108196031682225	5
GO_STEROL_TRANSPORT	1.17738793311	0.009531996074317544	10
GO_POSITIVE_REGULATION_OF_ENDOTHELIAL_CELL_DIFFERENTIATION	2.32494512153	3.7107960024226364e-05	8
GO_FAT_SOLUBLE_VITAMIN_METABOLIC_PROCESS	1.51081166684	0.0075649182424150615	7
GO_ADAPTIVE_IMMUNE_RESPONSE_BASED_ON_SOMATIC_RECOMBINATION_OF_IMMUNE_RECEPTORS_BUILT_FROM_IMMUNOGLOBULIN_SUPERFAMILY_DOMAINS	1.39735361705	8.429361954389533e-08	33
GO_REGULATION_OF_GASTRULATION	1.96649115061	1.2679124961311782e-05	12
GO_REGULATION_OF_PROTEIN_TARGETING	0.726726524102	0.0002118737632674858	50
GO_RENAL_SYSTEM_PROCESS_INVOLVED_IN_REGULATION_OF_SYSTEMIC_ARTERIAL_BLOOD_PRESSURE	2.02538483967	0.001627169723461232	6
GO_REGULATION_OF_LIPID_BIOSYNTHETIC_PROCESS	0.876521453752	0.0026206820112213247	23
GO_POSITIVE_REGULATION_OF_CELL_MORPHOGENESIS_INVOLVED_IN_DIFFERENTIATION	0.834243352314	0.0010728979519856545	30
GO_POSITIVE_REGULATION_OF_SEQUENCE_SPECIFIC_DNA_BINDING_TRANSCRIPTION_FACTOR_ACTIVITY	0.680855315842	0.0020890575494564865	38
GO_POSITIVE_REGULATION_OF_ENDOTHELIAL_CELL_PROLIFERATION	1.61820945816	3.5115247004241113e-07	23
GO_POSITIVE_REGULATION_OF_LEUKOCYTE_DIFFERENTIATION	0.998912628305	0.0002872537477182609	27
GO_INDOLE_CONTAINING_COMPOUND_METABOLIC_PROCESS	1.70345674478	0.0063583139555325454	6
GO_CELL_CELL_JUNCTION_ASSEMBLY	1.78027234183	1.903648380764525e-09	27
GO_REGULATION_OF_SMOOTH_MUSCLE_CELL_DIFFERENTIATION	1.70345674478	0.0063583139555325454	6
GO_CELLULAR_RESPONSE_TO_CAMP	1.13785956892	0.011657272719010068	10
GO_ANTIMICROBIAL_HUMORAL_RESPONSE	1.74527692047	0.002644887312979055	7
GO_REGULATION_OF_NEUTROPHIL_CHEMOTAXIS	1.73587822247	0.0006925529282301739	9
GO_LYMPHANGIOGENESIS	2.17738793311	0.0022843390057516438	5
GO_POSITIVE_REGULATION_OF_TRANSPORTER_ACTIVITY	1.39066930375	4.879973497495102e-05	19
GO_PEPTIDYL_TYROSINE_MODIFICATION	0.95323505391	3.178146171188041e-05	39
GO_REGULATION_OF_PLASMA_LIPOPROTEIN_PARTICLE_LEVELS	1.56595322103	0.00033653082582561794	12
GO_POSITIVE_REGULATION_OF_PROTEIN_MATURATION	2.32494512153	3.7107960024226364e-05	8
GO_ARTERY_MORPHOGENESIS	1.85545983822	8.294853571435484e-08	20
GO_REGULATION_OF_CARDIAC_MUSCLE_CELL_MEMBRANE_REPOLARIZATION	1.61034734039	0.009130042610668571	6
GO_NEGATIVE_REGULATION_OF_CATION_CHANNEL_ACTIVITY	1.88788131592	0.00012159064710967793	10
GO_POSITIVE_REGULATION_OF_TRANSMEMBRANE_RECEPTOR_PROTEIN_SERINE_THREONINE_KINASE_SIGNALING_PATHWAY	1.57958508662	2.175841318134523e-08	29
GO_REGULATION_OF_AXONOGENESIS	0.88986986901	0.00029896798314365777	33
GO_CELLULAR_RESPONSE_TO_THYROID_HORMONE_STIMULUS	1.76235043383	0.010452464177131618	5
GO_REGULATION_OF_INFLAMMATORY_RESPONSE	1.36025199026	2.4939585057223362e-14	70
GO_REGULATION_OF_EXTENT_OF_CELL_GROWTH	1.04115215552	0.0005040576771090018	23
GO_REGULATION_OF_EXOCYTOSIS	0.950837886301	0.0001288860363770005	33
GO_PRODUCTION_OF_MOLECULAR_MEDIATOR_INVOLVED_IN_INFLAMMATORY_RESPONSE	2.51081166684	3.572791358395049e-05	7
GO_RESPONSE_TO_TRANSFORMING_GROWTH_FACTOR_BETA	1.33854272493	9.11451394104838e-09	41
GO_TOXIN_METABOLIC_PROCESS	2.17738793311	0.0022843390057516438	5
GO_LIPOXYGENASE_PATHWAY	2.37330814309	8.778239318126648e-05	7
GO_POSITIVE_REGULATION_OF_VASOCONSTRICTION	1.55145365133	0.0020185109402033378	9
GO_POSITIVE_REGULATION_OF_ACTIN_FILAMENT_POLYMERIZATION	1.07785225956	0.00468620856749705	14
GO_POSITIVE_REGULATION_OF_CYTOKINE_SECRETION	1.42052278151	3.4555929236750525e-06	24
GO_REGULATION_OF_TOLL_LIKE_RECEPTOR_SIGNALING_PATHWAY	1.34088666539	0.0006962793336557944	14
GO_I_KAPPAB_PHOSPHORYLATION	1.88788131592	0.00677525815468463	5
GO_PURINERGIC_NUCLEOTIDE_RECEPTOR_SIGNALING_PATHWAY	2.2598500933	6.553750675618128e-06	10
GO_REGULATION_OF_DEVELOPMENTAL_GROWTH	1.07347912787	8.446499869822849e-09	61
GO_DIGESTIVE_SYSTEM_DEVELOPMENT	1.60615954342	4.543405378013283e-12	43
GO_ENDODERMAL_CELL_DIFFERENTIATION	1.48106432344	0.0006258050609895344	12
GO_METANEPHRIC_MESENCHYME_DEVELOPMENT	2.02538483967	0.001627169723461232	6
GO_NEURAL_CREST_CELL_DIFFERENTIATION	1.55407912074	1.5195553169041206e-06	22
GO_MACROPHAGE_ACTIVATION	1.9747587666	2.1796883657722146e-06	14
GO_POSITIVE_REGULATION_OF_ERK1_AND_ERK2_CASCADE	1.08287033433	2.425330232047942e-05	32
GO_POSITIVE_REGULATION_OF_CALCIUM_ION_TRANSMEMBRANE_TRANSPORT	1.17123570613	0.003463991162199045	13
GO_POSITIVE_REGULATION_OF_DENDRITE_DEVELOPMENT	1.16740384454	0.0012842888793645688	16
GO_CELL_COMMUNICATION_INVOLVED_IN_CARDIAC_CONDUCTION	1.38795491905	0.004851321610398189	9
GO_POSITIVE_REGULATION_OF_SMOOTH_MUSCLE_CELL_MIGRATION	1.80299241833	5.201150419019276e-05	12
GO_AMMONIUM_TRANSPORT	1.18408258569	0.0045210321267632	12
GO_REGULATION_OF_PEPTIDE_SECRETION	0.829834030548	0.0009434947378945917	31
GO_BONE_DEVELOPMENT	0.837757836491	0.0017876280589144244	27
GO_REGULATION_OF_CARDIAC_MUSCLE_CELL_PROLIFERATION	1.56595322103	0.0033214316359340234	8
GO_PANCREAS_DEVELOPMENT	1.74527692047	1.9619587811070633e-07	21
GO_PEPTIDYL_TYROSINE_AUTOPHOSPHORYLATION	1.51637119218	0.00028442546820168704	13
GO_REGULATION_OF_CELL_SHAPE	1.29603242961	7.53986736258581e-08	38
GO_POSITIVE_REGULATION_OF_SMAD_PROTEIN_IMPORT_INTO_NUCLEUS	1.88788131592	0.00677525815468463	5
GO_REGULATION_OF_STEM_CELL_PROLIFERATION	1.58797952736	3.0994619017519e-07	24
GO_REGULATION_OF_ENDOTHELIAL_CELL_DIFFERENTIATION	1.96649115061	1.2679124961311782e-05	12
GO_REGULATION_OF_ENDOCRINE_PROCESS	1.44042233895	0.0036877744958390244	9
GO_CELLULAR_RESPONSE_TO_RETINOIC_ACID	1.10481930716	0.0039037909782299314	14
GO_MAMMARY_GLAND_LOBULE_DEVELOPMENT	1.61034734039	0.009130042610668571	6
GO_POSITIVE_REGULATION_OF_PRODUCTION_OF_MOLECULAR_MEDIATOR_OF_IMMUNE_RESPONSE	1.46899149114	5.5611559345963366e-05	17
GO_EMBRYO_IMPLANTATION	1.53062014792	0.0007536119479918796	11
GO_TISSUE_REGENERATION	1.13785956892	0.011657272719010068	10
GO_REGULATION_OF_SMALL_GTPASE_MEDIATED_SIGNAL_TRANSDUCTION	0.656151030001	0.0008779649531935401	48
GO_VASODILATION	1.44042233895	0.010164639492861807	7
GO_POSITIVE_REGULATION_OF_NEURON_DIFFERENTIATION	0.945385517601	6.544088291575255e-07	57
GO_REGULATION_OF_PROTEIN_ACTIVATION_CASCADE	2.08678538433	4.17893900219694e-06	12
GO_AORTA_MORPHOGENESIS	1.94738232767	0.0001815465470298162	9
GO_REGULATION_OF_PHOSPHOLIPID_METABOLIC_PROCESS	1.65860250899	2.2184318440839216e-06	19
GO_REGULATION_OF_PHOSPHATIDYLINOSITOL_3_KINASE_ACTIVITY	1.72582455781	5.0157291838927517e-05	13
GO_CELL_JUNCTION_ORGANIZATION	1.53062014792	6.353986608541904e-14	55
GO_ENDOCARDIAL_CUSHION_MORPHOGENESIS	1.77745732622	0.0011011964927955826	8
GO_BLOOD_VESSEL_REMODELING	2.07429444015	2.977076145034401e-07	15
GO_RESPONSE_TO_TEMPERATURE_STIMULUS	1.12160015493	1.8221577031525515e-05	31
GO_AMEBOIDAL_TYPE_CELL_MIGRATION	1.22952555645	5.780137042453072e-07	36
GO_POSITIVE_REGULATION_OF_IMMUNOGLOBULIN_PRODUCTION	1.61034734039	0.0014480431559906837	9
GO_POSITIVE_REGULATION_OF_NF_KAPPAB_IMPORT_INTO_NUCLEUS	1.87338174622	0.00029420521430657283	9
GO_REGULATION_OF_PROTEIN_MATURATION	1.60217340894	7.862015003541211e-07	22
GO_HUMORAL_IMMUNE_RESPONSE_MEDIATED_BY_CIRCULATING_IMMUNOGLOBULIN	2.13230004358	3.8910535057156623e-07	14
GO_REGULATION_OF_SYSTEMIC_ARTERIAL_BLOOD_PRESSURE	1.85545983822	4.244678942282628e-09	24
GO_POSITIVE_REGULATION_OF_B_CELL_ACTIVATION	1.06845356156	0.0020867244648508066	17
GO_POSITIVE_REGULATION_OF_GLIOGENESIS	1.17738793311	0.009531996074317544	10
GO_POSITIVE_REGULATION_OF_ENDOTHELIAL_CELL_APOPTOTIC_PROCESS	2.37330814309	8.778239318126648e-05	7
GO_REGULATION_OF_MHC_CLASS_II_BIOSYNTHETIC_PROCESS	1.88788131592	0.00677525815468463	5
GO_CELL_MIGRATION_INVOLVED_IN_SPROUTING_ANGIOGENESIS	1.90990762225	0.0027093442776232467	6
GO_DETOXIFICATION	1.72992895614	1.2642439107071638e-07	22
GO_POSITIVE_REGULATION_OF_MUSCLE_CELL_DIFFERENTIATION	1.06602682416	0.0015973461295709771	18
GO_POSITIVE_REGULATION_OF_SMOOTH_MUSCLE_CELL_PROLIFERATION	1.46738938655	3.44291440667397e-05	18
GO_POSITIVE_REGULATION_OF_FATTY_ACID_OXIDATION	1.90990762225	0.0027093442776232467	6
GO_POSITIVE_REGULATION_OF_TYROSINE_PHOSPHORYLATION_OF_STAT3_PROTEIN	1.67746153625	0.0002712356630515341	11
GO_REGULATION_OF_TOLL_LIKE_RECEPTOR_4_SIGNALING_PATHWAY	1.74527692047	0.002644887312979055	7
GO_REGULATION_OF_MUSCLE_CELL_DIFFERENTIATION	0.929169524407	0.00041931414594311654	29
GO_REGULATION_OF_GLOMERULAR_FILTRATION	2.02538483967	0.004108196031682225	5
GO_MYELOID_LEUKOCYTE_ACTIVATION	1.36827255319	2.9579812998160327e-06	26
GO_PURINERGIC_RECEPTOR_SIGNALING_PATHWAY	2.02538483967	1.8010804786008792e-05	11
GO_SMOOTH_MUSCLE_TISSUE_DEVELOPMENT	1.74527692047	0.002644887312979055	7
GO_LEUKOCYTE_PROLIFERATION	0.980990720308	0.005317598997237303	16
GO_RECEPTOR_METABOLIC_PROCESS	0.937921998416	0.007213067518963518	16
GO_EPITHELIAL_CELL_CELL_ADHESION	2.247777261	0.00018827324472976315	7
GO_ACTIVATION_OF_ADENYLATE_CYCLASE_ACTIVITY	1.33732884598	0.006280727116838533	9
GO_TRANSFORMING_GROWTH_FACTOR_BETA_RECEPTOR_SIGNALING_PATHWAY	1.22629753359	3.070297490958651e-05	25
GO_NEGATIVE_REGULATION_OF_SECRETION	1.02538483967	4.3680916584001313e-05	33
GO_REGULATION_OF_OSTEOCLAST_DIFFERENTIATION	1.38152864989	0.00020558957238382954	16
GO_CELL_SUBSTRATE_JUNCTION_ASSEMBLY	1.44042233895	0.0005120497994994924	13
GO_REGULATION_OF_BIOMINERAL_TISSUE_DEVELOPMENT	1.5399580125	5.363343875434151e-06	20
GO_RESPONSE_TO_FUNGUS	1.80299241833	5.201150419019276e-05	12
GO_POSITIVE_REGULATION_OF_WOUND_HEALING	1.2884192455	0.0023348327507837687	12
GO_REGULATION_OF_CELLULAR_RESPONSE_TO_TRANSFORMING_GROWTH_FACTOR_BETA_STIMULUS	1.13955585959	0.00017174107890925052	23
GO_RECEPTOR_MEDIATED_ENDOCYTOSIS	1.21802991761	5.374315553570936e-09	50
GO_SECOND_MESSENGER_MEDIATED_SIGNALING	1.07269055444	3.741964720243156e-05	31
GO_UROGENITAL_SYSTEM_DEVELOPMENT	1.4820700363	4.829518791074742e-19	82
GO_POSITIVE_REGULATION_OF_STEM_CELL_PROLIFERATION	1.56595322103	3.575221685810696e-05	16
GO_POSITIVE_REGULATION_OF_PHAGOCYTOSIS	1.51081166684	0.0001752778256530648	14
GO_MESENCHYMAL_TO_EPITHELIAL_TRANSITION	1.88788131592	0.00677525815468463	5
GO_NEGATIVE_REGULATION_OF_ION_TRANSPORT	1.10600329987	0.00024980946073769933	23
GO_FAT_CELL_DIFFERENTIATION	0.808154123446	0.008338479138348176	20
GO_NEGATIVE_REGULATION_OF_AXONOGENESIS	1.09938542111	0.0029815586658804307	15
GO_DENDRITE_DEVELOPMENT	0.937921998416	0.007213067518963518	16
GO_EMBRYONIC_ORGAN_MORPHOGENESIS	1.00432322414	6.785953923362911e-07	51
GO_RESPONSE_TO_AMINO_ACID	0.813880734473	0.009549124529633584	19
GO_REGULATION_OF_FEVER_GENERATION	2.2884192455	0.00046048197994559597	6
GO_GLUTATHIONE_METABOLIC_PROCESS	1.53353174334	4.919318563019854e-05	16
GO_NEGATIVE_REGULATION_OF_CELL_ADHESION	1.38254142286	3.0872828761757457e-12	57
GO_POSITIVE_REGULATION_OF_FATTY_ACID_BIOSYNTHETIC_PROCESS	2.37330814309	8.778239318126648e-05	7
GO_NEGATIVE_REGULATION_OF_PEPTIDASE_ACTIVITY	0.956905101784	5.940718565127941e-05	36
GO_POSITIVE_REGULATION_OF_MUSCLE_CONTRACTION	1.48933193943	0.0016748649293861853	10
GO_CARDIAC_MUSCLE_CELL_ACTION_POTENTIAL	1.2884192455	0.008012832014244702	9
GO_STEM_CELL_DIFFERENTIATION	1.51790109162	7.639517141130805e-13	51
GO_ENDOCARDIAL_CUSHION_DEVELOPMENT	1.75236634526	7.884346746228017e-05	12
GO_REGULATION_OF_LIPID_STORAGE	1.2598500933	0.006177739867640587	10
GO_MOTILE_CILIUM_ASSEMBLY	1.88788131592	0.00677525815468463	5
GO_UNSATURATED_FATTY_ACID_BIOSYNTHETIC_PROCESS	2.02538483967	1.5923582259645575e-08	19
GO_RESPONSE_TO_CALCIUM_ION	1.00978798462	0.0007003697015884533	23
GO_PROTEIN_KINASE_B_SIGNALING	1.24111353072	0.010085402898804606	9
GO_REGULATION_OF_MACROPHAGE_ACTIVATION	1.80299241833	0.0004589774496064834	9
GO_REGULATION_OF_OSTEOBLAST_DIFFERENTIATION	1.32877698312	1.5231693784925803e-06	29
GO_GRANULOCYTE_ACTIVATION	1.61034734039	0.009130042610668571	6
GO_REGULATION_OF_LIPID_METABOLIC_PROCESS	0.878543451337	1.4965264333070465e-05	49
GO_CALCIUM_INDEPENDENT_CELL_CELL_ADHESION_VIA_PLASMA_MEMBRANE_CELL_ADHESION_MOLECULES	2.02538483967	0.001627169723461232	6
GO_REGULATION_OF_POTASSIUM_ION_TRANSMEMBRANE_TRANSPORTER_ACTIVITY	1.44042233895	0.0013650120416492315	11
GO_RESPONSE_TO_CAMP	1.08052639386	0.0007874347184458286	20
GO_PROTEIN_CARBOXYLATION	2.02538483967	0.010545185787055163	4
GO_REGULATION_OF_BLOOD_PRESSURE	1.79016837797	7.62013858006772e-16	48
GO_REGULATION_OF_TYPE_2_IMMUNE_RESPONSE	1.73587822247	0.0006925529282301739	9
GO_AORTA_DEVELOPMENT	1.62328639609	6.593161127101918e-05	14
GO_REGULATION_OF_EMBRYONIC_DEVELOPMENT	1.34420702369	1.1918224360753773e-06	29
GO_MACROMOLECULAR_COMPLEX_REMODELING	2.32494512153	3.7107960024226364e-05	8
GO_POSITIVE_REGULATION_OF_LEUKOCYTE_CHEMOTAXIS	1.65098932488	1.947695971254926e-08	27
GO_KIDNEY_EPITHELIUM_DEVELOPMENT	1.6964363171	1.3023663577978776e-12	41
GO_NEGATIVE_REGULATION_OF_INTRACELLULAR_TRANSPORT	0.843181508446	0.002033695523442869	26
GO_CELLULAR_RESPONSE_TO_CALCIUM_ION	1.23688894486	0.004757134624550207	11
GO_NEGATIVE_REGULATION_OF_APOPTOTIC_SIGNALING_PATHWAY	0.694739527678	0.0033719983940599264	33
GO_REGULATION_OF_LIPASE_ACTIVITY	1.5399580125	3.7089876605625727e-07	25
GO_MESONEPHRIC_TUBULE_MORPHOGENESIS	1.66783283505	1.2690086966598213e-05	16
GO_NEPHRIC_DUCT_DEVELOPMENT	2.13230004358	0.0003646327435505043	7
GO_MYELOID_LEUKOCYTE_DIFFERENTIATION	1.17390736438	0.0001160780816737515	23
GO_REGULATION_OF_CELL_MATRIX_ADHESION	1.11392151427	0.0004209314843225096	21
GO_MONOCYTE_DIFFERENTIATION	2.02538483967	0.001627169723461232	6
GO_POSITIVE_REGULATION_OF_CELL_ACTIVATION	0.942558408537	1.0904735018315482e-06	55
GO_ODONTOGENESIS_OF_DENTIN_CONTAINING_TOOTH	1.23183571713	0.001095127198184885	15
GO_PROTEIN_LIPID_COMPLEX_SUBUNIT_ORGANIZATION	1.44042233895	0.00610355178722583	8
GO_NEGATIVE_REGULATION_OF_ANOIKIS	1.70345674478	0.0063583139555325454	6
GO_AGING	0.787395563279	0.00013584216449996636	46
GO_LATERAL_MESODERM_DEVELOPMENT	2.21802991761	0.005837343100291274	4
GO_CELL_PROJECTION_ASSEMBLY	0.88133847005	1.1634938386502838e-05	50
GO_REGULATION_OF_NITRIC_OXIDE_SYNTHASE_ACTIVITY	1.29955980311	0.001439673624132054	13
GO_REGULATION_OF_ADAPTIVE_IMMUNE_RESPONSE	1.02538483967	0.00035172280299675823	25
GO_FC_GAMMA_RECEPTOR_SIGNALING_PATHWAY	1.12356523361	0.0007105331709498556	19
GO_LUNG_MORPHOGENESIS	1.64687321641	2.897948957634816e-05	15
GO_MYELOID_CELL_DIFFERENTIATION	0.667832835048	0.005156202835954538	32
GO_REGULATION_OF_SMAD_PROTEIN_IMPORT_INTO_NUCLEUS	1.90990762225	0.0027093442776232467	6
GO_NEGATIVE_REGULATION_OF_CELLULAR_PROTEIN_LOCALIZATION	0.741591873666	0.008743026046019621	23
GO_NEGATIVE_REGULATION_OF_DEVELOPMENTAL_GROWTH	1.49700586731	4.2752612035675495e-07	26
GO_POSITIVE_REGULATION_OF_JUN_KINASE_ACTIVITY	1.17738793311	0.0016683121516724339	15
GO_SKELETAL_SYSTEM_MORPHOGENESIS	0.703456744779	0.004583889616603285	30
GO_NEGATIVE_REGULATION_OF_CALCIUM_MEDIATED_SIGNALING	1.92584916612	0.0010933534341795545	7
GO_REGULATION_OF_CYTOKINE_SECRETION	1.44042233895	9.097150867776523e-09	36
GO_POSITIVE_REGULATION_OF_BMP_SIGNALING_PATHWAY	1.61034734039	0.0014480431559906837	9
GO_EPITHELIAL_CELL_MATURATION	1.76235043383	0.010452464177131618	5
GO_REGULATION_OF_MAST_CELL_ACTIVATION_INVOLVED_IN_IMMUNE_RESPONSE	2.02538483967	3.068014749225866e-06	13
GO_POSITIVE_REGULATION_OF_CYTOSKELETON_ORGANIZATION	0.850610438563	0.0005032838369881553	33
GO_REGULATION_OF_LIPID_TRANSPORT	1.35161307199	3.1483200517130105e-05	21
GO_HINDLIMB_MORPHOGENESIS	1.44042233895	0.00610355178722583	8
GO_POSITIVE_REGULATION_OF_MACROPHAGE_CHEMOTAXIS	2.15091572175	0.0009077214840756695	6
GO_POSITIVE_REGULATION_OF_CYTOKINE_BIOSYNTHETIC_PROCESS	1.16031441975	0.002655906154550983	14
GO_SUPEROXIDE_METABOLIC_PROCESS	1.44042233895	0.0036877744958390244	9
GO_PHOSPHATIDYLCHOLINE_METABOLIC_PROCESS	1.02538483967	0.011509784432768549	12
GO_EMBRYONIC_HEART_TUBE_DEVELOPMENT	1.23020463155	0.0005313540077541003	17
GO_CENTRAL_NERVOUS_SYSTEM_NEURON_DEVELOPMENT	1.02538483967	0.011509784432768549	12
GO_FIBRINOLYSIS	1.90990762225	0.0027093442776232467	6
GO_POSITIVE_REGULATION_OF_BIOMINERAL_TISSUE_DEVELOPMENT	1.61034734039	0.00024088163379192706	12
GO_LIPID_LOCALIZATION	0.703456744779	0.001364302527004138	39
GO_ENTEROENDOCRINE_CELL_DIFFERENTIATION	1.76235043383	0.010452464177131618	5
GO_REGULATION_OF_EPITHELIAL_CELL_DIFFERENTIATION	1.39311662417	3.461169326885488e-07	30
GO_POSITIVE_REGULATION_OF_HOMEOSTATIC_PROCESS	0.785918904971	0.0007020955355779714	36
GO_FORMATION_OF_PRIMARY_GERM_LAYER	1.1866657467	3.6303697120641664e-05	26
GO_DIGESTION	1.44042233895	2.8351141612888835e-05	19
GO_POSITIVE_REGULATION_OF_REACTIVE_OXYGEN_SPECIES_METABOLIC_PROCESS	0.916860382888	0.008345703759098301	16
GO_ENDOCRINE_PANCREAS_DEVELOPMENT	1.55145365133	0.0020185109402033378	9
GO_PEPTIDE_TRANSPORT	1.2884192455	0.0006975607985461988	15
GO_NEGATIVE_REGULATION_OF_TRANSPORTER_ACTIVITY	1.14086205709	0.004226356851901288	13
GO_HORMONE_METABOLIC_PROCESS	1.2104167335	1.872111479619187e-05	27
GO_POSITIVE_REGULATION_OF_ENDOCYTOSIS	1.26865599068	3.883074284980192e-06	29
GO_CILIUM_ORGANIZATION	0.770127784424	0.0019059581473795998	31
GO_POSITIVE_REGULATION_OF_EPITHELIAL_CELL_PROLIFERATION	1.42928178134	4.4652635378415943e-10	43
GO_CENTRAL_NERVOUS_SYSTEM_NEURON_DIFFERENTIATION	0.770570940637	0.008030766263865723	22
GO_NEGATIVE_REGULATION_OF_SMOOTH_MUSCLE_CELL_PROLIFERATION	1.4848164583	0.0010221849696829982	11
GO_AMINO_ACID_IMPORT	1.88788131592	0.00677525815468463	5
GO_MESENCHYME_DEVELOPMENT	1.59044778295	1.4616762413694866e-14	54
GO_RESPONSE_TO_ORGANOPHOSPHORUS	1.27914143191	1.5368197454649254e-06	31
GO_ENDOTHELIAL_CELL_DIFFERENTIATION	1.24111353072	0.00033260745593045036	18
GO_GLIAL_CELL_DIFFERENTIATION	0.896101822721	0.0017656031382406925	24
GO_AMIDE_TRANSPORT	0.932275435275	0.009455694580292641	15
GO_OVULATION	1.80299241833	0.004252329747025735	6
GO_RESPONSE_TO_INCREASED_OXYGEN_LEVELS	1.56595322103	0.0033214316359340234	8
GO_DEFENSE_RESPONSE_TO_BACTERIUM	1.42782230217	4.68152958717733e-09	38
GO_POSITIVE_REGULATION_OF_INTERLEUKIN_6_PRODUCTION	1.38795491905	7.872462656033759e-05	18
GO_NEPHRON_EPITHELIUM_DEVELOPMENT	1.62328639609	1.7552039686555488e-08	28
GO_POSITIVE_REGULATION_OF_GROWTH	0.710874216341	0.0012346574697608371	39
GO_REGULATION_OF_REGULATED_SECRETORY_PATHWAY	1.20226260175	2.9569348377638025e-05	26
GO_REGULATION_OF_CELL_PROLIFERATION_INVOLVED_IN_KIDNEY_DEVELOPMENT	2.15091572175	0.0009077214840756695	6
GO_REGULATION_OF_B_CELL_ACTIVATION	1.08427852872	0.00017766634146374467	25
GO_PLATELET_AGGREGATION	1.39735361705	0.0017966734623460255	11
GO_POSITIVE_REGULATION_OF_CATION_CHANNEL_ACTIVITY	1.80299241833	5.201150419019276e-05	12
GO_NEURON_PROJECTION_EXTENSION	1.18408258569	0.0045210321267632	12
GO_POSITIVE_REGULATION_OF_CHEMOTAXIS	1.54539189855	3.302628373994851e-10	38
GO_VASCULAR_ENDOTHELIAL_GROWTH_FACTOR_RECEPTOR_SIGNALING_PATHWAY	1.37902179428	9.449519067104363e-06	23
GO_SENSORY_ORGAN_MORPHOGENESIS	0.929460419668	3.78686278682748e-05	40
GO_OUTFLOW_TRACT_MORPHOGENESIS	1.86311341077	3.513862578491263e-08	21
GO_REGULATION_OF_PLATELET_AGGREGATION	1.92584916612	0.0010933534341795545	7
GO_NEGATIVE_REGULATION_OF_EPITHELIAL_CELL_APOPTOTIC_PROCESS	1.48933193943	0.0016748649293861853	10
GO_NEGATIVE_REGULATION_OF_BLOOD_PRESSURE	1.67746153625	0.0002712356630515341	11
GO_BROWN_FAT_CELL_DIFFERENTIATION	1.32494512153	0.010368700314474687	8
GO_POSITIVE_REGULATION_OF_MYELOID_LEUKOCYTE_MEDIATED_IMMUNITY	2.5399580125	4.795210188498594e-07	10
GO_NEURON_MATURATION	1.44042233895	0.010164639492861807	7
GO_REGULATION_OF_TYROSINE_PHOSPHORYLATION_OF_STAT_PROTEIN	1.51842485095	1.1764983269476366e-05	19
GO_POSITIVE_REGULATION_OF_ACUTE_INFLAMMATORY_RESPONSE	2.21802991761	1.1521150079072948e-06	12
GO_IMPORT_INTO_CELL	1.2884192455	0.008012832014244702	9
GO_REGULATION_OF_VASCULAR_ENDOTHELIAL_GROWTH_FACTOR_RECEPTOR_SIGNALING_PATHWAY	2.08196836803	1.7285600499716252e-06	13
GO_REGULATION_OF_LEUKOCYTE_APOPTOTIC_PROCESS	0.980990720308	0.005317598997237303	16
GO_NEGATIVE_REGULATION_OF_IMMUNE_EFFECTOR_PROCESS	1.04353218638	0.0011141834282678259	20
GO_NEURAL_CREST_CELL_MIGRATION	1.44042233895	0.0003147895498643741	14
GO_REGULATION_OF_PEPTIDYL_TYROSINE_PHOSPHORYLATION	1.21802991761	5.374315553570936e-09	50
GO_POSITIVE_REGULATION_OF_MACROPHAGE_DERIVED_FOAM_CELL_DIFFERENTIATION	2.66281476028	1.1999485882672458e-05	7
GO_POSITIVE_REGULATION_OF_LYMPHOCYTE_DIFFERENTIATION	1.09047986789	0.0017454499363617204	17
GO_INOSITOL_LIPID_MEDIATED_SIGNALING	0.925849166115	0.0025444448132790486	21
GO_CHEMICAL_HOMEOSTASIS_WITHIN_A_TISSUE	2.44042233895	0.0002056295401324811	6
GO_NEGATIVE_REGULATION_OF_PLATELET_ACTIVATION	2.34731293455	3.0338907815246092e-06	10
GO_REGULATION_OF_JUN_KINASE_ACTIVITY	1.06845356156	0.0020867244648508066	17
GO_POSITIVE_REGULATION_OF_ORGAN_GROWTH	1.53062014792	0.0007536119479918796	11
GO_REGULATION_OF_MEMBRANE_REPOLARIZATION	1.61034734039	0.0014480431559906837	9
GO_REGULATION_OF_MYELOID_CELL_DIFFERENTIATION	0.875637720162	0.00044062838531964656	32
GO_REGULATION_OF_GLIOGENESIS	0.937921998416	0.007213067518963518	16
GO_DRUG_METABOLIC_PROCESS	2.02538483967	0.0006520303184994193	7
GO_REGULATION_OF_OXIDOREDUCTASE_ACTIVITY	1.06385898748	0.001223951844828589	19
GO_VENOUS_BLOOD_VESSEL_DEVELOPMENT	2.247777261	0.00018827324472976315	7
GO_CELLULAR_RESPONSE_TO_DRUG	1.15091572175	0.0020377188345332754	15
GO_RESPONSE_TO_LOW_DENSITY_LIPOPROTEIN_PARTICLE	2.32494512153	3.7107960024226364e-05	8
GO_REPLACEMENT_OSSIFICATION	1.44042233895	0.010164639492861807	7
GO_NEGATIVE_REGULATION_OF_MYELOID_LEUKOCYTE_DIFFERENTIATION	1.40089397476	0.0010990965669690064	12
GO_RESPONSE_TO_NUTRIENT	1.08831609539	1.685492988710758e-06	41
GO_REGULATION_OF_HEAT_GENERATION	2.21802991761	7.723516860248006e-05	8
GO_PHOSPHOLIPASE_C_ACTIVATING_G_PROTEIN_COUPLED_RECEPTOR_SIGNALING_PATHWAY	1.47079598799	8.99405050134602e-05	16
GO_VASOCONSTRICTION	1.51081166684	0.0075649182424150615	7
GO_NEGATIVE_CHEMOTAXIS	1.3029188152	0.004889190925006241	10
GO_NEGATIVE_REGULATION_OF_CELL_PROJECTION_ORGANIZATION	1.01379686539	8.631980703584983e-05	31
GO_POSITIVE_REGULATION_OF_ION_TRANSPORT	0.950096712362	1.7019306907354522e-05	42
GO_NEGATIVE_REGULATION_OF_CYTOKINE_PRODUCTION	0.736815341725	0.001547530965830787	35
GO_REVERSE_CHOLESTEROL_TRANSPORT	1.88788131592	0.00677525815468463	5
GO_DOPAMINE_METABOLIC_PROCESS	1.76235043383	0.010452464177131618	5
GO_REGULATION_OF_SYSTEMIC_ARTERIAL_BLOOD_PRESSURE_BY_HORMONE	1.88788131592	0.00012159064710967793	10
GO_SIGNAL_RELEASE	0.952628497231	0.00031373079598788473	29
GO_MONOCARBOXYLIC_ACID_BIOSYNTHETIC_PROCESS	1.14344060119	3.736895225859855e-06	35
GO_NEGATIVE_REGULATION_OF_VASCULATURE_DEVELOPMENT	1.70345674478	1.457175740978742e-08	26
GO_REGULATION_OF_LEUKOCYTE_MEDIATED_IMMUNITY	1.12726445369	9.069809033977518e-06	33
GO_GLOMERULAR_EPITHELIUM_DEVELOPMENT	2.2598500933	6.553750675618128e-06	10
GO_POSITIVE_REGULATION_OF_CALCIUM_ION_TRANSMEMBRANE_TRANSPORTER_ACTIVITY	1.64687321641	0.0006279748025041151	10
GO_REGULATION_OF_TYROSINE_PHOSPHORYLATION_OF_STAT5_PROTEIN	1.61034734039	0.009130042610668571	6
GO_PROTEIN_AUTOPHOSPHORYLATION	0.618567847192	0.007740802619549072	33
GO_ORGANIC_ACID_TRANSPORT	0.623286396095	0.00591705900001024	35
GO_BONE_MINERALIZATION	1.67746153625	0.0002712356630515341	11
GO_CELLULAR_COMPONENT_ASSEMBLY_INVOLVED_IN_MORPHOGENESIS	0.695883525074	0.001721285455353981	38
GO_RENAL_SYSTEM_PROCESS	1.499316028	6.854920689817104e-07	25
GO_NITRIC_OXIDE_METABOLIC_PROCESS	2.02538483967	0.0006520303184994193	7
GO_DEVELOPMENT_OF_PRIMARY_SEXUAL_CHARACTERISTICS	0.772997678032	0.0011448878746219754	34
GO_NEGATIVE_REGULATION_OF_INFLAMMATORY_RESPONSE	0.873381746221	0.007422904977346728	18
GO_LEUKOTRIENE_BIOSYNTHETIC_PROCESS	1.80299241833	0.004252329747025735	6
GO_MULTICELLULAR_ORGANISMAL_HOMEOSTASIS	1.11849424406	3.449211413847693e-08	52
GO_REGULATION_OF_TRANSPORTER_ACTIVITY	0.974758766596	5.7035901125646906e-05	35
GO_POSITIVE_REGULATION_OF_KIDNEY_DEVELOPMENT	1.75236634526	7.884346746228017e-05	12
GO_MESONEPHROS_DEVELOPMENT	1.69354127591	2.618109495468216e-09	29
GO_PEPTIDE_HORMONE_PROCESSING	1.63306741689	0.0023654757423107295	8
GO_REGULATION_OF_PROTEIN_IMPORT	1.04449366261	8.615412528401894e-06	38
GO_REGULATION_OF_METANEPHROS_DEVELOPMENT	1.51081166684	0.0075649182424150615	7
GO_COLLAGEN_FIBRIL_ORGANIZATION	2.11284768092	2.8267734243266823e-08	17
GO_NEGATIVE_REGULATION_OF_INTERFERON_GAMMA_PRODUCTION	1.32494512153	0.010368700314474687	8
GO_TRANSMEMBRANE_RECEPTOR_PROTEIN_SERINE_THREONINE_KINASE_SIGNALING_PATHWAY	1.19426175168	1.0379097259968457e-07	43
GO_CARDIAC_SEPTUM_MORPHOGENESIS	1.47518775711	0.00023632846815638064	14
GO_RESPONSE_TO_INTERFERON_ALPHA	1.58481224828	0.005490913595298931	7
GO_REGULATION_OF_RECEPTOR_ACTIVITY	0.823750978497	0.007375302880688099	20
GO_REGULATION_OF_JNK_CASCADE	0.887881315916	0.0005633541899210579	30
GO_REACTIVE_OXYGEN_SPECIES_METABOLIC_PROCESS	1.247777261	0.00010206676696896603	21
GO_POSITIVE_REGULATION_OF_CELL_JUNCTION_ASSEMBLY	1.44042233895	0.010164639492861807	7
GO_DENDRITIC_CELL_DIFFERENTIATION	1.5399580125	0.001231397254232276	10
GO_LEUKOCYTE_MEDIATED_IMMUNITY	1.15502012008	7.987277325780158e-06	32
GO_POSITIVE_REGULATION_OF_PROTEIN_KINASE_B_SIGNALING	1.34257501555	8.140758531082777e-05	19
GO_METANEPHROS_DEVELOPMENT	1.46350595206	8.220672236483954e-06	21
GO_TISSUE_REMODELING	1.72282206965	7.796315934073939e-10	30
GO_POSITIVE_REGULATION_OF_PROTEIN_POLYMERIZATION	0.903394315288	0.007356713596569543	17
GO_CHEMOKINE_MEDIATED_SIGNALING_PATHWAY	1.21802991761	0.0017560676398681193	14
GO_NEGATIVE_REGULATION_OF_HOMOTYPIC_CELL_CELL_ADHESION	1.16288836342	0.00018284416918211223	22
GO_RESPONSE_TO_HEAT	1.30917780567	5.1328692810441524e-05	21
GO_REGULATION_OF_MICROVILLUS_ORGANIZATION	2.02538483967	0.004108196031682225	5
GO_REACTIVE_NITROGEN_SPECIES_METABOLIC_PROCESS	1.83273976172	0.001738766196799167	7
GO_KIDNEY_MESENCHYME_DEVELOPMENT	2.02538483967	0.0006520303184994193	7
GO_GLOMERULUS_DEVELOPMENT	2.2884192455	4.078030047752568e-14	27
GO_REGULATION_OF_MUSCLE_CONTRACTION	1.2884192455	1.943459153189161e-06	30
GO_RESPONSE_TO_ATP	1.61034734039	0.0014480431559906837	9
GO_NEGATIVE_REGULATION_OF_CELL_SUBSTRATE_ADHESION	1.59912008496	2.5659868355725215e-05	16
GO_REGULATION_OF_ADHERENS_JUNCTION_ORGANIZATION	1.23397146148	0.0022722387947278185	13
GO_REGULATION_OF_BLOOD_CIRCULATION	1.01130965445	5.795209861286419e-07	51
GO_POSITIVE_REGULATION_OF_OSSIFICATION	1.46148395447	3.1769112757601875e-06	23
GO_REGULATION_OF_EXTRINSIC_APOPTOTIC_SIGNALING_PATHWAY	0.970102404165	0.0001240268661583549	32
GO_REGULATION_OF_CELL_FATE_SPECIFICATION	2.02538483967	0.004108196031682225	5
GO_REGULATION_OF_ERK1_AND_ERK2_CASCADE	1.04187296245	1.8356380373700982e-06	44
GO_RESPONSE_TO_ETHANOL	0.75689600374	0.008989077789277667	22
GO_REGULATION_OF_NUCLEOCYTOPLASMIC_TRANSPORT	0.935949756084	1.757226508167484e-05	43
GO_CYCLOOXYGENASE_PATHWAY	2.66281476028	1.1999485882672458e-05	7
GO_REGULATION_OF_SYSTEMIC_ARTERIAL_BLOOD_PRESSURE_BY_CIRCULATORY_RENIN_ANGIOTENSIN	2.51081166684	3.572791358395049e-05	7
GO_POSITIVE_REGULATION_OF_EXTRACELLULAR_MATRIX_ORGANIZATION	1.76235043383	0.010452464177131618	5
GO_POSITIVE_REGULATION_OF_HEMOPOIESIS	0.982316117774	8.21979192169725e-05	33
GO_POSITIVE_REGULATION_OF_EPITHELIAL_TO_MESENCHYMAL_TRANSITION	1.2884192455	0.008012832014244702	9
GO_MAMMARY_GLAND_DUCT_MORPHOGENESIS	1.49487012297	0.00275467713063867	9
GO_REGULATION_OF_ACTIN_CYTOSKELETON_REORGANIZATION	1.2884192455	0.008012832014244702	9
GO_REGULATION_OF_ORGANIC_ACID_TRANSPORT	1.34731293455	0.003821257929907591	10
GO_POSITIVE_REGULATION_OF_EPITHELIAL_CELL_APOPTOTIC_PROCESS	2.02538483967	4.3852620353160896e-05	10
GO_REGULATION_OF_STAT_CASCADE	1.16556249771	3.445437917790447e-05	27
GO_OUTFLOW_TRACT_SEPTUM_MORPHOGENESIS	2.2884192455	0.00046048197994559597	6
GO_POSITIVE_REGULATION_OF_TRANSMEMBRANE_TRANSPORT	1.01102954669	0.0004137505391637818	25
GO_COPULATION	2.66281476028	1.1999485882672458e-05	7
GO_NEGATIVE_REGULATION_OF_PROTEIN_SECRETION	0.98585647548	0.0031023566642470555	18
GO_REGULATION_OF_RENAL_SYSTEM_PROCESS	1.67174788505	0.0010146492469936584	9
GO_REGULATION_OF_TRANSMEMBRANE_RECEPTOR_PROTEIN_SERINE_THREONINE_KINASE_SIGNALING_PATHWAY	1.35796017875	8.54062995925441e-11	51
GO_NEGATIVE_REGULATION_OF_NEURON_DIFFERENTIATION	1.0723823192	3.997760354636774e-06	39
GO_REGULATION_OF_CYTOKINE_PRODUCTION_INVOLVED_IN_IMMUNE_RESPONSE	1.21802991761	0.0017560676398681193	14
GO_REGULATION_OF_PROTEIN_LOCALIZATION_TO_NUCLEUS	0.96911662002	7.579863550593285e-06	44
GO_MESODERM_DEVELOPMENT	1.11849424406	0.00016016988720259963	24
GO_ACUTE_INFLAMMATORY_RESPONSE	1.2598500933	0.0008774743522291692	15
GO_LYMPHOCYTE_MEDIATED_IMMUNITY	1.2598500933	1.9833064605869053e-05	25
GO_BLOOD_VESSEL_ENDOTHELIAL_CELL_MIGRATION	1.95499551177	7.450890060124828e-05	10
GO_MUSCLE_SYSTEM_PROCESS	1.12181460235	5.2009550306131135e-09	58
GO_REGULATION_OF_ODONTOGENESIS	2.10784699986	6.017028683953882e-05	9
GO_REGULATION_OF_HORMONE_SECRETION	0.813880734473	0.0003399153739525111	38
GO_NEGATIVE_REGULATION_OF_LIPID_TRANSPORT	1.58481224828	0.005490913595298931	7
GO_RESPONSE_TO_MECHANICAL_STIMULUS	1.09097318129	5.071150527551606e-07	45
GO_REGULATION_OF_FIBROBLAST_PROLIFERATION	1.26795514294	8.164082136711634e-05	21
GO_AMINOGLYCAN_METABOLIC_PROCESS	0.935187030695	0.00024989680184119825	31
GO_AXIS_ELONGATION	1.38152864989	0.008025923950549532	8
GO_LEUKOCYTE_DIFFERENTIATION	0.801012054202	3.965793612565408e-05	52
GO_RESPONSE_TO_LIPOPROTEIN_PARTICLE	1.93792199842	0.0004443074590822408	8
GO_PROTEIN_HETEROOLIGOMERIZATION	0.875637720162	0.011034470922842488	16
GO_REGULATION_OF_VASCULOGENESIS	1.90990762225	0.0027093442776232467	6
GO_G_PROTEIN_COUPLED_PURINERGIC_RECEPTOR_SIGNALING_PATHWAY	2.02538483967	0.00026353702510214746	8
GO_RETINA_DEVELOPMENT_IN_CAMERA_TYPE_EYE	1.11111471369	9.54533334012127e-05	26
GO_NEGATIVE_REGULATION_OF_EMBRYONIC_DEVELOPMENT	1.88788131592	0.00012159064710967793	10
GO_BASEMENT_MEMBRANE_ORGANIZATION	2.15091572175	0.0009077214840756695	6
GO_NEGATIVE_REGULATION_OF_IMMUNE_RESPONSE	1.27247770163	7.83433679431409e-06	27
GO_HORMONE_TRANSPORT	1.41240796278	9.740287928476257e-05	17
GO_PHENOL_CONTAINING_COMPOUND_METABOLIC_PROCESS	1.09249903552	0.010681315537372501	11
GO_POSITIVE_REGULATION_OF_MEMBRANE_DEPOLARIZATION	2.02538483967	0.010545185787055163	4
GO_VASCULOGENESIS	1.77384607267	1.304583150949489e-07	21
GO_REGULATION_OF_GRANULOCYTE_CHEMOTAXIS	1.78834564237	1.4252282762076427e-05	14
GO_NEPHRIC_DUCT_MORPHOGENESIS	2.02538483967	0.004108196031682225	5
GO_CELLULAR_RESPONSE_TO_PEPTIDE	0.710029398702	0.0006345901041230409	44
GO_HEART_MORPHOGENESIS	1.29894991299	9.187852856426758e-11	55
GO_POSITIVE_REGULATION_OF_MAP_KINASE_ACTIVITY	0.912684706917	5.0076622207632625e-05	40
GO_REGULATION_OF_CAMP_METABOLIC_PROCESS	1.02538483967	0.0013170197619887221	20
GO_REGULATION_OF_NUCLEOTIDE_METABOLIC_PROCESS	0.909907622246	0.0002277287398329865	33
GO_REGULATION_OF_LIPID_CATABOLIC_PROCESS	1.12726445369	0.00884269240547095	11
GO_GLAND_MORPHOGENESIS	1.42272033721	8.347908803465577e-07	27
GO_DEVELOPMENTAL_GROWTH_INVOLVED_IN_MORPHOGENESIS	1.32084072319	3.887859101082509e-06	27
GO_REGULATION_OF_INTERLEUKIN_13_PRODUCTION	2.02538483967	0.0006520303184994193	7
GO_MALE_SEX_DIFFERENTIATION	0.767587082199	0.007004736866351892	23
GO_MYELOID_LEUKOCYTE_MIGRATION	1.51949390994	5.061212452346213e-07	25
GO_REGULATION_OF_ORGAN_GROWTH	1.31266679175	0.00016716797679000765	18
GO_NEGATIVE_REGULATION_OF_SMOOTH_MUSCLE_CONTRACTION	1.80299241833	0.004252329747025735	6
GO_MULTICELLULAR_ORGANISMAL_WATER_HOMEOSTASIS	1.16288836342	0.0072584713500369324	11
GO_PROSTANOID_METABOLIC_PROCESS	2.16288836342	5.427637426721791e-06	11
GO_CELLULAR_RESPONSE_TO_VASCULAR_ENDOTHELIAL_GROWTH_FACTOR_STIMULUS	2.07429444015	2.977076145034401e-07	15
GO_ACTIN_CYTOSKELETON_REORGANIZATION	1.20435498071	0.0013565314872429311	15
GO_EXTRACELLULAR_MATRIX_DISASSEMBLY	1.86188610738	1.8028383329863203e-09	25
GO_POST_EMBRYONIC_DEVELOPMENT	0.903394315288	0.007356713596569543	17
GO_ACTIN_MEDIATED_CELL_CONTRACTION	1.18211034335	0.0008089884034407575	17
GO_METANEPHRIC_RENAL_VESICLE_MORPHOGENESIS	2.44042233895	0.0027710910020722675	4
GO_CELLULAR_IRON_ION_HOMEOSTASIS	1.21802991761	0.007715507222878677	10
GO_DEVELOPMENTAL_CELL_GROWTH	1.02538483967	0.005046713350968126	15
GO_PROTEIN_SECRETION	1.06015025783	0.0007204685050988364	21
GO_POSITIVE_REGULATION_OF_LEUKOCYTE_MEDIATED_IMMUNITY	1.04675849046	0.002482104213434092	17
GO_REGULATION_OF_VASODILATION	1.77162824742	3.353819630156458e-05	13
GO_BIOMINERAL_TISSUE_DEVELOPMENT	1.47079598799	8.99405050134602e-05	16
GO_EPITHELIAL_CELL_MORPHOGENESIS	1.70345674478	3.179662890451056e-05	14
GO_EPIBOLY	1.85545983822	0.0007139754629681417	8
GO_UNSATURATED_FATTY_ACID_METABOLIC_PROCESS	1.7579045288	2.8768383392420517e-09	27
GO_TRANSCYTOSIS	2.2884192455	0.00046048197994559597	6
GO_NEGATIVE_REGULATION_OF_SYSTEMIC_ARTERIAL_BLOOD_PRESSURE	2.02538483967	0.004108196031682225	5
GO_INSEMINATION	2.5399580125	0.00047140192845066746	5
GO_REGULATION_OF_STEM_CELL_DIFFERENTIATION	1.39461864933	2.1609569740440838e-07	31
GO_CELLULAR_RESPONSE_TO_INORGANIC_SUBSTANCE	0.91846963575	0.0009133952940720367	26
GO_POSITIVE_REGULATION_OF_PHOSPHOLIPID_METABOLIC_PROCESS	1.63836171656	0.0001056840428329539	13
GO_EPIDERMIS_DEVELOPMENT	0.739982620804	0.0023126785943107524	32
GO_RESPONSE_TO_MAGNESIUM_ION	1.85545983822	0.0007139754629681417	8
GO_RENAL_SYSTEM_PROCESS_INVOLVED_IN_REGULATION_OF_BLOOD_VOLUME	1.88788131592	0.00677525815468463	5
GO_POSITIVE_REGULATION_OF_CELL_MATRIX_ADHESION	1.31489145686	0.002992636208700811	11
GO_POSITIVE_REGULATION_OF_RESPONSE_TO_WOUNDING	1.55407912074	1.0706751642638063e-11	44
GO_CELL_MATURATION	1.05575848871	0.0003270961686438932	24
GO_POSITIVE_REGULATION_OF_IMMUNE_EFFECTOR_PROCESS	1.24111353072	4.660299728864457e-07	36
GO_PLATELET_ACTIVATION	1.2575582818	2.3648419484867797e-07	37
GO_NEGATIVE_REGULATION_OF_WNT_SIGNALING_PATHWAY	0.657653055166	0.006485202722573115	31
GO_EMBRYONIC_DIGESTIVE_TRACT_DEVELOPMENT	1.78437674016	0.00012332365229354	11
GO_RESPONSE_TO_NICOTINE	1.2884192455	0.008012832014244702	9
GO_ENDOCRINE_PROCESS	1.86784356268	1.3999556219105963e-05	13
GO_ACTIN_FILAMENT_BASED_MOVEMENT	1.16288836342	0.00018284416918211223	22
GO_REGULATION_OF_HORMONE_METABOLIC_PROCESS	1.51081166684	0.0075649182424150615	7
GO_REGULATION_OF_LYMPHOCYTE_DIFFERENTIATION	0.770570940637	0.008030766263865723	22
GO_POSITIVE_REGULATION_OF_ASTROCYTE_DIFFERENTIATION	1.88788131592	0.00677525815468463	5
GO_HEMOSTASIS	1.28430313703	4.460024090899879e-13	70
GO_MONOCYTE_CHEMOTAXIS	1.49487012297	0.00275467713063867	9
GO_CELLULAR_RESPONSE_TO_REACTIVE_OXYGEN_SPECIES	0.839518294355	0.0065045213349162285	20
GO_LUNG_ALVEOLUS_DEVELOPMENT	1.76235043383	9.19985152126031e-06	15
GO_APPENDAGE_DEVELOPMENT	1.06191071569	5.763831825548056e-05	30
GO_PALATE_DEVELOPMENT	1.14402933616	0.0005869743957719135	19
GO_CELL_CELL_ADHESION_VIA_PLASMA_MEMBRANE_ADHESION_MOLECULES	1.09377181465	8.836600799666096e-05	27
GO_SKIN_DEVELOPMENT	0.828083399293	0.0013805579341008025	29
GO_CELLULAR_RESPONSE_TO_EXTERNAL_STIMULUS	0.664637495888	0.0012429628115462811	44
GO_WOUND_HEALING_SPREADING_OF_EPIDERMAL_CELLS	2.34731293455	0.0011295004138017564	5
GO_CELLULAR_TRANSITION_METAL_ION_HOMEOSTASIS	1.11849424406	0.0018941673471315637	16
GO_DEFENSE_RESPONSE_TO_FUNGUS	1.93792199842	0.0004443074590822408	8
GO_NEGATIVE_REGULATION_OF_OXIDOREDUCTASE_ACTIVITY	1.58481224828	0.005490913595298931	7
GO_NEGATIVE_REGULATION_OF_EPITHELIAL_CELL_MIGRATION	1.74975039705	7.04577748182141e-07	19
GO_MUSCLE_TISSUE_DEVELOPMENT	0.902988208307	1.1317140358983715e-05	48
GO_CARDIAC_MUSCLE_CELL_CONTRACTION	1.44042233895	0.00610355178722583	8
GO_POSITIVE_REGULATION_OF_TUMOR_NECROSIS_FACTOR_SUPERFAMILY_CYTOKINE_PRODUCTION	1.2974643851	0.0004329029993877156	16
GO_HUMORAL_IMMUNE_RESPONSE	1.65034540832	9.79874217993353e-10	32
GO_CELLULAR_RESPONSE_TO_MECHANICAL_STIMULUS	1.14402933616	0.0005869743957719135	19
GO_CELL_DIFFERENTIATION_INVOLVED_IN_KIDNEY_DEVELOPMENT	2.07118852928	1.2388133133074355e-07	16
GO_REGULATION_OF_TUMOR_NECROSIS_FACTOR_SUPERFAMILY_CYTOKINE_PRODUCTION	1.12268204102	0.00020755796897901875	23
GO_ORGANONITROGEN_COMPOUND_CATABOLIC_PROCESS	0.538760258138	0.0073722066286343755	43
GO_RESPONSE_TO_VITAMIN_A	1.61034734039	0.009130042610668571	6
GO_REGULATION_OF_HEART_RATE	1.00153809771	0.005948899633981322	15
GO_PLACENTA_DEVELOPMENT	0.849062067026	0.0023131653968046268	25
GO_REGULATION_OF_LEUKOCYTE_CHEMOTAXIS	1.72160409149	2.1922763926082053e-10	32
GO_NEGATIVE_REGULATION_OF_BMP_SIGNALING_PATHWAY	1.39735361705	0.0017966734623460255	11
GO_PLASMA_LIPOPROTEIN_PARTICLE_CLEARANCE	2.02538483967	0.00026353702510214746	8
GO_ADENYLATE_CYCLASE_ACTIVATING_G_PROTEIN_COUPLED_RECEPTOR_SIGNALING_PATHWAY	1.16288836342	0.0072584713500369324	11
GO_EPITHELIAL_TO_MESENCHYMAL_TRANSITION	1.44042233895	0.00019391070596407837	15
GO_REGULATION_OF_HEART_CONTRACTION	0.931057457118	7.090718230088084e-05	37
GO_POSITIVE_REGULATION_OF_PROTEIN_IMPORT	0.991437507743	0.0013939906364715037	21
GO_NITRIC_OXIDE_MEDIATED_SIGNAL_TRANSDUCTION	2.02538483967	0.001627169723461232	6
GO_RESPONSE_TO_PHENYLPROPANOID	2.02538483967	0.010545185787055163	4
GO_MOVEMENT_IN_ENVIRONMENT_OF_OTHER_ORGANISM_INVOLVED_IN_SYMBIOTIC_INTERACTION	0.983564663972	0.004059053092644085	17
GO_REGULATION_OF_TYROSINE_PHOSPHORYLATION_OF_STAT3_PROTEIN	1.35553344136	0.002333321479622255	11
GO_PATTERNING_OF_BLOOD_VESSELS	1.59242543239	0.0008884824002452166	10
GO_COLUMNAR_CUBOIDAL_EPITHELIAL_CELL_DIFFERENTIATION	1.24516604755	5.0182920681198104e-05	23
GO_NEGATIVE_REGULATION_OF_MULTICELLULAR_ORGANISMAL_METABOLIC_PROCESS	2.37330814309	8.778239318126648e-05	7
GO_TRANSMISSION_OF_NERVE_IMPULSE	1.32494512153	0.010368700314474687	8
GO_POSITIVE_REGULATION_OF_CAMP_METABOLIC_PROCESS	0.974758766596	0.00916810050799397	14
GO_TRIGLYCERIDE_CATABOLIC_PROCESS	1.90990762225	0.0027093442776232467	6
GO_DETECTION_OF_STIMULUS	0.652830671709	0.009765218245271797	28
GO_ENDOTHELIUM_DEVELOPMENT	1.45834424694	4.778034974650564e-07	27
GO_NEGATIVE_REGULATION_OF_ANTIGEN_RECEPTOR_MEDIATED_SIGNALING_PATHWAY	1.58481224828	0.005490913595298931	7
GO_POSITIVE_REGULATION_OF_B_CELL_PROLIFERATION	1.31489145686	0.002992636208700811	11
GO_REGULATION_OF_NEURAL_PRECURSOR_CELL_PROLIFERATION	1.08196836803	0.006155136952586496	13
GO_POSITIVE_REGULATION_OF_NEURON_PROJECTION_DEVELOPMENT	0.950617071264	5.465155071041657e-06	47
GO_OSTEOCLAST_DIFFERENTIATION	1.38795491905	0.004851321610398189	9
GO_SUBSTRATE_ADHESION_DEPENDENT_CELL_SPREADING	1.72282206965	1.3721400355526927e-05	15
GO_REGULATION_OF_ENDOCYTOSIS	1.2222421689	6.856570498598721e-09	49
GO_AROMATIC_AMINO_ACID_FAMILY_CATABOLIC_PROCESS	1.80299241833	0.004252329747025735	6
GO_NEGATIVE_REGULATION_OF_LEUKOCYTE_DIFFERENTIATION	1.06845356156	0.0020867244648508066	17
GO_RESPONSE_TO_REACTIVE_OXYGEN_SPECIES	1.0513800482	2.599147221291078e-06	42
GO_SPROUTING_ANGIOGENESIS	1.70345674478	8.728999615509916e-06	16
GO_MUSCLE_CONTRACTION	1.09615791408	2.5456983373394236e-07	47
GO_REGULATION_OF_VASCULAR_ENDOTHELIAL_GROWTH_FACTOR_PRODUCTION	1.75236634526	7.884346746228017e-05	12
GO_SEMAPHORIN_PLEXIN_SIGNALING_PATHWAY	1.59654154086	0.0001493447874272031	13
GO_REGULATION_OF_LYMPHOCYTE_MEDIATED_IMMUNITY	0.813880734473	0.009549124529633584	19
GO_SALIVARY_GLAND_DEVELOPMENT	1.72992895614	0.00018511188635627853	11
GO_REGULATION_OF_CELLULAR_EXTRAVASATION	1.77745732622	0.0011011964927955826	8
GO_NEGATIVE_REGULATION_OF_CELLULAR_RESPONSE_TO_GROWTH_FACTOR_STIMULUS	1.3029188152	1.5395275676810894e-06	30
GO_NEGATIVE_REGULATION_OF_ENDOTHELIAL_CELL_APOPTOTIC_PROCESS	1.50182288361	0.004551715576968851	8
GO_MICROGLIAL_CELL_ACTIVATION	2.15091572175	0.0009077214840756695	6
GO_POSITIVE_REGULATION_OF_CATION_TRANSMEMBRANE_TRANSPORT	1.02538483967	0.0017190696248064604	19
GO_REGULATION_OF_INTERLEUKIN_6_PRODUCTION	1.09249903552	0.0003890365611216273	22
GO_NEGATIVE_REGULATION_OF_CELL_MORPHOGENESIS_INVOLVED_IN_DIFFERENTIATION	1.41156747627	6.45664046926339e-08	33
GO_GLANDULAR_EPITHELIAL_CELL_DIFFERENTIATION	1.49487012297	0.00275467713063867	9
GO_SENSORY_PERCEPTION_OF_PAIN	1.41067499555	0.00015759660821511206	16
GO_REGULATION_OF_CATENIN_IMPORT_INTO_NUCLEUS	1.44042233895	0.00610355178722583	8
GO_NEUTROPHIL_ACTIVATION_INVOLVED_IN_IMMUNE_RESPONSE	2.17738793311	0.0022843390057516438	5
GO_RESPONSE_TO_KETONE	0.855459838224	0.0005708086999268345	32
GO_POSITIVE_REGULATION_OF_LIPID_KINASE_ACTIVITY	1.90990762225	2.0917219427807738e-05	12
GO_REGULATION_OF_PROTEIN_AUTOPHOSPHORYLATION	1.65615103	0.0001693600055597754	12
GO_REGULATION_OF_MONOCYTE_CHEMOTAXIS	1.93792199842	0.0004443074590822408	8
GO_CELL_FATE_COMMITMENT	0.827445462054	0.0005680583008081816	34
GO_MUSCLE_CELL_DIFFERENTIATION	0.734153542002	0.0010373215914272799	38
GO_POSITIVE_REGULATION_OF_CYCLIC_NUCLEOTIDE_METABOLIC_PROCESS	1.00432322414	0.003461209973178478	17
GO_POSITIVE_REGULATION_OF_LIPASE_ACTIVITY	1.59242543239	2.800030209836674e-06	20
GO_ENDODERM_FORMATION	1.36827255319	0.0008774964256358601	13
GO_POSITIVE_REGULATION_OF_VASCULAR_ENDOTHELIAL_GROWTH_FACTOR_RECEPTOR_SIGNALING_PATHWAY	1.61034734039	0.009130042610668571	6
GO_REGULATION_OF_ENDOTHELIAL_CELL_APOPTOTIC_PROCESS	1.84481259402	3.900189600720974e-06	15
GO_POSITIVE_REGULATION_OF_ACTIVATED_T_CELL_PROLIFERATION	1.44042233895	0.010164639492861807	7
GO_POSITIVE_REGULATION_OF_STRESS_ACTIVATED_PROTEIN_KINASE_SIGNALING_CASCADE	1.03832389537	0.0001360072531378953	28
GO_RETINA_VASCULATURE_DEVELOPMENT_IN_CAMERA_TYPE_EYE	2.5779258627	7.96629046881696e-08	11
GO_REGULATION_OF_SYSTEMIC_ARTERIAL_BLOOD_PRESSURE_MEDIATED_BY_A_CHEMICAL_SIGNAL	1.62683546318	0.0003888086714562579	11
GO_GASTRULATION	1.03706664471	6.22907706485757e-05	31
GO_NEGATIVE_REGULATION_OF_ADAPTIVE_IMMUNE_RESPONSE	1.33732884598	0.006280727116838533	9
GO_APICAL_JUNCTION_ASSEMBLY	1.55589955637	0.00020765735630426163	13
GO_TERPENOID_METABOLIC_PROCESS	1.35161307199	3.1483200517130105e-05	21
GO_RESPONSE_TO_INTERLEUKIN_1	0.830368857261	0.00843342532062008	19
GO_REGULATION_OF_AXON_GUIDANCE	1.76235043383	9.19985152126031e-06	15
GO_REGULATION_OF_NEUROLOGICAL_SYSTEM_PROCESS	1.33350713503	0.0011297443354928737	13
GO_HIGH_DENSITY_LIPOPROTEIN_PARTICLE_REMODELING	2.02538483967	0.004108196031682225	5
GO_NEGATIVE_REGULATION_OF_LEUKOCYTE_MIGRATION	1.50182288361	0.004551715576968851	8
GO_NEGATIVE_REGULATION_OF_AXON_EXTENSION	1.39735361705	0.0017966734623460255	11
GO_REGULATION_OF_ACUTE_INFLAMMATORY_RESPONSE	2.10784699986	2.5892206508373997e-12	27
GO_NEGATIVE_REGULATION_OF_CHEMOTAXIS	1.70345674478	8.728999615509916e-06	16
GO_CELL_SUBSTRATE_ADHESION	1.51949390994	1.2194249167800028e-12	50
GO_POSITIVE_REGULATION_OF_VASCULAR_ENDOTHELIAL_GROWTH_FACTOR_PRODUCTION	1.76235043383	0.00029232606527627937	10
GO_VASCULAR_ENDOTHELIAL_GROWTH_FACTOR_SIGNALING_PATHWAY	2.38795491905	7.0125535912800396e-06	9
GO_POSITIVE_REGULATION_OF_CALCIUM_MEDIATED_SIGNALING	1.3029188152	0.004889190925006241	10
GO_CYCLIC_NUCLEOTIDE_MEDIATED_SIGNALING	1.21802991761	0.007715507222878677	10
GO_NEGATIVE_REGULATION_OF_EPITHELIAL_CELL_DIFFERENTIATION	1.8189339622	2.1932936664619577e-05	13
GO_REGULATION_OF_EPITHELIAL_TO_MESENCHYMAL_TRANSITION	1.62683546318	5.573601429000133e-07	22
GO_OUTER_DYNEIN_ARM_ASSEMBLY	2.34731293455	0.0011295004138017564	5
GO_LYMPH_VESSEL_DEVELOPMENT	2.44042233895	1.0400089200374829e-07	12
GO_SEMAPHORIN_PLEXIN_SIGNALING_PATHWAY_INVOLVED_IN_NEURON_PROJECTION_GUIDANCE	1.90990762225	0.0027093442776232467	6
GO_NEPHRON_DEVELOPMENT	1.84784665411	8.858954686613002e-15	42
GO_MUCOPOLYSACCHARIDE_METABOLIC_PROCESS	0.813880734473	0.009549124529633584	19
GO_RENAL_FILTRATION	2.83273976172	2.9859505232706953e-06	7
GO_MECHANORECEPTOR_DIFFERENTIATION	1.3029188152	0.004889190925006241	10
GO_SEX_DIFFERENTIATION	0.89518611654	2.4203452918053185e-05	45
GO_EXTRACELLULAR_FIBRIL_ORGANIZATION	2.02538483967	0.001627169723461232	6
GO_PLATELET_DEGRANULATION	2.00746293167	3.380803510339733e-16	40
GO_NEGATIVE_REGULATION_OF_RESPONSE_TO_WOUNDING	1.35659074814	1.4127076700294115e-08	39
GO_RESPONSE_TO_VITAMIN	1.24516604755	5.0182920681198104e-05	23
GO_REGULATION_OF_DENDRITE_DEVELOPMENT	0.982740502258	0.0005671739383520188	25
GO_ENDOCHONDRAL_BONE_MORPHOGENESIS	1.17738793311	0.009531996074317544	10
GO_REGULATION_OF_ENDOTHELIAL_CELL_CHEMOTAXIS	1.92584916612	0.0010933534341795545	7
GO_POSITIVE_REGULATION_OF_PHOSPHOLIPASE_ACTIVITY	1.53353174334	4.919318563019854e-05	16
GO_DEVELOPMENTAL_MATURATION	0.932938590902	0.00013298004915979973	34
GO_EPITHELIAL_CELL_PROLIFERATION	1.20824889682	0.0001569145678811092	21
GO_VENTRICULAR_CARDIAC_MUSCLE_CELL_ACTION_POTENTIAL	1.76235043383	0.010452464177131618	5
GO_RESPONSE_TO_PROTOZOAN	1.58481224828	0.005490913595298931	7
GO_REGULATION_OF_CHOLESTEROL_STORAGE	2.15091572175	0.0009077214840756695	6
GO_BICELLULAR_TIGHT_JUNCTION_ASSEMBLY	1.33732884598	0.006280727116838533	9
GO_POSITIVE_REGULATION_OF_SMOOTH_MUSCLE_CONTRACTION	1.77745732622	0.0011011964927955826	8
GO_REGULATION_OF_CELL_PROJECTION_ASSEMBLY	0.932275435275	0.00032366350550791344	30
GO_INTEGRIN_MEDIATED_SIGNALING_PATHWAY	1.53234482839	1.4499316403750367e-07	27
GO_NEURON_MIGRATION	1.25599776781	6.405142989781483e-05	22
GO_POSITIVE_REGULATION_OF_PATHWAY_RESTRICTED_SMAD_PROTEIN_PHOSPHORYLATION	1.94292267947	2.641760859120064e-07	17
GO_ENDODERM_DEVELOPMENT	1.1924948255	0.0010476351332149576	16
GO_REGULATION_OF_FAT_CELL_DIFFERENTIATION	0.991437507743	0.0013939906364715037	21
GO_POSITIVE_REGULATION_OF_DENDRITIC_SPINE_DEVELOPMENT	1.34731293455	0.003821257929907591	10
GO_ANTERIOR_POSTERIOR_PATTERN_SPECIFICATION	0.828083399293	0.0013805579341008025	29
GO_POSITIVE_REGULATION_OF_CELL_CELL_ADHESION	0.828347992607	0.00016158261704171561	41
GO_NEGATIVE_REGULATION_OF_PROTEIN_SERINE_THREONINE_KINASE_ACTIVITY	0.91846963575	0.0009133952940720367	26
GO_BRANCHING_MORPHOGENESIS_OF_AN_EPITHELIAL_TUBE	1.529427345	2.8334750622797155e-10	39
GO_GLIOGENESIS	0.982316117774	8.21979192169725e-05	33
GO_RESPONSE_TO_TRANSITION_METAL_NANOPARTICLE	0.970937055644	0.0005086608973432408	26
GO_PEPTIDE_CROSS_LINKING	1.67174788505	0.0010146492469936584	9
GO_REGULATION_OF_NF_KAPPAB_IMPORT_INTO_NUCLEUS	1.40089397476	0.0010990965669690064	12
GO_EXOCRINE_SYSTEM_DEVELOPMENT	1.55589955637	0.00020765735630426163	13
GO_CELLULAR_HORMONE_METABOLIC_PROCESS	1.02538483967	0.005046713350968126	15
GO_B_CELL_RECEPTOR_SIGNALING_PATHWAY	1.66281476028	4.617639632848671e-05	14
GO_EXTRACELLULAR_STRUCTURE_ORGANIZATION	1.86560439563	1.648440467099565e-37	111
GO_KIDNEY_MORPHOGENESIS	1.44042233895	1.0914566060896208e-05	21
GO_INTESTINAL_EPITHELIAL_CELL_DIFFERENTIATION	1.76235043383	0.010452464177131618	5
GO_MORPHOGENESIS_OF_AN_ENDOTHELIUM	1.61034734039	0.009130042610668571	6
