node	log2fold	underenrichment_p_value	node_size
GO_CELL_CYCLE_PHASE_TRANSITION	-1.38554826128	6.135866437051129e-05	11
GO_NUCLEAR_CHROMOSOME_SEGREGATION	-4.4503485913	1.7145114815449328e-09	1
GO_TRANSLATIONAL_INITIATION	-2.44493509511	3.2011474241489885e-05	3
GO_DNA_REPLICATION	-2.19958152533	2.499041134477391e-06	5
GO_PROTEIN_ACETYLATION	-2.11757311418	0.0005913220790343934	3
GO_PROTEIN_MODIFICATION_BY_SMALL_PROTEIN_REMOVAL	-3.60397178041	3.340392842017568e-05	1
GO_PROTEIN_POLYUBIQUITINATION	-1.9486199518	1.6581258577775832e-06	7
GO_NUCLEOSIDE_MONOPHOSPHATE_METABOLIC_PROCESS	-1.15903973147	0.0010174814895079973	11
GO_PROTEIN_DNA_COMPLEX_SUBUNIT_ORGANIZATION	-2.10389817728	7.545521390360916e-05	4
GO_PROTEIN_SUMOYLATION	-3.64704050231	2.3132511690531446e-05	1
GO_RNA_MODIFICATION	-2.52920401201	0.0004358562380131658	2
GO_PROTEIN_LOCALIZATION_TO_ENDOPLASMIC_RETICULUM	-3.82010521128	4.664371314399096e-06	1
GO_MACROMOLECULAR_COMPLEX_DISASSEMBLY	-2.01023907006	2.7716863121721153e-05	5
GO_PROTEIN_ALKYLATION	-3.33216716495	0.00026318253569503595	1
GO_NEGATIVE_REGULATION_OF_PROTEIN_MODIFICATION_BY_SMALL_PROTEIN_CONJUGATION_OR_REMOVAL	-1.95189508383	0.00032021406985164046	4
GO_GENE_SILENCING_BY_RNA	-3.41755865618	0.00014391340079312868	1
GO_DNA_CONFORMATION_CHANGE	-4.41755865618	2.8484375398792456e-09	1
GO_CHROMOSOME_SEGREGATION	-3.73616639278	1.870941636862874e-10	2
GO_SISTER_CHROMATID_COHESION	-3.55957766105	4.819413652465409e-05	1
GO_CHROMATIN_ASSEMBLY_OR_DISASSEMBLY	-2.41755865618	0.0009489849952329213	2
GO_CELLULAR_PROTEIN_COMPLEX_DISASSEMBLY	-3.8075051745	5.278342903231047e-06	1
GO_MITOTIC_CELL_CYCLE_CHECKPOINT	-1.89347839761	0.000530956061466443	4
GO_POSITIVE_REGULATION_OF_PROTEIN_MODIFICATION_BY_SMALL_PROTEIN_CONJUGATION_OR_REMOVAL	-1.61020373412	0.00014748068498681834	7
GO_CHROMATIN_REMODELING	-1.84497987992	0.0007921759945104945	4
GO_TRANSLATIONAL_ELONGATION	-3.64704050231	2.3132511690531446e-05	1
GO_PROTEASOMAL_PROTEIN_CATABOLIC_PROCESS	-2.91125309934	6.056491977652198e-10	4
GO_PROTEIN_ACYLATION	-1.70796950095	0.0006078937612865522	5
GO_REGULATION_OF_CHROMOSOME_SEGREGATION	-3.12436227984	0.0009809388868314121	1
GO_REGULATION_OF_PROTEIN_MODIFICATION_BY_SMALL_PROTEIN_CONJUGATION_OR_REMOVAL	-1.48096782636	1.5067107986799258e-05	11
GO_REGULATION_OF_SIGNAL_TRANSDUCTION_BY_P53_CLASS_MEDIATOR	-2.53939977912	1.1770627213823634e-05	3
GO_DNA_RECOMBINATION	-4.40924338797	3.233566858555592e-09	1
GO_REGULATION_OF_CHROMOSOME_ORGANIZATION	-1.06812704626	0.0006952490247278816	14
GO_NUCLEAR_EXPORT	-2.98584241576	7.837532631059297e-06	2
GO_DNA_GEOMETRIC_CHANGE	-3.22254267378	0.0005406422513071076	1
GO_REGULATION_OF_LIGASE_ACTIVITY	-3.84497987992	3.641555385006227e-06	1
GO_DNA_INTEGRITY_CHECKPOINT	-1.91712966567	0.00043403413437888635	4
GO_RNA_3_END_PROCESSING	-3.38400609647	0.0001832856728997558	1
GO_RRNA_METABOLIC_PROCESS	-4.82010521128	2.2242685343009502e-12	1
GO_REGULATION_OF_RNA_SPLICING	-3.36693258311	0.0002068048944599427	1
GO_METHYLATION	-1.38965265961	0.0002790061966280559	9
GO_NCRNA_TRANSCRIPTION	-3.22254267378	0.0005406422513071076	1
GO_RNA_CATABOLIC_PROCESS	-4.60397178041	1.3430537092741174e-10	1
GO_MITOCHONDRIAL_TRANSPORT	-2.09355623306	8.377333944897406e-05	4
GO_NUCLEIC_ACID_PHOSPHODIESTER_BOND_HYDROLYSIS	-3.09701179169	5.096034828950711e-09	3
GO_CELL_CYCLE_CHECKPOINT	-2.32334331456	6.487861271078972e-06	4
GO_OXIDATIVE_PHOSPHORYLATION	-3.18406852596	0.0006864559699874294	1
GO_MACROMOLECULE_METHYLATION	-4.15452425035	1.1074544630502803e-07	1
GO_REGULATION_OF_GENE_EXPRESSION_EPIGENETIC	-1.81255840222	0.0002297043688087077	5
GO_SISTER_CHROMATID_SEGREGATION	-4.20343385083	5.907776594387381e-08	1
GO_GENE_SILENCING	-2.9053524979	1.7754293925166906e-05	2
GO_NUCLEOBASE_CONTAINING_COMPOUND_TRANSPORT	-3.33216716495	1.217711330142775e-07	2
GO_NUCLEUS_ORGANIZATION	-2.79479412275	5.033352424535237e-05	2
GO_RNA_SPLICING_VIA_TRANSESTERIFICATION_REACTIONS	-4.89347839761	4.745192520706771e-13	1
