node	log2fold	enrichment_p_value	node_size
GO_MITOTIC_CHROMOSOME_CONDENSATION	3.58119704214	3.49833718301944e-05	5
GO_NEGATIVE_REGULATION_OF_LEUKOCYTE_APOPTOTIC_PROCESS	2.41538814917	0.0007867287054062899	6
GO_LYMPHOCYTE_DIFFERENTIATION	1.32412009161	0.001506654355428573	14
GO_POSITIVE_REGULATION_OF_CYTOKINESIS	3.50027704676	2.326022416062185e-07	8
GO_POSITIVE_REGULATION_OF_CELL_DIVISION	2.3274404499	2.589402503154932e-07	15
GO_REGULATION_OF_MICROTUBULE_BASED_PROCESS	1.67254598867	2.9753176555618263e-06	21
GO_CELL_CYCLE_PHASE_TRANSITION	1.67430644654	5.774600454020859e-07	24
GO_CHROMOSOME_LOCALIZATION	2.93222792898	8.80368087884308e-09	13
GO_NEGATIVE_REGULATION_OF_DEFENSE_RESPONSE	1.63778057051	0.0008249306965286496	11
GO_CYTOKINESIS	2.35484660724	3.3229070773633476e-06	12
GO_NUCLEAR_CHROMOSOME_SEGREGATION	2.80590332932	8.992763472384952e-23	40
GO_NEGATIVE_REGULATION_OF_MITOTIC_CELL_CYCLE	1.55031772926	0.0001220955491741914	16
GO_DNA_REPLICATION	1.58273920695	3.483006703674052e-05	18
GO_REGULATION_OF_HEMOPOIESIS	1.28282367524	0.0003388397466108143	19
GO_CELL_CYCLE_G1_S_PHASE_TRANSITION	2.00193690079	2.083853832430095e-05	13
GO_REGULATION_OF_CYTOKINE_BIOSYNTHETIC_PROCESS	1.78978366396	0.0011436810552280803	9
GO_REGULATION_OF_INTERFERON_GAMMA_PRODUCTION	2.31585247562	4.4534985523148485e-06	12
GO_REGULATION_OF_CYTOKINESIS	2.83417778331	2.6316510410388734e-07	11
GO_NEGATIVE_REGULATION_OF_HEMOPOIESIS	1.72704790861	0.0008708495944154	10
GO_STEM_CELL_PROLIFERATION	2.09463824548	0.0011579234747119884	7
GO_POSITIVE_REGULATION_OF_MITOTIC_CELL_CYCLE	1.69121982947	0.000603441147309512	11
GO_REGULATION_OF_HOMOTYPIC_CELL_CELL_ADHESION	1.51827347605	9.931721292224462e-06	22
GO_ATP_DEPENDENT_CHROMATIN_REMODELING	2.06662386931	0.0013016156941752575	7
GO_MITOTIC_G2_M_TRANSITION_CHECKPOINT	2.9597086654	0.0014111593632701077	4
GO_NEGATIVE_REGULATION_OF_T_CELL_DIFFERENTIATION	2.63778057051	0.001049137268601019	5
GO_PROTEIN_LOCALIZATION_TO_KINETOCHORE	3.54467116612	0.0016382766837590365	3
GO_REGULATION_OF_CYCLIN_DEPENDENT_PROTEIN_KINASE_ACTIVITY	2.09721218915	4.8164756059299784e-05	11
GO_REGULATION_OF_CELL_KILLING	2.28728332343	0.00020381515085345577	8
GO_RESPONSE_TO_TYPE_I_INTERFERON	3.56739124262	8.076377082434921e-14	16
GO_REGULATION_OF_PROTEIN_BINDING	1.4122208701	0.0012652892668868659	13
GO_METAPHASE_PLATE_CONGRESSION	3.13373806517	2.5382122385598165e-08	11
GO_T_CELL_DIFFERENTIATION	1.57365023309	0.0011926129797269393	11
GO_POSITIVE_REGULATION_OF_CD4_POSITIVE_ALPHA_BETA_T_CELL_ACTIVATION	2.69667425956	0.0008618589243134855	5
GO_DNA_REPLICATION_INDEPENDENT_NUCLEOSOME_ORGANIZATION	2.87224582415	9.393147009481175e-06	8
GO_REGULATION_OF_T_CELL_PROLIFERATION	1.65095595926	0.0007640818443752446	11
GO_RESPONSE_TO_ACTIVITY	2.09463824548	0.0011579234747119884	7
GO_HISTONE_EXCHANGE	2.81286727707	4.5814817053593686e-05	7
GO_REGULATION_OF_BINDING	1.20482116323	0.0009058458798149816	18
GO_CELL_DIFFERENTIATION_INVOLVED_IN_EMBRYONIC_PLACENTA_DEVELOPMENT	2.9597086654	0.00034962422069000076	5
GO_DNA_CONFORMATION_CHANGE	2.04032712561	9.174498735000507e-09	23
GO_PROTEIN_LOCALIZATION_TO_CHROMOSOME_CENTROMERIC_REGION	3.63778057051	0.0001898906024588658	4
GO_CHROMOSOME_SEGREGATION	2.69001052928	6.14882687172439e-24	45
GO_REGULATION_OF_MICROTUBULE_POLYMERIZATION_OR_DEPOLYMERIZATION	1.99818281321	2.849970304100765e-07	19
GO_NEGATIVE_REGULATION_OF_CHROMOSOME_SEGREGATION	2.75807480423	0.0007006515130174774	5
GO_NEGATIVE_REGULATION_OF_BINDING	1.67767329763	0.0006535178012528138	11
GO_G2_DNA_DAMAGE_CHECKPOINT	2.68669017099	0.0002711044599943312	6
GO_SISTER_CHROMATID_COHESION	3.01860235445	2.515887454728914e-16	25
GO_NEGATIVE_REGULATION_OF_CELL_ACTIVATION	1.77837890068	5.893286988031608e-05	14
GO_NEGATIVE_REGULATION_OF_CELL_CELL_ADHESION	2.12513227461	1.651923900107744e-06	15
GO_REGULATION_OF_LEUKOCYTE_DIFFERENTIATION	1.41281420551	0.0003641077684461328	16
GO_REGULATION_OF_EXIT_FROM_MITOSIS	3.15235374334	0.000816861788582806	4
GO_EXECUTION_PHASE_OF_APOPTOSIS	2.21247473578	0.0007025414087695386	7
GO_ADAPTIVE_IMMUNE_RESPONSE	1.86821031091	3.195088334683137e-07	21
GO_DNA_PACKAGING	2.47142218409	3.2047340407670137e-09	18
GO_DEFENSE_RESPONSE_TO_VIRUS	2.41322031249	2.3736721881976534e-09	19
GO_ALPHA_BETA_T_CELL_DIFFERENTIATION	2.6702020482	8.904939217662987e-06	9
GO_POSITIVE_REGULATION_OF_LYMPHOCYTE_MEDIATED_IMMUNITY	2.17834895187	0.0003482488589057379	8
GO_CELLULAR_RESPONSE_TO_INTERFERON_GAMMA	2.07218339466	0.00012265248784739706	10
GO_MITOTIC_CYTOKINESIS	2.9597086654	2.2431013292885658e-05	7
GO_POSITIVE_REGULATION_OF_NUCLEAR_DIVISION	2.18210108673	0.000800047939625783	7
GO_SPINDLE_CHECKPOINT	3.30763196882	3.821150381524092e-06	7
GO_REGULATION_OF_NUCLEAR_DIVISION	2.06354447638	2.9446238768032647e-07	18
GO_REGULATION_OF_INTERLEUKIN_4_PRODUCTION	2.75807480423	0.0007006515130174774	5
GO_REGENERATION	1.48938873062	0.0012133845498535425	12
GO_REGULATION_OF_CD4_POSITIVE_ALPHA_BETA_T_CELL_ACTIVATION	2.45720832487	0.000669827376800781	6
GO_CELLULAR_RESPONSE_TO_OXIDATIVE_STRESS	1.46328283928	0.000588367873129718	14
GO_MITOTIC_CELL_CYCLE_CHECKPOINT	2.04084542812	1.656004813897558e-06	16
GO_ADAPTIVE_IMMUNE_RESPONSE_BASED_ON_SOMATIC_RECOMBINATION_OF_IMMUNE_RECEPTORS_BUILT_FROM_IMMUNOGLOBULIN_SUPERFAMILY_DOMAINS	1.98772304157	2.3193395095571758e-05	13
GO_REGULATION_OF_TYPE_I_INTERFERON_PRODUCTION	1.90081497634	8.641968473876891e-05	12
GO_CELLULAR_RESPONSE_TO_ALCOHOL	1.74247794918	0.0008007340439006908	10
GO_NEGATIVE_REGULATION_OF_PROTEIN_BINDING	1.97988654734	0.00043335626188169225	9
GO_REGULATION_OF_INFLAMMATORY_RESPONSE	1.41322031249	0.00010567836189852227	19
GO_LEUKOCYTE_CELL_CELL_ADHESION	1.40171321228	0.00017607518780764637	18
GO_KINETOCHORE_ORGANIZATION	3.82220514165	1.3249085571745065e-05	5
GO_REGULATION_OF_CELL_DIVISION	2.15924012893	6.0556629766786655e-12	30
GO_NEGATIVE_REGULATION_OF_INTERLEUKIN_2_PRODUCTION	3.05281806979	0.0010857652251857251	4
GO_CENTROMERE_COMPLEX_ASSEMBLY	3.27165267171	1.9344194407875845e-07	9
GO_POSITIVE_REGULATION_OF_DNA_METABOLIC_PROCESS	1.45418063217	0.0006266231924493315	14
GO_REGULATION_OF_INTERLEUKIN_2_PRODUCTION	2.34079883275	0.0004021391754334602	7
GO_POSITIVE_REGULATION_OF_MITOTIC_NUCLEAR_DIVISION	2.51913607401	0.00018094444538041776	7
GO_MITOTIC_SPINDLE_ORGANIZATION	2.73731624406	1.6597402963982754e-07	12
GO_REGULATION_OF_CHROMOSOME_SEGREGATION	2.7168521415	5.820425889609335e-09	15
GO_REGULATION_OF_INTERLEUKIN_10_PRODUCTION	2.71178115195	2.2591155266690666e-05	8
GO_NEGATIVE_REGULATION_OF_CYTOSKELETON_ORGANIZATION	1.69193634056	7.199008098573475e-06	19
GO_REGULATION_OF_LEUKOCYTE_MEDIATED_CYTOTOXICITY	2.37474616468	0.00034614229279825783	7
GO_NEGATIVE_REGULATION_OF_I_KAPPAB_KINASE_NF_KAPPAB_SIGNALING	2.60215666078	4.05489024525712e-05	8
GO_NEGATIVE_REGULATION_OF_CELL_ADHESION	1.39086583004	0.0006450013143159026	15
GO_REGULATION_OF_CELL_CYCLE_G2_M_PHASE_TRANSITION	2.31585247562	0.00017675130013285694	8
GO_REGULATION_OF_CHROMOSOME_ORGANIZATION	1.30676937086	0.0002748490774837264	19
GO_POSITIVE_REGULATION_OF_INTERLEUKIN_10_PRODUCTION	2.52674925812	0.0015119200866693543	5
GO_LYMPHOCYTE_MIGRATION	2.67960074621	8.621066755779591e-05	7
GO_REGULATION_OF_ADAPTIVE_IMMUNE_RESPONSE	1.63778057051	0.001405205766310207	10
GO_NEGATIVE_REGULATION_OF_PROTEIN_COMPLEX_DISASSEMBLY	1.92823043392	2.3725171688752385e-06	17
GO_REGULATION_OF_INTERLEUKIN_17_PRODUCTION	2.88931933751	0.0004468365761724069	5
GO_REGULATION_OF_REGULATORY_T_CELL_DIFFERENTIATION	3.54467116612	0.0016382766837590365	3
GO_T_CELL_MIGRATION	3.15235374334	0.000816861788582806	4
GO_REGULATION_OF_LEUKOCYTE_APOPTOTIC_PROCESS	1.91531454604	0.0012067971691531176	8
GO_NEGATIVE_REGULATION_OF_IMMUNE_EFFECTOR_PROCESS	1.82585291866	0.0009547347945389282	9
GO_NEURAL_PRECURSOR_CELL_PROLIFERATION	2.03914313289	0.0014588792183864335	7
GO_NEGATIVE_REGULATION_OF_CYTOKINE_PRODUCTION	1.8637842454	6.396299603311911e-07	20
GO_MEIOTIC_CELL_CYCLE_PROCESS	1.70489476637	0.0005566036467922748	11
GO_DNA_INTEGRITY_CHECKPOINT	1.92408475567	9.57628662786277e-06	15
GO_TROPHOBLAST_GIANT_CELL_DIFFERENTIATION	3.54467116612	0.0016382766837590365	3
GO_NEGATIVE_REGULATION_OF_CELL_CYCLE_PROCESS	1.57956595657	5.869447184399393e-05	17
GO_NEGATIVE_REGULATION_OF_INFLAMMATORY_RESPONSE	1.80770557195	0.0010457577921009565	9
GO_NEGATIVE_REGULATION_OF_LYMPHOCYTE_DIFFERENTIATION	2.59047485573	0.00039790975161957994	6
GO_NEGATIVE_REGULATION_OF_INTERFERON_GAMMA_PRODUCTION	2.58119704214	0.0012649757030747965	5
GO_NEGATIVE_REGULATION_OF_CELL_DIVISION	2.66692691617	2.88249024236087e-06	10
GO_CHEMOKINE_MEDIATED_SIGNALING_PATHWAY	2.15235374334	0.0009079371720786737	7
GO_NEGATIVE_REGULATION_OF_HOMOTYPIC_CELL_CELL_ADHESION	2.22274307123	8.875495338425863e-06	12
GO_REGULATION_OF_TRANSCRIPTION_INVOLVED_IN_G1_S_TRANSITION_OF_MITOTIC_CELL_CYCLE	3.18210108673	7.332473777788017e-06	7
GO_POSITIVE_REGULATION_OF_CELL_KILLING	2.81286727707	4.5814817053593686e-05	7
GO_MITOTIC_DNA_INTEGRITY_CHECKPOINT	1.85537200558	0.0004286323605227422	10
GO_MEIOTIC_CELL_CYCLE	1.69436409888	0.00019393813431351417	13
GO_NEGATIVE_REGULATION_OF_TYPE_I_INTERFERON_PRODUCTION	2.78978366396	1.4793024577858483e-05	8
GO_LEUKOCYTE_DIFFERENTIATION	1.20482116323	0.0009058458798149816	18
GO_CYTOSKELETON_DEPENDENT_CYTOKINESIS	2.87224582415	9.393147009481175e-06	8
GO_POSITIVE_REGULATION_OF_LEUKOCYTE_MEDIATED_IMMUNITY	2.06354447638	0.00027872430951878625	9
GO_CELL_CYCLE_CHECKPOINT	2.0704121298	1.3082792883199823e-08	22
GO_CHROMOSOME_CONDENSATION	3.48577747707	4.4272045237758627e-08	9
GO_REGULATION_OF_INTERFERON_BETA_PRODUCTION	2.22274307123	0.0016243804886987582	6
GO_REGULATION_OF_I_KAPPAB_KINASE_NF_KAPPAB_SIGNALING	1.56377998907	2.55579754465188e-05	19
GO_MITOTIC_SISTER_CHROMATID_SEGREGATION	3.13373806517	2.527863846489063e-15	22
GO_RESPONSE_TO_VIRUS	2.02110921006	5.709248223944002e-09	24
GO_RESPONSE_TO_VITAMIN_D	2.52674925812	0.0015119200866693543	5
GO_REGULATION_OF_PROTEIN_COMPLEX_DISASSEMBLY	1.73190274788	4.7983575016219775e-06	19
GO_CD4_POSITIVE_ALPHA_BETA_T_CELL_ACTIVATION	2.7226694681	7.039529568156184e-05	7
GO_PROTEIN_UBIQUITINATION_INVOLVED_IN_UBIQUITIN_DEPENDENT_PROTEIN_CATABOLIC_PROCESS	1.62580792884	0.0005236417340209345	12
GO_NEGATIVE_REGULATION_OF_CELL_CYCLE_PHASE_TRANSITION	1.82454908212	4.128932408010281e-05	14
GO_PROTEIN_LOCALIZATION_TO_CHROMOSOME	2.50027704676	0.0005668361928255259	6
GO_INTERFERON_GAMMA_MEDIATED_SIGNALING_PATHWAY	2.60215666078	4.05489024525712e-05	8
GO_NEGATIVE_REGULATION_OF_LEUKOCYTE_DIFFERENTIATION	2.08523954748	0.00024823819523418756	9
GO_REGULATION_OF_NATURAL_KILLER_CELL_MEDIATED_IMMUNITY	2.69667425956	0.0008618589243134855	5
GO_RESPONSE_TO_INTERFERON_GAMMA	1.89557832798	0.00017466245504607828	11
GO_ALPHA_BETA_T_CELL_ACTIVATION	2.63778057051	3.50050662547557e-06	10
GO_REGULATION_OF_SISTER_CHROMATID_SEGREGATION	2.56115928891	1.981972028897102e-06	11
GO_CELLULAR_COMPONENT_DISASSEMBLY_INVOLVED_IN_EXECUTION_PHASE_OF_APOPTOSIS	2.59713858601	0.0001265311454631227	7
GO_REGULATION_OF_DNA_REPLICATION	1.44663908316	0.001566752437651216	12
GO_SISTER_CHROMATID_SEGREGATION	3.01629219376	9.597076412729613e-25	39
GO_POSITIVE_REGULATION_OF_NATURAL_KILLER_CELL_MEDIATED_IMMUNITY	3.28163676029	0.0001095828109819821	5
GO_POSITIVE_REGULATION_OF_CELL_CYCLE_PROCESS	1.861218802	9.626441998424418e-08	23
