Source	Target	overlap_ratio	overlap_size
GO_DNA_INTEGRITY_CHECKPOINT	GO_NEGATIVE_REGULATION_OF_CELL_CYCLE_PHASE_TRANSITION	0.714286	10
GO_DNA_INTEGRITY_CHECKPOINT	GO_NEGATIVE_REGULATION_OF_CELL_CYCLE_PROCESS	0.666667	10
GO_DNA_INTEGRITY_CHECKPOINT	GO_G2_DNA_DAMAGE_CHECKPOINT	1.000000	6
GO_DNA_INTEGRITY_CHECKPOINT	GO_MITOTIC_CELL_CYCLE_CHECKPOINT	0.733333	11
GO_DNA_INTEGRITY_CHECKPOINT	GO_NEGATIVE_REGULATION_OF_MITOTIC_CELL_CYCLE	0.733333	11
GO_DNA_INTEGRITY_CHECKPOINT	GO_REGULATION_OF_CELL_CYCLE_G2_M_PHASE_TRANSITION	0.625000	5
GO_DNA_INTEGRITY_CHECKPOINT	GO_DNA_REPLICATION	0.533333	8
GO_DNA_INTEGRITY_CHECKPOINT	GO_POSITIVE_REGULATION_OF_CELL_CYCLE_PROCESS	0.533333	8
GO_DNA_INTEGRITY_CHECKPOINT	GO_CELL_CYCLE_CHECKPOINT	1.000000	15
GO_DNA_INTEGRITY_CHECKPOINT	GO_MITOTIC_DNA_INTEGRITY_CHECKPOINT	1.000000	10
GO_DNA_REPLICATION_INDEPENDENT_NUCLEOSOME_ORGANIZATION	GO_SISTER_CHROMATID_SEGREGATION	0.750000	6
GO_DNA_REPLICATION_INDEPENDENT_NUCLEOSOME_ORGANIZATION	GO_DNA_CONFORMATION_CHANGE	1.000000	8
GO_DNA_REPLICATION_INDEPENDENT_NUCLEOSOME_ORGANIZATION	GO_ATP_DEPENDENT_CHROMATIN_REMODELING	1.000000	7
GO_DNA_REPLICATION_INDEPENDENT_NUCLEOSOME_ORGANIZATION	GO_SISTER_CHROMATID_COHESION	0.750000	6
GO_DNA_REPLICATION_INDEPENDENT_NUCLEOSOME_ORGANIZATION	GO_HISTONE_EXCHANGE	1.000000	7
GO_DNA_REPLICATION_INDEPENDENT_NUCLEOSOME_ORGANIZATION	GO_NUCLEAR_CHROMOSOME_SEGREGATION	0.750000	6
GO_DNA_REPLICATION_INDEPENDENT_NUCLEOSOME_ORGANIZATION	GO_CENTROMERE_COMPLEX_ASSEMBLY	0.875000	7
GO_DNA_REPLICATION_INDEPENDENT_NUCLEOSOME_ORGANIZATION	GO_DNA_PACKAGING	1.000000	8
GO_DNA_REPLICATION_INDEPENDENT_NUCLEOSOME_ORGANIZATION	GO_CHROMOSOME_SEGREGATION	0.875000	7
GO_STEM_CELL_PROLIFERATION	GO_NEURAL_PRECURSOR_CELL_PROLIFERATION	0.714286	5
GO_POSITIVE_REGULATION_OF_NUCLEAR_DIVISION	GO_POSITIVE_REGULATION_OF_MITOTIC_CELL_CYCLE	1.000000	7
GO_POSITIVE_REGULATION_OF_NUCLEAR_DIVISION	GO_SISTER_CHROMATID_SEGREGATION	0.714286	5
GO_POSITIVE_REGULATION_OF_NUCLEAR_DIVISION	GO_POSITIVE_REGULATION_OF_CELL_DIVISION	1.000000	7
GO_POSITIVE_REGULATION_OF_NUCLEAR_DIVISION	GO_REGULATION_OF_CELL_DIVISION	1.000000	7
GO_POSITIVE_REGULATION_OF_NUCLEAR_DIVISION	GO_CELL_CYCLE_PHASE_TRANSITION	0.714286	5
GO_POSITIVE_REGULATION_OF_NUCLEAR_DIVISION	GO_NUCLEAR_CHROMOSOME_SEGREGATION	0.714286	5
GO_POSITIVE_REGULATION_OF_NUCLEAR_DIVISION	GO_REGULATION_OF_NUCLEAR_DIVISION	1.000000	7
GO_POSITIVE_REGULATION_OF_NUCLEAR_DIVISION	GO_POSITIVE_REGULATION_OF_MITOTIC_NUCLEAR_DIVISION	1.000000	7
GO_POSITIVE_REGULATION_OF_NUCLEAR_DIVISION	GO_POSITIVE_REGULATION_OF_CELL_CYCLE_PROCESS	1.000000	7
GO_POSITIVE_REGULATION_OF_NUCLEAR_DIVISION	GO_CHROMOSOME_SEGREGATION	0.714286	5
GO_PROTEIN_UBIQUITINATION_INVOLVED_IN_UBIQUITIN_DEPENDENT_PROTEIN_CATABOLIC_PROCESS	GO_NEGATIVE_REGULATION_OF_CELL_CYCLE_PROCESS	0.500000	6
GO_PROTEIN_UBIQUITINATION_INVOLVED_IN_UBIQUITIN_DEPENDENT_PROTEIN_CATABOLIC_PROCESS	GO_REGULATION_OF_CELL_DIVISION	0.583333	7
GO_PROTEIN_UBIQUITINATION_INVOLVED_IN_UBIQUITIN_DEPENDENT_PROTEIN_CATABOLIC_PROCESS	GO_CELL_CYCLE_PHASE_TRANSITION	0.500000	6
GO_PROTEIN_UBIQUITINATION_INVOLVED_IN_UBIQUITIN_DEPENDENT_PROTEIN_CATABOLIC_PROCESS	GO_REGULATION_OF_NUCLEAR_DIVISION	0.500000	6
GO_PROTEIN_UBIQUITINATION_INVOLVED_IN_UBIQUITIN_DEPENDENT_PROTEIN_CATABOLIC_PROCESS	GO_REGULATION_OF_CHROMOSOME_ORGANIZATION	0.500000	6
GO_PROTEIN_UBIQUITINATION_INVOLVED_IN_UBIQUITIN_DEPENDENT_PROTEIN_CATABOLIC_PROCESS	GO_POSITIVE_REGULATION_OF_CELL_CYCLE_PROCESS	0.500000	6
GO_PROTEIN_UBIQUITINATION_INVOLVED_IN_UBIQUITIN_DEPENDENT_PROTEIN_CATABOLIC_PROCESS	GO_CELL_CYCLE_CHECKPOINT	0.500000	6
GO_NEGATIVE_REGULATION_OF_BINDING	GO_NEGATIVE_REGULATION_OF_PROTEIN_BINDING	1.000000	9
GO_NEGATIVE_REGULATION_OF_BINDING	GO_REGULATION_OF_BINDING	1.000000	11
GO_NEGATIVE_REGULATION_OF_BINDING	GO_REGULATION_OF_PROTEIN_BINDING	0.818182	9
GO_LYMPHOCYTE_MIGRATION	GO_CHEMOKINE_MEDIATED_SIGNALING_PATHWAY	0.714286	5
GO_NEGATIVE_REGULATION_OF_PROTEIN_BINDING	GO_REGULATION_OF_BINDING	1.000000	9
GO_NEGATIVE_REGULATION_OF_PROTEIN_BINDING	GO_REGULATION_OF_PROTEIN_BINDING	1.000000	9
GO_NEGATIVE_REGULATION_OF_CELL_ADHESION	GO_REGULATION_OF_T_CELL_PROLIFERATION	0.545455	6
GO_NEGATIVE_REGULATION_OF_CELL_ADHESION	GO_NEGATIVE_REGULATION_OF_LYMPHOCYTE_DIFFERENTIATION	0.833333	5
GO_NEGATIVE_REGULATION_OF_CELL_ADHESION	GO_REGULATION_OF_HOMOTYPIC_CELL_CELL_ADHESION	0.800000	12
GO_NEGATIVE_REGULATION_OF_CELL_ADHESION	GO_NEGATIVE_REGULATION_OF_LEUKOCYTE_DIFFERENTIATION	0.666667	6
GO_NEGATIVE_REGULATION_OF_CELL_ADHESION	GO_REGULATION_OF_ADAPTIVE_IMMUNE_RESPONSE	0.500000	5
GO_NEGATIVE_REGULATION_OF_CELL_ADHESION	GO_NEGATIVE_REGULATION_OF_HOMOTYPIC_CELL_CELL_ADHESION	1.000000	12
GO_NEGATIVE_REGULATION_OF_CELL_ADHESION	GO_NEGATIVE_REGULATION_OF_T_CELL_DIFFERENTIATION	1.000000	5
GO_NEGATIVE_REGULATION_OF_CELL_ADHESION	GO_NEGATIVE_REGULATION_OF_CELL_ACTIVATION	0.857143	12
GO_NEGATIVE_REGULATION_OF_CELL_ADHESION	GO_NEGATIVE_REGULATION_OF_CELL_CELL_ADHESION	1.000000	15
GO_NEGATIVE_REGULATION_OF_CELL_ADHESION	GO_NEGATIVE_REGULATION_OF_CYTOKINE_PRODUCTION	0.533333	8
GO_NEGATIVE_REGULATION_OF_CELL_ADHESION	GO_NEGATIVE_REGULATION_OF_HEMOPOIESIS	0.600000	6
GO_NEGATIVE_REGULATION_OF_INFLAMMATORY_RESPONSE	GO_REGULATION_OF_INFLAMMATORY_RESPONSE	1.000000	9
GO_NEGATIVE_REGULATION_OF_INFLAMMATORY_RESPONSE	GO_NEGATIVE_REGULATION_OF_DEFENSE_RESPONSE	1.000000	9
GO_NEGATIVE_REGULATION_OF_INFLAMMATORY_RESPONSE	GO_NEGATIVE_REGULATION_OF_CYTOKINE_PRODUCTION	0.555556	5
GO_LYMPHOCYTE_DIFFERENTIATION	GO_CD4_POSITIVE_ALPHA_BETA_T_CELL_ACTIVATION	0.857143	6
GO_LYMPHOCYTE_DIFFERENTIATION	GO_LEUKOCYTE_CELL_CELL_ADHESION	0.928571	13
GO_LYMPHOCYTE_DIFFERENTIATION	GO_LEUKOCYTE_DIFFERENTIATION	1.000000	14
GO_LYMPHOCYTE_DIFFERENTIATION	GO_ALPHA_BETA_T_CELL_DIFFERENTIATION	1.000000	9
GO_LYMPHOCYTE_DIFFERENTIATION	GO_ALPHA_BETA_T_CELL_ACTIVATION	0.900000	9
GO_LYMPHOCYTE_DIFFERENTIATION	GO_T_CELL_DIFFERENTIATION	1.000000	11
GO_CD4_POSITIVE_ALPHA_BETA_T_CELL_ACTIVATION	GO_LEUKOCYTE_CELL_CELL_ADHESION	1.000000	7
GO_CD4_POSITIVE_ALPHA_BETA_T_CELL_ACTIVATION	GO_LEUKOCYTE_DIFFERENTIATION	0.857143	6
GO_CD4_POSITIVE_ALPHA_BETA_T_CELL_ACTIVATION	GO_ALPHA_BETA_T_CELL_DIFFERENTIATION	0.857143	6
GO_CD4_POSITIVE_ALPHA_BETA_T_CELL_ACTIVATION	GO_ALPHA_BETA_T_CELL_ACTIVATION	1.000000	7
GO_CD4_POSITIVE_ALPHA_BETA_T_CELL_ACTIVATION	GO_T_CELL_DIFFERENTIATION	0.857143	6
GO_CD4_POSITIVE_ALPHA_BETA_T_CELL_ACTIVATION	GO_ADAPTIVE_IMMUNE_RESPONSE_BASED_ON_SOMATIC_RECOMBINATION_OF_IMMUNE_RECEPTORS_BUILT_FROM_IMMUNOGLOBULIN_SUPERFAMILY_DOMAINS	0.714286	5
GO_CD4_POSITIVE_ALPHA_BETA_T_CELL_ACTIVATION	GO_ADAPTIVE_IMMUNE_RESPONSE	0.714286	5
GO_REGULATION_OF_DNA_REPLICATION	GO_POSITIVE_REGULATION_OF_DNA_METABOLIC_PROCESS	0.750000	9
GO_REGULATION_OF_T_CELL_PROLIFERATION	GO_REGULATION_OF_INFLAMMATORY_RESPONSE	0.545455	6
GO_REGULATION_OF_T_CELL_PROLIFERATION	GO_REGULATION_OF_HOMOTYPIC_CELL_CELL_ADHESION	1.000000	11
GO_REGULATION_OF_T_CELL_PROLIFERATION	GO_REGULATION_OF_ADAPTIVE_IMMUNE_RESPONSE	0.700000	7
GO_REGULATION_OF_T_CELL_PROLIFERATION	GO_NEGATIVE_REGULATION_OF_HOMOTYPIC_CELL_CELL_ADHESION	0.545455	6
GO_REGULATION_OF_T_CELL_PROLIFERATION	GO_REGULATION_OF_CD4_POSITIVE_ALPHA_BETA_T_CELL_ACTIVATION	0.833333	5
GO_REGULATION_OF_T_CELL_PROLIFERATION	GO_POSITIVE_REGULATION_OF_CD4_POSITIVE_ALPHA_BETA_T_CELL_ACTIVATION	1.000000	5
GO_REGULATION_OF_T_CELL_PROLIFERATION	GO_NEGATIVE_REGULATION_OF_CELL_ACTIVATION	0.545455	6
GO_REGULATION_OF_T_CELL_PROLIFERATION	GO_NEGATIVE_REGULATION_OF_CELL_CELL_ADHESION	0.545455	6
GO_REGULATION_OF_T_CELL_PROLIFERATION	GO_NEGATIVE_REGULATION_OF_IMMUNE_EFFECTOR_PROCESS	0.555556	5
GO_REGULATION_OF_T_CELL_PROLIFERATION	GO_REGULATION_OF_CYTOKINE_BIOSYNTHETIC_PROCESS	0.555556	5
GO_REGULATION_OF_T_CELL_PROLIFERATION	GO_REGULATION_OF_INTERFERON_GAMMA_PRODUCTION	0.545455	6
GO_NEGATIVE_REGULATION_OF_CELL_CYCLE_PHASE_TRANSITION	GO_SPINDLE_CHECKPOINT	0.714286	5
GO_NEGATIVE_REGULATION_OF_CELL_CYCLE_PHASE_TRANSITION	GO_NEGATIVE_REGULATION_OF_CELL_CYCLE_PROCESS	1.000000	14
GO_NEGATIVE_REGULATION_OF_CELL_CYCLE_PHASE_TRANSITION	GO_REGULATION_OF_CELL_DIVISION	0.642857	9
GO_NEGATIVE_REGULATION_OF_CELL_CYCLE_PHASE_TRANSITION	GO_CELL_CYCLE_PHASE_TRANSITION	0.500000	7
GO_NEGATIVE_REGULATION_OF_CELL_CYCLE_PHASE_TRANSITION	GO_G2_DNA_DAMAGE_CHECKPOINT	0.833333	5
GO_NEGATIVE_REGULATION_OF_CELL_CYCLE_PHASE_TRANSITION	GO_NEGATIVE_REGULATION_OF_CELL_DIVISION	0.600000	6
GO_NEGATIVE_REGULATION_OF_CELL_CYCLE_PHASE_TRANSITION	GO_MITOTIC_CELL_CYCLE_CHECKPOINT	1.000000	14
GO_NEGATIVE_REGULATION_OF_CELL_CYCLE_PHASE_TRANSITION	GO_REGULATION_OF_SISTER_CHROMATID_SEGREGATION	0.545455	6
GO_NEGATIVE_REGULATION_OF_CELL_CYCLE_PHASE_TRANSITION	GO_NEGATIVE_REGULATION_OF_MITOTIC_CELL_CYCLE	1.000000	14
GO_NEGATIVE_REGULATION_OF_CELL_CYCLE_PHASE_TRANSITION	GO_REGULATION_OF_CELL_CYCLE_G2_M_PHASE_TRANSITION	0.750000	6
GO_NEGATIVE_REGULATION_OF_CELL_CYCLE_PHASE_TRANSITION	GO_REGULATION_OF_NUCLEAR_DIVISION	0.571429	8
GO_NEGATIVE_REGULATION_OF_CELL_CYCLE_PHASE_TRANSITION	GO_REGULATION_OF_CHROMOSOME_ORGANIZATION	0.500000	7
GO_NEGATIVE_REGULATION_OF_CELL_CYCLE_PHASE_TRANSITION	GO_POSITIVE_REGULATION_OF_CELL_CYCLE_PROCESS	0.500000	7
GO_NEGATIVE_REGULATION_OF_CELL_CYCLE_PHASE_TRANSITION	GO_CELL_CYCLE_CHECKPOINT	1.000000	14
GO_NEGATIVE_REGULATION_OF_CELL_CYCLE_PHASE_TRANSITION	GO_MITOTIC_DNA_INTEGRITY_CHECKPOINT	0.900000	9
GO_NEGATIVE_REGULATION_OF_CELL_CYCLE_PHASE_TRANSITION	GO_NEGATIVE_REGULATION_OF_CHROMOSOME_SEGREGATION	1.000000	5
GO_NEGATIVE_REGULATION_OF_TYPE_I_INTERFERON_PRODUCTION	GO_REGULATION_OF_I_KAPPAB_KINASE_NF_KAPPAB_SIGNALING	0.625000	5
GO_NEGATIVE_REGULATION_OF_TYPE_I_INTERFERON_PRODUCTION	GO_RESPONSE_TO_VIRUS	0.625000	5
GO_NEGATIVE_REGULATION_OF_TYPE_I_INTERFERON_PRODUCTION	GO_NEGATIVE_REGULATION_OF_CYTOKINE_PRODUCTION	1.000000	8
GO_NEGATIVE_REGULATION_OF_TYPE_I_INTERFERON_PRODUCTION	GO_REGULATION_OF_TYPE_I_INTERFERON_PRODUCTION	1.000000	8
GO_SPINDLE_CHECKPOINT	GO_NEGATIVE_REGULATION_OF_CELL_CYCLE_PROCESS	0.857143	6
GO_SPINDLE_CHECKPOINT	GO_SISTER_CHROMATID_SEGREGATION	0.857143	6
GO_SPINDLE_CHECKPOINT	GO_REGULATION_OF_CHROMOSOME_SEGREGATION	0.857143	6
GO_SPINDLE_CHECKPOINT	GO_REGULATION_OF_CELL_DIVISION	1.000000	7
GO_SPINDLE_CHECKPOINT	GO_NEGATIVE_REGULATION_OF_CELL_DIVISION	0.857143	6
GO_SPINDLE_CHECKPOINT	GO_SISTER_CHROMATID_COHESION	0.857143	6
GO_SPINDLE_CHECKPOINT	GO_MITOTIC_CELL_CYCLE_CHECKPOINT	0.714286	5
GO_SPINDLE_CHECKPOINT	GO_NUCLEAR_CHROMOSOME_SEGREGATION	0.857143	6
GO_SPINDLE_CHECKPOINT	GO_REGULATION_OF_SISTER_CHROMATID_SEGREGATION	0.714286	5
GO_SPINDLE_CHECKPOINT	GO_NEGATIVE_REGULATION_OF_MITOTIC_CELL_CYCLE	0.714286	5
GO_SPINDLE_CHECKPOINT	GO_REGULATION_OF_NUCLEAR_DIVISION	0.857143	6
GO_SPINDLE_CHECKPOINT	GO_REGULATION_OF_CHROMOSOME_ORGANIZATION	0.857143	6
GO_SPINDLE_CHECKPOINT	GO_CELL_CYCLE_CHECKPOINT	1.000000	7
GO_SPINDLE_CHECKPOINT	GO_CHROMOSOME_SEGREGATION	1.000000	7
GO_SPINDLE_CHECKPOINT	GO_NEGATIVE_REGULATION_OF_CHROMOSOME_SEGREGATION	1.000000	5
GO_POSITIVE_REGULATION_OF_CELL_KILLING	GO_POSITIVE_REGULATION_OF_NATURAL_KILLER_CELL_MEDIATED_IMMUNITY	1.000000	5
GO_POSITIVE_REGULATION_OF_CELL_KILLING	GO_REGULATION_OF_LEUKOCYTE_MEDIATED_CYTOTOXICITY	1.000000	7
GO_POSITIVE_REGULATION_OF_CELL_KILLING	GO_REGULATION_OF_NATURAL_KILLER_CELL_MEDIATED_IMMUNITY	1.000000	5
GO_POSITIVE_REGULATION_OF_CELL_KILLING	GO_REGULATION_OF_CELL_KILLING	1.000000	7
GO_POSITIVE_REGULATION_OF_CELL_KILLING	GO_POSITIVE_REGULATION_OF_LEUKOCYTE_MEDIATED_IMMUNITY	1.000000	7
GO_POSITIVE_REGULATION_OF_CELL_KILLING	GO_POSITIVE_REGULATION_OF_LYMPHOCYTE_MEDIATED_IMMUNITY	0.857143	6
GO_POSITIVE_REGULATION_OF_MITOTIC_CELL_CYCLE	GO_SISTER_CHROMATID_SEGREGATION	0.545455	6
GO_POSITIVE_REGULATION_OF_MITOTIC_CELL_CYCLE	GO_REGULATION_OF_CHROMOSOME_SEGREGATION	0.545455	6
GO_POSITIVE_REGULATION_OF_MITOTIC_CELL_CYCLE	GO_POSITIVE_REGULATION_OF_CELL_DIVISION	0.818182	9
GO_POSITIVE_REGULATION_OF_MITOTIC_CELL_CYCLE	GO_REGULATION_OF_CELL_DIVISION	0.909091	10
GO_POSITIVE_REGULATION_OF_MITOTIC_CELL_CYCLE	GO_CELL_CYCLE_PHASE_TRANSITION	0.818182	9
GO_POSITIVE_REGULATION_OF_MITOTIC_CELL_CYCLE	GO_NUCLEAR_CHROMOSOME_SEGREGATION	0.545455	6
GO_POSITIVE_REGULATION_OF_MITOTIC_CELL_CYCLE	GO_REGULATION_OF_SISTER_CHROMATID_SEGREGATION	0.545455	6
GO_POSITIVE_REGULATION_OF_MITOTIC_CELL_CYCLE	GO_REGULATION_OF_NUCLEAR_DIVISION	0.818182	9
GO_POSITIVE_REGULATION_OF_MITOTIC_CELL_CYCLE	GO_REGULATION_OF_CHROMOSOME_ORGANIZATION	0.545455	6
GO_POSITIVE_REGULATION_OF_MITOTIC_CELL_CYCLE	GO_POSITIVE_REGULATION_OF_MITOTIC_NUCLEAR_DIVISION	1.000000	7
GO_POSITIVE_REGULATION_OF_MITOTIC_CELL_CYCLE	GO_POSITIVE_REGULATION_OF_CELL_CYCLE_PROCESS	1.000000	11
GO_POSITIVE_REGULATION_OF_MITOTIC_CELL_CYCLE	GO_CELL_CYCLE_CHECKPOINT	0.545455	6
GO_POSITIVE_REGULATION_OF_MITOTIC_CELL_CYCLE	GO_CHROMOSOME_SEGREGATION	0.545455	6
GO_NEGATIVE_REGULATION_OF_LYMPHOCYTE_DIFFERENTIATION	GO_REGULATION_OF_HOMOTYPIC_CELL_CELL_ADHESION	0.833333	5
GO_NEGATIVE_REGULATION_OF_LYMPHOCYTE_DIFFERENTIATION	GO_NEGATIVE_REGULATION_OF_LEUKOCYTE_DIFFERENTIATION	1.000000	6
GO_NEGATIVE_REGULATION_OF_LYMPHOCYTE_DIFFERENTIATION	GO_NEGATIVE_REGULATION_OF_HOMOTYPIC_CELL_CELL_ADHESION	0.833333	5
GO_NEGATIVE_REGULATION_OF_LYMPHOCYTE_DIFFERENTIATION	GO_NEGATIVE_REGULATION_OF_T_CELL_DIFFERENTIATION	1.000000	5
GO_NEGATIVE_REGULATION_OF_LYMPHOCYTE_DIFFERENTIATION	GO_NEGATIVE_REGULATION_OF_CELL_ACTIVATION	1.000000	6
GO_NEGATIVE_REGULATION_OF_LYMPHOCYTE_DIFFERENTIATION	GO_NEGATIVE_REGULATION_OF_CELL_CELL_ADHESION	0.833333	5
GO_NEGATIVE_REGULATION_OF_LYMPHOCYTE_DIFFERENTIATION	GO_REGULATION_OF_LEUKOCYTE_DIFFERENTIATION	1.000000	6
GO_NEGATIVE_REGULATION_OF_LYMPHOCYTE_DIFFERENTIATION	GO_REGULATION_OF_HEMOPOIESIS	1.000000	6
GO_NEGATIVE_REGULATION_OF_LYMPHOCYTE_DIFFERENTIATION	GO_NEGATIVE_REGULATION_OF_HEMOPOIESIS	1.000000	6
GO_REGULATION_OF_INFLAMMATORY_RESPONSE	GO_REGULATION_OF_ADAPTIVE_IMMUNE_RESPONSE	0.600000	6
GO_REGULATION_OF_INFLAMMATORY_RESPONSE	GO_NEGATIVE_REGULATION_OF_INTERFERON_GAMMA_PRODUCTION	1.000000	5
GO_REGULATION_OF_INFLAMMATORY_RESPONSE	GO_NEGATIVE_REGULATION_OF_DEFENSE_RESPONSE	0.818182	9
GO_REGULATION_OF_INFLAMMATORY_RESPONSE	GO_NEGATIVE_REGULATION_OF_IMMUNE_EFFECTOR_PROCESS	0.777778	7
GO_REGULATION_OF_INFLAMMATORY_RESPONSE	GO_REGULATION_OF_INTERFERON_GAMMA_PRODUCTION	0.583333	7
GO_NEGATIVE_REGULATION_OF_CELL_CYCLE_PROCESS	GO_REGULATION_OF_CELL_DIVISION	0.647059	11
GO_NEGATIVE_REGULATION_OF_CELL_CYCLE_PROCESS	GO_G2_DNA_DAMAGE_CHECKPOINT	0.833333	5
GO_NEGATIVE_REGULATION_OF_CELL_CYCLE_PROCESS	GO_NEGATIVE_REGULATION_OF_CELL_DIVISION	0.800000	8
GO_NEGATIVE_REGULATION_OF_CELL_CYCLE_PROCESS	GO_MITOTIC_CELL_CYCLE_CHECKPOINT	0.875000	14
GO_NEGATIVE_REGULATION_OF_CELL_CYCLE_PROCESS	GO_REGULATION_OF_SISTER_CHROMATID_SEGREGATION	0.545455	6
GO_NEGATIVE_REGULATION_OF_CELL_CYCLE_PROCESS	GO_NEGATIVE_REGULATION_OF_MITOTIC_CELL_CYCLE	0.875000	14
GO_NEGATIVE_REGULATION_OF_CELL_CYCLE_PROCESS	GO_REGULATION_OF_CELL_CYCLE_G2_M_PHASE_TRANSITION	0.750000	6
GO_NEGATIVE_REGULATION_OF_CELL_CYCLE_PROCESS	GO_POSITIVE_REGULATION_OF_CELL_CYCLE_PROCESS	0.529412	9
GO_NEGATIVE_REGULATION_OF_CELL_CYCLE_PROCESS	GO_CELL_CYCLE_CHECKPOINT	0.882353	15
GO_NEGATIVE_REGULATION_OF_CELL_CYCLE_PROCESS	GO_MITOTIC_DNA_INTEGRITY_CHECKPOINT	0.900000	9
GO_NEGATIVE_REGULATION_OF_CELL_CYCLE_PROCESS	GO_NEGATIVE_REGULATION_OF_CHROMOSOME_SEGREGATION	1.000000	5
GO_REGULATION_OF_INTERLEUKIN_10_PRODUCTION	GO_REGULATION_OF_HOMOTYPIC_CELL_CELL_ADHESION	0.750000	6
GO_REGULATION_OF_INTERLEUKIN_10_PRODUCTION	GO_POSITIVE_REGULATION_OF_INTERLEUKIN_10_PRODUCTION	1.000000	5
GO_REGULATION_OF_INTERLEUKIN_10_PRODUCTION	GO_NEGATIVE_REGULATION_OF_CYTOKINE_PRODUCTION	0.875000	7
GO_SISTER_CHROMATID_SEGREGATION	GO_REGULATION_OF_CHROMOSOME_SEGREGATION	0.733333	11
GO_SISTER_CHROMATID_SEGREGATION	GO_POSITIVE_REGULATION_OF_CELL_DIVISION	0.600000	9
GO_SISTER_CHROMATID_SEGREGATION	GO_REGULATION_OF_CELL_DIVISION	0.566667	17
GO_SISTER_CHROMATID_SEGREGATION	GO_DNA_CONFORMATION_CHANGE	0.565217	13
GO_SISTER_CHROMATID_SEGREGATION	GO_NEGATIVE_REGULATION_OF_PROTEIN_COMPLEX_DISASSEMBLY	0.529412	9
GO_SISTER_CHROMATID_SEGREGATION	GO_REGULATION_OF_MICROTUBULE_BASED_PROCESS	0.523810	11
GO_SISTER_CHROMATID_SEGREGATION	GO_ATP_DEPENDENT_CHROMATIN_REMODELING	0.857143	6
GO_SISTER_CHROMATID_SEGREGATION	GO_NEGATIVE_REGULATION_OF_CELL_DIVISION	0.500000	5
GO_SISTER_CHROMATID_SEGREGATION	GO_CHROMOSOME_LOCALIZATION	0.923077	12
GO_SISTER_CHROMATID_SEGREGATION	GO_SISTER_CHROMATID_COHESION	1.000000	25
GO_SISTER_CHROMATID_SEGREGATION	GO_HISTONE_EXCHANGE	0.857143	6
GO_SISTER_CHROMATID_SEGREGATION	GO_CYTOKINESIS	0.666667	8
GO_SISTER_CHROMATID_SEGREGATION	GO_NUCLEAR_CHROMOSOME_SEGREGATION	1.000000	39
GO_SISTER_CHROMATID_SEGREGATION	GO_CENTROMERE_COMPLEX_ASSEMBLY	0.888889	8
GO_SISTER_CHROMATID_SEGREGATION	GO_REGULATION_OF_SISTER_CHROMATID_SEGREGATION	0.727273	8
GO_SISTER_CHROMATID_SEGREGATION	GO_REGULATION_OF_PROTEIN_COMPLEX_DISASSEMBLY	0.526316	10
GO_SISTER_CHROMATID_SEGREGATION	GO_MITOTIC_SISTER_CHROMATID_SEGREGATION	1.000000	22
GO_SISTER_CHROMATID_SEGREGATION	GO_MITOTIC_CHROMOSOME_CONDENSATION	1.000000	5
GO_SISTER_CHROMATID_SEGREGATION	GO_REGULATION_OF_NUCLEAR_DIVISION	0.666667	12
GO_SISTER_CHROMATID_SEGREGATION	GO_METAPHASE_PLATE_CONGRESSION	0.909091	10
GO_SISTER_CHROMATID_SEGREGATION	GO_CYTOSKELETON_DEPENDENT_CYTOKINESIS	0.750000	6
GO_SISTER_CHROMATID_SEGREGATION	GO_POSITIVE_REGULATION_OF_MITOTIC_NUCLEAR_DIVISION	0.714286	5
GO_SISTER_CHROMATID_SEGREGATION	GO_MITOTIC_SPINDLE_ORGANIZATION	0.750000	9
GO_SISTER_CHROMATID_SEGREGATION	GO_MITOTIC_CYTOKINESIS	0.714286	5
GO_SISTER_CHROMATID_SEGREGATION	GO_CHROMOSOME_CONDENSATION	0.777778	7
GO_SISTER_CHROMATID_SEGREGATION	GO_REGULATION_OF_MICROTUBULE_POLYMERIZATION_OR_DEPOLYMERIZATION	0.578947	11
GO_SISTER_CHROMATID_SEGREGATION	GO_DNA_PACKAGING	0.722222	13
GO_SISTER_CHROMATID_SEGREGATION	GO_CHROMOSOME_SEGREGATION	1.000000	39
GO_POSITIVE_REGULATION_OF_CYTOKINESIS	GO_POSITIVE_REGULATION_OF_CELL_DIVISION	1.000000	8
GO_POSITIVE_REGULATION_OF_CYTOKINESIS	GO_REGULATION_OF_CELL_DIVISION	1.000000	8
GO_POSITIVE_REGULATION_OF_CYTOKINESIS	GO_CYTOKINESIS	0.625000	5
GO_POSITIVE_REGULATION_OF_CYTOKINESIS	GO_POSITIVE_REGULATION_OF_CELL_CYCLE_PROCESS	1.000000	8
GO_POSITIVE_REGULATION_OF_CYTOKINESIS	GO_REGULATION_OF_CYTOKINESIS	1.000000	8
GO_POSITIVE_REGULATION_OF_NATURAL_KILLER_CELL_MEDIATED_IMMUNITY	GO_REGULATION_OF_LEUKOCYTE_MEDIATED_CYTOTOXICITY	1.000000	5
GO_POSITIVE_REGULATION_OF_NATURAL_KILLER_CELL_MEDIATED_IMMUNITY	GO_REGULATION_OF_NATURAL_KILLER_CELL_MEDIATED_IMMUNITY	1.000000	5
GO_POSITIVE_REGULATION_OF_NATURAL_KILLER_CELL_MEDIATED_IMMUNITY	GO_REGULATION_OF_CELL_KILLING	1.000000	5
GO_POSITIVE_REGULATION_OF_NATURAL_KILLER_CELL_MEDIATED_IMMUNITY	GO_POSITIVE_REGULATION_OF_LEUKOCYTE_MEDIATED_IMMUNITY	1.000000	5
GO_POSITIVE_REGULATION_OF_NATURAL_KILLER_CELL_MEDIATED_IMMUNITY	GO_POSITIVE_REGULATION_OF_LYMPHOCYTE_MEDIATED_IMMUNITY	1.000000	5
GO_PROTEIN_LOCALIZATION_TO_CHROMOSOME	GO_CHROMOSOME_SEGREGATION	0.833333	5
GO_LEUKOCYTE_CELL_CELL_ADHESION	GO_LEUKOCYTE_DIFFERENTIATION	0.777778	14
GO_LEUKOCYTE_CELL_CELL_ADHESION	GO_ALPHA_BETA_T_CELL_DIFFERENTIATION	1.000000	9
GO_LEUKOCYTE_CELL_CELL_ADHESION	GO_ALPHA_BETA_T_CELL_ACTIVATION	1.000000	10
GO_LEUKOCYTE_CELL_CELL_ADHESION	GO_T_CELL_DIFFERENTIATION	1.000000	11
GO_LEUKOCYTE_CELL_CELL_ADHESION	GO_POSITIVE_REGULATION_OF_LEUKOCYTE_MEDIATED_IMMUNITY	0.555556	5
GO_NEGATIVE_REGULATION_OF_CYTOSKELETON_ORGANIZATION	GO_NEGATIVE_REGULATION_OF_PROTEIN_COMPLEX_DISASSEMBLY	1.000000	17
GO_NEGATIVE_REGULATION_OF_CYTOSKELETON_ORGANIZATION	GO_REGULATION_OF_MICROTUBULE_BASED_PROCESS	0.894737	17
GO_NEGATIVE_REGULATION_OF_CYTOSKELETON_ORGANIZATION	GO_CYTOKINESIS	0.500000	6
GO_NEGATIVE_REGULATION_OF_CYTOSKELETON_ORGANIZATION	GO_REGULATION_OF_PROTEIN_COMPLEX_DISASSEMBLY	0.894737	17
GO_NEGATIVE_REGULATION_OF_CYTOSKELETON_ORGANIZATION	GO_MITOTIC_SPINDLE_ORGANIZATION	1.000000	12
GO_NEGATIVE_REGULATION_OF_CYTOSKELETON_ORGANIZATION	GO_REGULATION_OF_MICROTUBULE_POLYMERIZATION_OR_DEPOLYMERIZATION	0.842105	16
GO_NEGATIVE_REGULATION_OF_CYTOSKELETON_ORGANIZATION	GO_CHROMOSOME_SEGREGATION	0.526316	10
GO_REGULATION_OF_CHROMOSOME_SEGREGATION	GO_POSITIVE_REGULATION_OF_CELL_DIVISION	0.533333	8
GO_REGULATION_OF_CHROMOSOME_SEGREGATION	GO_REGULATION_OF_CELL_DIVISION	0.933333	14
GO_REGULATION_OF_CHROMOSOME_SEGREGATION	GO_NEGATIVE_REGULATION_OF_CELL_DIVISION	0.600000	6
GO_REGULATION_OF_CHROMOSOME_SEGREGATION	GO_SISTER_CHROMATID_COHESION	0.533333	8
GO_REGULATION_OF_CHROMOSOME_SEGREGATION	GO_NUCLEAR_CHROMOSOME_SEGREGATION	0.733333	11
GO_REGULATION_OF_CHROMOSOME_SEGREGATION	GO_REGULATION_OF_SISTER_CHROMATID_SEGREGATION	1.000000	11
GO_REGULATION_OF_CHROMOSOME_SEGREGATION	GO_MITOTIC_SISTER_CHROMATID_SEGREGATION	0.533333	8
GO_REGULATION_OF_CHROMOSOME_SEGREGATION	GO_REGULATION_OF_NUCLEAR_DIVISION	0.733333	11
GO_REGULATION_OF_CHROMOSOME_SEGREGATION	GO_REGULATION_OF_CHROMOSOME_ORGANIZATION	0.800000	12
GO_REGULATION_OF_CHROMOSOME_SEGREGATION	GO_POSITIVE_REGULATION_OF_CELL_CYCLE_PROCESS	0.600000	9
GO_REGULATION_OF_CHROMOSOME_SEGREGATION	GO_CELL_CYCLE_CHECKPOINT	0.533333	8
GO_REGULATION_OF_CHROMOSOME_SEGREGATION	GO_CHROMOSOME_SEGREGATION	0.800000	12
GO_REGULATION_OF_CHROMOSOME_SEGREGATION	GO_NEGATIVE_REGULATION_OF_CHROMOSOME_SEGREGATION	1.000000	5
GO_POSITIVE_REGULATION_OF_CELL_DIVISION	GO_REGULATION_OF_CELL_DIVISION	1.000000	15
GO_POSITIVE_REGULATION_OF_CELL_DIVISION	GO_CYTOKINESIS	0.666667	8
GO_POSITIVE_REGULATION_OF_CELL_DIVISION	GO_NUCLEAR_CHROMOSOME_SEGREGATION	0.600000	9
GO_POSITIVE_REGULATION_OF_CELL_DIVISION	GO_MITOTIC_SISTER_CHROMATID_SEGREGATION	0.533333	8
GO_POSITIVE_REGULATION_OF_CELL_DIVISION	GO_REGULATION_OF_NUCLEAR_DIVISION	0.533333	8
GO_POSITIVE_REGULATION_OF_CELL_DIVISION	GO_CYTOSKELETON_DEPENDENT_CYTOKINESIS	0.625000	5
GO_POSITIVE_REGULATION_OF_CELL_DIVISION	GO_POSITIVE_REGULATION_OF_MITOTIC_NUCLEAR_DIVISION	1.000000	7
GO_POSITIVE_REGULATION_OF_CELL_DIVISION	GO_POSITIVE_REGULATION_OF_CELL_CYCLE_PROCESS	1.000000	15
GO_POSITIVE_REGULATION_OF_CELL_DIVISION	GO_REGULATION_OF_CYTOKINESIS	0.818182	9
GO_POSITIVE_REGULATION_OF_CELL_DIVISION	GO_CHROMOSOME_SEGREGATION	0.600000	9
GO_KINETOCHORE_ORGANIZATION	GO_CENTROMERE_COMPLEX_ASSEMBLY	1.000000	5
GO_KINETOCHORE_ORGANIZATION	GO_CHROMOSOME_SEGREGATION	1.000000	5
GO_REGULATION_OF_CELL_DIVISION	GO_NEGATIVE_REGULATION_OF_CELL_DIVISION	1.000000	10
GO_REGULATION_OF_CELL_DIVISION	GO_CHROMOSOME_LOCALIZATION	0.538462	7
GO_REGULATION_OF_CELL_DIVISION	GO_CYTOKINESIS	0.666667	8
GO_REGULATION_OF_CELL_DIVISION	GO_MITOTIC_CELL_CYCLE_CHECKPOINT	0.625000	10
GO_REGULATION_OF_CELL_DIVISION	GO_NUCLEAR_CHROMOSOME_SEGREGATION	0.566667	17
GO_REGULATION_OF_CELL_DIVISION	GO_REGULATION_OF_SISTER_CHROMATID_SEGREGATION	1.000000	11
GO_REGULATION_OF_CELL_DIVISION	GO_NEGATIVE_REGULATION_OF_MITOTIC_CELL_CYCLE	0.625000	10
GO_REGULATION_OF_CELL_DIVISION	GO_MITOTIC_SISTER_CHROMATID_SEGREGATION	0.500000	11
GO_REGULATION_OF_CELL_DIVISION	GO_REGULATION_OF_NUCLEAR_DIVISION	1.000000	18
GO_REGULATION_OF_CELL_DIVISION	GO_CYTOSKELETON_DEPENDENT_CYTOKINESIS	0.625000	5
GO_REGULATION_OF_CELL_DIVISION	GO_REGULATION_OF_CHROMOSOME_ORGANIZATION	0.684211	13
GO_REGULATION_OF_CELL_DIVISION	GO_POSITIVE_REGULATION_OF_MITOTIC_NUCLEAR_DIVISION	1.000000	7
GO_REGULATION_OF_CELL_DIVISION	GO_POSITIVE_REGULATION_OF_CELL_CYCLE_PROCESS	0.826087	19
GO_REGULATION_OF_CELL_DIVISION	GO_MITOTIC_SPINDLE_ORGANIZATION	0.583333	7
GO_REGULATION_OF_CELL_DIVISION	GO_CELL_CYCLE_CHECKPOINT	0.590909	13
GO_REGULATION_OF_CELL_DIVISION	GO_REGULATION_OF_CYTOKINESIS	1.000000	11
GO_REGULATION_OF_CELL_DIVISION	GO_CHROMOSOME_SEGREGATION	0.600000	18
GO_REGULATION_OF_CELL_DIVISION	GO_NEGATIVE_REGULATION_OF_CHROMOSOME_SEGREGATION	1.000000	5
GO_LEUKOCYTE_DIFFERENTIATION	GO_ALPHA_BETA_T_CELL_DIFFERENTIATION	1.000000	9
GO_LEUKOCYTE_DIFFERENTIATION	GO_ALPHA_BETA_T_CELL_ACTIVATION	0.900000	9
GO_LEUKOCYTE_DIFFERENTIATION	GO_T_CELL_DIFFERENTIATION	1.000000	11
GO_DNA_CONFORMATION_CHANGE	GO_ATP_DEPENDENT_CHROMATIN_REMODELING	1.000000	7
GO_DNA_CONFORMATION_CHANGE	GO_HISTONE_EXCHANGE	1.000000	7
GO_DNA_CONFORMATION_CHANGE	GO_NUCLEAR_CHROMOSOME_SEGREGATION	0.565217	13
GO_DNA_CONFORMATION_CHANGE	GO_CENTROMERE_COMPLEX_ASSEMBLY	0.777778	7
GO_DNA_CONFORMATION_CHANGE	GO_MITOTIC_CHROMOSOME_CONDENSATION	1.000000	5
GO_DNA_CONFORMATION_CHANGE	GO_CHROMOSOME_CONDENSATION	1.000000	9
GO_DNA_CONFORMATION_CHANGE	GO_DNA_PACKAGING	1.000000	18
GO_DNA_CONFORMATION_CHANGE	GO_CHROMOSOME_SEGREGATION	0.608696	14
GO_NEGATIVE_REGULATION_OF_PROTEIN_COMPLEX_DISASSEMBLY	GO_REGULATION_OF_MICROTUBULE_BASED_PROCESS	0.941176	16
GO_NEGATIVE_REGULATION_OF_PROTEIN_COMPLEX_DISASSEMBLY	GO_CYTOKINESIS	0.500000	6
GO_NEGATIVE_REGULATION_OF_PROTEIN_COMPLEX_DISASSEMBLY	GO_NUCLEAR_CHROMOSOME_SEGREGATION	0.529412	9
GO_NEGATIVE_REGULATION_OF_PROTEIN_COMPLEX_DISASSEMBLY	GO_REGULATION_OF_PROTEIN_COMPLEX_DISASSEMBLY	1.000000	17
GO_NEGATIVE_REGULATION_OF_PROTEIN_COMPLEX_DISASSEMBLY	GO_MITOTIC_SPINDLE_ORGANIZATION	1.000000	12
GO_NEGATIVE_REGULATION_OF_PROTEIN_COMPLEX_DISASSEMBLY	GO_REGULATION_OF_MICROTUBULE_POLYMERIZATION_OR_DEPOLYMERIZATION	0.941176	16
GO_NEGATIVE_REGULATION_OF_PROTEIN_COMPLEX_DISASSEMBLY	GO_CHROMOSOME_SEGREGATION	0.588235	10
GO_REGULATION_OF_MICROTUBULE_BASED_PROCESS	GO_CYTOKINESIS	0.666667	8
GO_REGULATION_OF_MICROTUBULE_BASED_PROCESS	GO_NUCLEAR_CHROMOSOME_SEGREGATION	0.523810	11
GO_REGULATION_OF_MICROTUBULE_BASED_PROCESS	GO_REGULATION_OF_PROTEIN_COMPLEX_DISASSEMBLY	0.894737	17
GO_REGULATION_OF_MICROTUBULE_BASED_PROCESS	GO_CYTOSKELETON_DEPENDENT_CYTOKINESIS	0.625000	5
GO_REGULATION_OF_MICROTUBULE_BASED_PROCESS	GO_MITOTIC_SPINDLE_ORGANIZATION	1.000000	12
GO_REGULATION_OF_MICROTUBULE_BASED_PROCESS	GO_REGULATION_OF_MICROTUBULE_POLYMERIZATION_OR_DEPOLYMERIZATION	1.000000	19
GO_REGULATION_OF_MICROTUBULE_BASED_PROCESS	GO_CHROMOSOME_SEGREGATION	0.619048	13
GO_REGULATION_OF_HOMOTYPIC_CELL_CELL_ADHESION	GO_NEGATIVE_REGULATION_OF_LEUKOCYTE_DIFFERENTIATION	0.555556	5
GO_REGULATION_OF_HOMOTYPIC_CELL_CELL_ADHESION	GO_REGULATION_OF_ADAPTIVE_IMMUNE_RESPONSE	0.700000	7
GO_REGULATION_OF_HOMOTYPIC_CELL_CELL_ADHESION	GO_NEGATIVE_REGULATION_OF_HOMOTYPIC_CELL_CELL_ADHESION	1.000000	12
GO_REGULATION_OF_HOMOTYPIC_CELL_CELL_ADHESION	GO_REGULATION_OF_CD4_POSITIVE_ALPHA_BETA_T_CELL_ACTIVATION	1.000000	6
GO_REGULATION_OF_HOMOTYPIC_CELL_CELL_ADHESION	GO_NEGATIVE_REGULATION_OF_T_CELL_DIFFERENTIATION	1.000000	5
GO_REGULATION_OF_HOMOTYPIC_CELL_CELL_ADHESION	GO_POSITIVE_REGULATION_OF_CD4_POSITIVE_ALPHA_BETA_T_CELL_ACTIVATION	1.000000	5
GO_REGULATION_OF_HOMOTYPIC_CELL_CELL_ADHESION	GO_NEGATIVE_REGULATION_OF_CELL_ACTIVATION	0.857143	12
GO_REGULATION_OF_HOMOTYPIC_CELL_CELL_ADHESION	GO_NEGATIVE_REGULATION_OF_CELL_CELL_ADHESION	0.800000	12
GO_REGULATION_OF_HOMOTYPIC_CELL_CELL_ADHESION	GO_REGULATION_OF_INTERLEUKIN_2_PRODUCTION	0.857143	6
GO_REGULATION_OF_HOMOTYPIC_CELL_CELL_ADHESION	GO_NEGATIVE_REGULATION_OF_IMMUNE_EFFECTOR_PROCESS	0.555556	5
GO_REGULATION_OF_HOMOTYPIC_CELL_CELL_ADHESION	GO_POSITIVE_REGULATION_OF_INTERLEUKIN_10_PRODUCTION	1.000000	5
GO_REGULATION_OF_HOMOTYPIC_CELL_CELL_ADHESION	GO_REGULATION_OF_CYTOKINE_BIOSYNTHETIC_PROCESS	0.777778	7
GO_REGULATION_OF_HOMOTYPIC_CELL_CELL_ADHESION	GO_REGULATION_OF_INTERFERON_GAMMA_PRODUCTION	0.583333	7
GO_REGULATION_OF_HOMOTYPIC_CELL_CELL_ADHESION	GO_POSITIVE_REGULATION_OF_LEUKOCYTE_MEDIATED_IMMUNITY	0.555556	5
GO_REGULATION_OF_HOMOTYPIC_CELL_CELL_ADHESION	GO_POSITIVE_REGULATION_OF_LYMPHOCYTE_MEDIATED_IMMUNITY	0.625000	5
GO_REGULATION_OF_HOMOTYPIC_CELL_CELL_ADHESION	GO_NEGATIVE_REGULATION_OF_HEMOPOIESIS	0.500000	5
GO_NEGATIVE_REGULATION_OF_LEUKOCYTE_DIFFERENTIATION	GO_NEGATIVE_REGULATION_OF_HOMOTYPIC_CELL_CELL_ADHESION	0.555556	5
GO_NEGATIVE_REGULATION_OF_LEUKOCYTE_DIFFERENTIATION	GO_NEGATIVE_REGULATION_OF_T_CELL_DIFFERENTIATION	1.000000	5
GO_NEGATIVE_REGULATION_OF_LEUKOCYTE_DIFFERENTIATION	GO_NEGATIVE_REGULATION_OF_CELL_ACTIVATION	0.666667	6
GO_NEGATIVE_REGULATION_OF_LEUKOCYTE_DIFFERENTIATION	GO_NEGATIVE_REGULATION_OF_CELL_CELL_ADHESION	0.666667	6
GO_NEGATIVE_REGULATION_OF_LEUKOCYTE_DIFFERENTIATION	GO_REGULATION_OF_LEUKOCYTE_DIFFERENTIATION	1.000000	9
GO_NEGATIVE_REGULATION_OF_LEUKOCYTE_DIFFERENTIATION	GO_REGULATION_OF_HEMOPOIESIS	1.000000	9
GO_NEGATIVE_REGULATION_OF_LEUKOCYTE_DIFFERENTIATION	GO_NEGATIVE_REGULATION_OF_HEMOPOIESIS	1.000000	9
GO_REGULATION_OF_LEUKOCYTE_MEDIATED_CYTOTOXICITY	GO_REGULATION_OF_NATURAL_KILLER_CELL_MEDIATED_IMMUNITY	1.000000	5
GO_REGULATION_OF_LEUKOCYTE_MEDIATED_CYTOTOXICITY	GO_REGULATION_OF_CELL_KILLING	1.000000	7
GO_REGULATION_OF_LEUKOCYTE_MEDIATED_CYTOTOXICITY	GO_POSITIVE_REGULATION_OF_LEUKOCYTE_MEDIATED_IMMUNITY	1.000000	7
GO_REGULATION_OF_LEUKOCYTE_MEDIATED_CYTOTOXICITY	GO_POSITIVE_REGULATION_OF_LYMPHOCYTE_MEDIATED_IMMUNITY	0.857143	6
GO_CELL_CYCLE_PHASE_TRANSITION	GO_REGULATION_OF_SISTER_CHROMATID_SEGREGATION	0.545455	6
GO_CELL_CYCLE_PHASE_TRANSITION	GO_REGULATION_OF_TRANSCRIPTION_INVOLVED_IN_G1_S_TRANSITION_OF_MITOTIC_CELL_CYCLE	1.000000	7
GO_CELL_CYCLE_PHASE_TRANSITION	GO_REGULATION_OF_NUCLEAR_DIVISION	0.500000	9
GO_CELL_CYCLE_PHASE_TRANSITION	GO_POSITIVE_REGULATION_OF_MITOTIC_NUCLEAR_DIVISION	0.714286	5
GO_CELL_CYCLE_PHASE_TRANSITION	GO_POSITIVE_REGULATION_OF_CELL_CYCLE_PROCESS	0.521739	12
GO_CELL_CYCLE_PHASE_TRANSITION	GO_CELL_CYCLE_G1_S_PHASE_TRANSITION	1.000000	13
GO_CELL_CYCLE_PHASE_TRANSITION	GO_MITOTIC_DNA_INTEGRITY_CHECKPOINT	0.500000	5
GO_REGULATION_OF_LEUKOCYTE_APOPTOTIC_PROCESS	GO_REGULATION_OF_I_KAPPAB_KINASE_NF_KAPPAB_SIGNALING	0.625000	5
GO_REGULATION_OF_LEUKOCYTE_APOPTOTIC_PROCESS	GO_NEGATIVE_REGULATION_OF_LEUKOCYTE_APOPTOTIC_PROCESS	1.000000	6
GO_MEIOTIC_CELL_CYCLE	GO_MEIOTIC_CELL_CYCLE_PROCESS	1.000000	11
GO_DEFENSE_RESPONSE_TO_VIRUS	GO_INTERFERON_GAMMA_MEDIATED_SIGNALING_PATHWAY	0.625000	5
GO_DEFENSE_RESPONSE_TO_VIRUS	GO_RESPONSE_TO_TYPE_I_INTERFERON	0.750000	12
GO_DEFENSE_RESPONSE_TO_VIRUS	GO_CELLULAR_RESPONSE_TO_INTERFERON_GAMMA	0.500000	5
GO_DEFENSE_RESPONSE_TO_VIRUS	GO_RESPONSE_TO_VIRUS	1.000000	19
GO_DEFENSE_RESPONSE_TO_VIRUS	GO_REGULATION_OF_TYPE_I_INTERFERON_PRODUCTION	0.500000	6
GO_ATP_DEPENDENT_CHROMATIN_REMODELING	GO_SISTER_CHROMATID_COHESION	0.857143	6
GO_ATP_DEPENDENT_CHROMATIN_REMODELING	GO_HISTONE_EXCHANGE	1.000000	7
GO_ATP_DEPENDENT_CHROMATIN_REMODELING	GO_NUCLEAR_CHROMOSOME_SEGREGATION	0.857143	6
GO_ATP_DEPENDENT_CHROMATIN_REMODELING	GO_CENTROMERE_COMPLEX_ASSEMBLY	1.000000	7
GO_ATP_DEPENDENT_CHROMATIN_REMODELING	GO_DNA_PACKAGING	1.000000	7
GO_ATP_DEPENDENT_CHROMATIN_REMODELING	GO_CHROMOSOME_SEGREGATION	1.000000	7
GO_G2_DNA_DAMAGE_CHECKPOINT	GO_MITOTIC_CELL_CYCLE_CHECKPOINT	0.833333	5
GO_G2_DNA_DAMAGE_CHECKPOINT	GO_NEGATIVE_REGULATION_OF_MITOTIC_CELL_CYCLE	0.833333	5
GO_G2_DNA_DAMAGE_CHECKPOINT	GO_REGULATION_OF_CELL_CYCLE_G2_M_PHASE_TRANSITION	0.833333	5
GO_G2_DNA_DAMAGE_CHECKPOINT	GO_CELL_CYCLE_CHECKPOINT	1.000000	6
GO_REGULATION_OF_NATURAL_KILLER_CELL_MEDIATED_IMMUNITY	GO_REGULATION_OF_CELL_KILLING	1.000000	5
GO_REGULATION_OF_NATURAL_KILLER_CELL_MEDIATED_IMMUNITY	GO_POSITIVE_REGULATION_OF_LEUKOCYTE_MEDIATED_IMMUNITY	1.000000	5
GO_REGULATION_OF_NATURAL_KILLER_CELL_MEDIATED_IMMUNITY	GO_POSITIVE_REGULATION_OF_LYMPHOCYTE_MEDIATED_IMMUNITY	1.000000	5
GO_RESPONSE_TO_INTERFERON_GAMMA	GO_INTERFERON_GAMMA_MEDIATED_SIGNALING_PATHWAY	1.000000	8
GO_RESPONSE_TO_INTERFERON_GAMMA	GO_RESPONSE_TO_TYPE_I_INTERFERON	0.636364	7
GO_RESPONSE_TO_INTERFERON_GAMMA	GO_CELLULAR_RESPONSE_TO_INTERFERON_GAMMA	1.000000	10
GO_RESPONSE_TO_INTERFERON_GAMMA	GO_RESPONSE_TO_VIRUS	0.545455	6
GO_ALPHA_BETA_T_CELL_DIFFERENTIATION	GO_ALPHA_BETA_T_CELL_ACTIVATION	1.000000	9
GO_ALPHA_BETA_T_CELL_DIFFERENTIATION	GO_T_CELL_DIFFERENTIATION	1.000000	9
GO_ALPHA_BETA_T_CELL_DIFFERENTIATION	GO_ADAPTIVE_IMMUNE_RESPONSE_BASED_ON_SOMATIC_RECOMBINATION_OF_IMMUNE_RECEPTORS_BUILT_FROM_IMMUNOGLOBULIN_SUPERFAMILY_DOMAINS	0.555556	5
GO_ALPHA_BETA_T_CELL_DIFFERENTIATION	GO_ADAPTIVE_IMMUNE_RESPONSE	0.666667	6
GO_NEGATIVE_REGULATION_OF_CELL_DIVISION	GO_SISTER_CHROMATID_COHESION	0.500000	5
GO_NEGATIVE_REGULATION_OF_CELL_DIVISION	GO_MITOTIC_CELL_CYCLE_CHECKPOINT	0.600000	6
GO_NEGATIVE_REGULATION_OF_CELL_DIVISION	GO_NUCLEAR_CHROMOSOME_SEGREGATION	0.500000	5
GO_NEGATIVE_REGULATION_OF_CELL_DIVISION	GO_REGULATION_OF_SISTER_CHROMATID_SEGREGATION	0.500000	5
GO_NEGATIVE_REGULATION_OF_CELL_DIVISION	GO_NEGATIVE_REGULATION_OF_MITOTIC_CELL_CYCLE	0.600000	6
GO_NEGATIVE_REGULATION_OF_CELL_DIVISION	GO_REGULATION_OF_NUCLEAR_DIVISION	0.500000	5
GO_NEGATIVE_REGULATION_OF_CELL_DIVISION	GO_REGULATION_OF_CHROMOSOME_ORGANIZATION	0.700000	7
GO_NEGATIVE_REGULATION_OF_CELL_DIVISION	GO_CELL_CYCLE_CHECKPOINT	0.700000	7
GO_NEGATIVE_REGULATION_OF_CELL_DIVISION	GO_CHROMOSOME_SEGREGATION	0.600000	6
GO_NEGATIVE_REGULATION_OF_CELL_DIVISION	GO_NEGATIVE_REGULATION_OF_CHROMOSOME_SEGREGATION	1.000000	5
GO_REGULATION_OF_ADAPTIVE_IMMUNE_RESPONSE	GO_NEGATIVE_REGULATION_OF_HOMOTYPIC_CELL_CELL_ADHESION	0.500000	5
GO_REGULATION_OF_ADAPTIVE_IMMUNE_RESPONSE	GO_NEGATIVE_REGULATION_OF_CELL_ACTIVATION	0.600000	6
GO_REGULATION_OF_ADAPTIVE_IMMUNE_RESPONSE	GO_NEGATIVE_REGULATION_OF_CELL_CELL_ADHESION	0.500000	5
GO_REGULATION_OF_ADAPTIVE_IMMUNE_RESPONSE	GO_REGULATION_OF_INTERLEUKIN_2_PRODUCTION	0.714286	5
GO_REGULATION_OF_ADAPTIVE_IMMUNE_RESPONSE	GO_NEGATIVE_REGULATION_OF_IMMUNE_EFFECTOR_PROCESS	0.555556	5
GO_REGULATION_OF_ADAPTIVE_IMMUNE_RESPONSE	GO_RESPONSE_TO_VIRUS	0.600000	6
GO_REGULATION_OF_ADAPTIVE_IMMUNE_RESPONSE	GO_NEGATIVE_REGULATION_OF_CYTOKINE_PRODUCTION	0.600000	6
GO_REGULATION_OF_ADAPTIVE_IMMUNE_RESPONSE	GO_REGULATION_OF_INTERFERON_GAMMA_PRODUCTION	0.500000	5
GO_REGULATION_OF_ADAPTIVE_IMMUNE_RESPONSE	GO_REGULATION_OF_TYPE_I_INTERFERON_PRODUCTION	0.500000	5
GO_NEGATIVE_REGULATION_OF_HOMOTYPIC_CELL_CELL_ADHESION	GO_NEGATIVE_REGULATION_OF_T_CELL_DIFFERENTIATION	1.000000	5
GO_NEGATIVE_REGULATION_OF_HOMOTYPIC_CELL_CELL_ADHESION	GO_NEGATIVE_REGULATION_OF_CELL_ACTIVATION	1.000000	12
GO_NEGATIVE_REGULATION_OF_HOMOTYPIC_CELL_CELL_ADHESION	GO_NEGATIVE_REGULATION_OF_CELL_CELL_ADHESION	1.000000	12
GO_NEGATIVE_REGULATION_OF_HOMOTYPIC_CELL_CELL_ADHESION	GO_NEGATIVE_REGULATION_OF_CYTOKINE_PRODUCTION	0.500000	6
GO_NEGATIVE_REGULATION_OF_HOMOTYPIC_CELL_CELL_ADHESION	GO_NEGATIVE_REGULATION_OF_HEMOPOIESIS	0.500000	5
GO_CHROMOSOME_LOCALIZATION	GO_SISTER_CHROMATID_COHESION	0.538462	7
GO_CHROMOSOME_LOCALIZATION	GO_NUCLEAR_CHROMOSOME_SEGREGATION	1.000000	13
GO_CHROMOSOME_LOCALIZATION	GO_MITOTIC_SISTER_CHROMATID_SEGREGATION	0.769231	10
GO_CHROMOSOME_LOCALIZATION	GO_METAPHASE_PLATE_CONGRESSION	1.000000	11
GO_CHROMOSOME_LOCALIZATION	GO_CHROMOSOME_SEGREGATION	1.000000	13
GO_REGULATION_OF_I_KAPPAB_KINASE_NF_KAPPAB_SIGNALING	GO_NEGATIVE_REGULATION_OF_I_KAPPAB_KINASE_NF_KAPPAB_SIGNALING	1.000000	8
GO_SISTER_CHROMATID_COHESION	GO_HISTONE_EXCHANGE	0.857143	6
GO_SISTER_CHROMATID_COHESION	GO_NUCLEAR_CHROMOSOME_SEGREGATION	1.000000	25
GO_SISTER_CHROMATID_COHESION	GO_CENTROMERE_COMPLEX_ASSEMBLY	0.888889	8
GO_SISTER_CHROMATID_COHESION	GO_REGULATION_OF_SISTER_CHROMATID_SEGREGATION	0.545455	6
GO_SISTER_CHROMATID_COHESION	GO_REGULATION_OF_NUCLEAR_DIVISION	0.500000	9
GO_SISTER_CHROMATID_COHESION	GO_METAPHASE_PLATE_CONGRESSION	0.545455	6
GO_SISTER_CHROMATID_COHESION	GO_CHROMOSOME_SEGREGATION	1.000000	25
GO_INTERFERON_GAMMA_MEDIATED_SIGNALING_PATHWAY	GO_RESPONSE_TO_TYPE_I_INTERFERON	0.875000	7
GO_INTERFERON_GAMMA_MEDIATED_SIGNALING_PATHWAY	GO_CELLULAR_RESPONSE_TO_INTERFERON_GAMMA	1.000000	8
GO_INTERFERON_GAMMA_MEDIATED_SIGNALING_PATHWAY	GO_RESPONSE_TO_VIRUS	0.625000	5
GO_REGULATION_OF_CD4_POSITIVE_ALPHA_BETA_T_CELL_ACTIVATION	GO_POSITIVE_REGULATION_OF_CD4_POSITIVE_ALPHA_BETA_T_CELL_ACTIVATION	1.000000	5
GO_REGULATION_OF_CD4_POSITIVE_ALPHA_BETA_T_CELL_ACTIVATION	GO_REGULATION_OF_INTERLEUKIN_2_PRODUCTION	0.833333	5
GO_HISTONE_EXCHANGE	GO_NUCLEAR_CHROMOSOME_SEGREGATION	0.857143	6
GO_HISTONE_EXCHANGE	GO_CENTROMERE_COMPLEX_ASSEMBLY	1.000000	7
GO_HISTONE_EXCHANGE	GO_DNA_PACKAGING	1.000000	7
GO_HISTONE_EXCHANGE	GO_CHROMOSOME_SEGREGATION	1.000000	7
GO_NEGATIVE_REGULATION_OF_INTERFERON_GAMMA_PRODUCTION	GO_NEGATIVE_REGULATION_OF_CELL_ACTIVATION	1.000000	5
GO_NEGATIVE_REGULATION_OF_INTERFERON_GAMMA_PRODUCTION	GO_NEGATIVE_REGULATION_OF_IMMUNE_EFFECTOR_PROCESS	1.000000	5
GO_NEGATIVE_REGULATION_OF_INTERFERON_GAMMA_PRODUCTION	GO_NEGATIVE_REGULATION_OF_CYTOKINE_PRODUCTION	1.000000	5
GO_NEGATIVE_REGULATION_OF_INTERFERON_GAMMA_PRODUCTION	GO_REGULATION_OF_INTERFERON_GAMMA_PRODUCTION	1.000000	5
GO_NEGATIVE_REGULATION_OF_DEFENSE_RESPONSE	GO_NEGATIVE_REGULATION_OF_IMMUNE_EFFECTOR_PROCESS	0.666667	6
GO_NEGATIVE_REGULATION_OF_DEFENSE_RESPONSE	GO_NEGATIVE_REGULATION_OF_CYTOKINE_PRODUCTION	0.545455	6
GO_ALPHA_BETA_T_CELL_ACTIVATION	GO_T_CELL_DIFFERENTIATION	0.900000	9
GO_ALPHA_BETA_T_CELL_ACTIVATION	GO_ADAPTIVE_IMMUNE_RESPONSE_BASED_ON_SOMATIC_RECOMBINATION_OF_IMMUNE_RECEPTORS_BUILT_FROM_IMMUNOGLOBULIN_SUPERFAMILY_DOMAINS	0.500000	5
GO_ALPHA_BETA_T_CELL_ACTIVATION	GO_REGULATION_OF_LEUKOCYTE_DIFFERENTIATION	0.500000	5
GO_ALPHA_BETA_T_CELL_ACTIVATION	GO_REGULATION_OF_HEMOPOIESIS	0.500000	5
GO_ALPHA_BETA_T_CELL_ACTIVATION	GO_ADAPTIVE_IMMUNE_RESPONSE	0.600000	6
GO_REGULATION_OF_INTERFERON_BETA_PRODUCTION	GO_REGULATION_OF_TYPE_I_INTERFERON_PRODUCTION	1.000000	6
GO_CYTOKINESIS	GO_NUCLEAR_CHROMOSOME_SEGREGATION	0.666667	8
GO_CYTOKINESIS	GO_REGULATION_OF_PROTEIN_COMPLEX_DISASSEMBLY	0.583333	7
GO_CYTOKINESIS	GO_MITOTIC_SISTER_CHROMATID_SEGREGATION	0.583333	7
GO_CYTOKINESIS	GO_CYTOSKELETON_DEPENDENT_CYTOKINESIS	1.000000	8
GO_CYTOKINESIS	GO_POSITIVE_REGULATION_OF_CELL_CYCLE_PROCESS	0.666667	8
GO_CYTOKINESIS	GO_MITOTIC_CYTOKINESIS	1.000000	7
GO_CYTOKINESIS	GO_REGULATION_OF_MICROTUBULE_POLYMERIZATION_OR_DEPOLYMERIZATION	0.583333	7
GO_CYTOKINESIS	GO_CHROMOSOME_SEGREGATION	0.666667	8
GO_NEGATIVE_REGULATION_OF_T_CELL_DIFFERENTIATION	GO_NEGATIVE_REGULATION_OF_CELL_ACTIVATION	1.000000	5
GO_NEGATIVE_REGULATION_OF_T_CELL_DIFFERENTIATION	GO_NEGATIVE_REGULATION_OF_CELL_CELL_ADHESION	1.000000	5
GO_NEGATIVE_REGULATION_OF_T_CELL_DIFFERENTIATION	GO_REGULATION_OF_LEUKOCYTE_DIFFERENTIATION	1.000000	5
GO_NEGATIVE_REGULATION_OF_T_CELL_DIFFERENTIATION	GO_REGULATION_OF_HEMOPOIESIS	1.000000	5
GO_NEGATIVE_REGULATION_OF_T_CELL_DIFFERENTIATION	GO_NEGATIVE_REGULATION_OF_HEMOPOIESIS	1.000000	5
GO_MITOTIC_CELL_CYCLE_CHECKPOINT	GO_REGULATION_OF_SISTER_CHROMATID_SEGREGATION	0.545455	6
GO_MITOTIC_CELL_CYCLE_CHECKPOINT	GO_NEGATIVE_REGULATION_OF_MITOTIC_CELL_CYCLE	1.000000	16
GO_MITOTIC_CELL_CYCLE_CHECKPOINT	GO_REGULATION_OF_CELL_CYCLE_G2_M_PHASE_TRANSITION	0.750000	6
GO_MITOTIC_CELL_CYCLE_CHECKPOINT	GO_REGULATION_OF_NUCLEAR_DIVISION	0.562500	9
GO_MITOTIC_CELL_CYCLE_CHECKPOINT	GO_CELL_CYCLE_CHECKPOINT	1.000000	16
GO_MITOTIC_CELL_CYCLE_CHECKPOINT	GO_MITOTIC_DNA_INTEGRITY_CHECKPOINT	1.000000	10
GO_MITOTIC_CELL_CYCLE_CHECKPOINT	GO_CHROMOSOME_SEGREGATION	0.500000	8
GO_MITOTIC_CELL_CYCLE_CHECKPOINT	GO_NEGATIVE_REGULATION_OF_CHROMOSOME_SEGREGATION	1.000000	5
GO_REGULATION_OF_BINDING	GO_REGULATION_OF_PROTEIN_BINDING	1.000000	13
GO_NUCLEAR_CHROMOSOME_SEGREGATION	GO_CENTROMERE_COMPLEX_ASSEMBLY	0.888889	8
GO_NUCLEAR_CHROMOSOME_SEGREGATION	GO_REGULATION_OF_SISTER_CHROMATID_SEGREGATION	0.727273	8
GO_NUCLEAR_CHROMOSOME_SEGREGATION	GO_REGULATION_OF_PROTEIN_COMPLEX_DISASSEMBLY	0.526316	10
GO_NUCLEAR_CHROMOSOME_SEGREGATION	GO_MITOTIC_SISTER_CHROMATID_SEGREGATION	1.000000	22
GO_NUCLEAR_CHROMOSOME_SEGREGATION	GO_MITOTIC_CHROMOSOME_CONDENSATION	1.000000	5
GO_NUCLEAR_CHROMOSOME_SEGREGATION	GO_REGULATION_OF_NUCLEAR_DIVISION	0.666667	12
GO_NUCLEAR_CHROMOSOME_SEGREGATION	GO_METAPHASE_PLATE_CONGRESSION	1.000000	11
GO_NUCLEAR_CHROMOSOME_SEGREGATION	GO_CYTOSKELETON_DEPENDENT_CYTOKINESIS	0.750000	6
GO_NUCLEAR_CHROMOSOME_SEGREGATION	GO_POSITIVE_REGULATION_OF_MITOTIC_NUCLEAR_DIVISION	0.714286	5
GO_NUCLEAR_CHROMOSOME_SEGREGATION	GO_MITOTIC_SPINDLE_ORGANIZATION	0.750000	9
GO_NUCLEAR_CHROMOSOME_SEGREGATION	GO_MITOTIC_CYTOKINESIS	0.714286	5
GO_NUCLEAR_CHROMOSOME_SEGREGATION	GO_CHROMOSOME_CONDENSATION	0.777778	7
GO_NUCLEAR_CHROMOSOME_SEGREGATION	GO_REGULATION_OF_MICROTUBULE_POLYMERIZATION_OR_DEPOLYMERIZATION	0.578947	11
GO_NUCLEAR_CHROMOSOME_SEGREGATION	GO_DNA_PACKAGING	0.722222	13
GO_NUCLEAR_CHROMOSOME_SEGREGATION	GO_CHROMOSOME_SEGREGATION	1.000000	40
GO_NEGATIVE_REGULATION_OF_CELL_ACTIVATION	GO_NEGATIVE_REGULATION_OF_CELL_CELL_ADHESION	0.857143	12
GO_NEGATIVE_REGULATION_OF_CELL_ACTIVATION	GO_REGULATION_OF_INTERLEUKIN_2_PRODUCTION	0.714286	5
GO_NEGATIVE_REGULATION_OF_CELL_ACTIVATION	GO_NEGATIVE_REGULATION_OF_IMMUNE_EFFECTOR_PROCESS	0.555556	5
GO_NEGATIVE_REGULATION_OF_CELL_ACTIVATION	GO_NEGATIVE_REGULATION_OF_CYTOKINE_PRODUCTION	0.571429	8
GO_NEGATIVE_REGULATION_OF_CELL_ACTIVATION	GO_NEGATIVE_REGULATION_OF_HEMOPOIESIS	0.600000	6
GO_CENTROMERE_COMPLEX_ASSEMBLY	GO_DNA_PACKAGING	0.777778	7
GO_CENTROMERE_COMPLEX_ASSEMBLY	GO_CHROMOSOME_SEGREGATION	1.000000	9
GO_REGULATION_OF_SISTER_CHROMATID_SEGREGATION	GO_NEGATIVE_REGULATION_OF_MITOTIC_CELL_CYCLE	0.545455	6
GO_REGULATION_OF_SISTER_CHROMATID_SEGREGATION	GO_REGULATION_OF_NUCLEAR_DIVISION	1.000000	11
GO_REGULATION_OF_SISTER_CHROMATID_SEGREGATION	GO_REGULATION_OF_CHROMOSOME_ORGANIZATION	1.000000	11
GO_REGULATION_OF_SISTER_CHROMATID_SEGREGATION	GO_POSITIVE_REGULATION_OF_CELL_CYCLE_PROCESS	0.545455	6
GO_REGULATION_OF_SISTER_CHROMATID_SEGREGATION	GO_CELL_CYCLE_CHECKPOINT	0.636364	7
GO_REGULATION_OF_SISTER_CHROMATID_SEGREGATION	GO_CHROMOSOME_SEGREGATION	0.818182	9
GO_REGULATION_OF_SISTER_CHROMATID_SEGREGATION	GO_NEGATIVE_REGULATION_OF_CHROMOSOME_SEGREGATION	1.000000	5
GO_NEGATIVE_REGULATION_OF_MITOTIC_CELL_CYCLE	GO_REGULATION_OF_CELL_CYCLE_G2_M_PHASE_TRANSITION	0.750000	6
GO_NEGATIVE_REGULATION_OF_MITOTIC_CELL_CYCLE	GO_REGULATION_OF_NUCLEAR_DIVISION	0.562500	9
GO_NEGATIVE_REGULATION_OF_MITOTIC_CELL_CYCLE	GO_CELL_CYCLE_CHECKPOINT	1.000000	16
GO_NEGATIVE_REGULATION_OF_MITOTIC_CELL_CYCLE	GO_MITOTIC_DNA_INTEGRITY_CHECKPOINT	1.000000	10
GO_NEGATIVE_REGULATION_OF_MITOTIC_CELL_CYCLE	GO_CHROMOSOME_SEGREGATION	0.500000	8
GO_NEGATIVE_REGULATION_OF_MITOTIC_CELL_CYCLE	GO_NEGATIVE_REGULATION_OF_CHROMOSOME_SEGREGATION	1.000000	5
GO_REGULATION_OF_PROTEIN_COMPLEX_DISASSEMBLY	GO_CYTOSKELETON_DEPENDENT_CYTOKINESIS	0.625000	5
GO_REGULATION_OF_PROTEIN_COMPLEX_DISASSEMBLY	GO_MITOTIC_SPINDLE_ORGANIZATION	1.000000	12
GO_REGULATION_OF_PROTEIN_COMPLEX_DISASSEMBLY	GO_REGULATION_OF_MICROTUBULE_POLYMERIZATION_OR_DEPOLYMERIZATION	0.894737	17
GO_REGULATION_OF_PROTEIN_COMPLEX_DISASSEMBLY	GO_CHROMOSOME_SEGREGATION	0.578947	11
GO_REGULATION_OF_CELL_CYCLE_G2_M_PHASE_TRANSITION	GO_CELL_CYCLE_CHECKPOINT	0.750000	6
GO_T_CELL_DIFFERENTIATION	GO_ADAPTIVE_IMMUNE_RESPONSE	0.545455	6
GO_REGULATION_OF_CELL_KILLING	GO_POSITIVE_REGULATION_OF_LEUKOCYTE_MEDIATED_IMMUNITY	0.875000	7
GO_REGULATION_OF_CELL_KILLING	GO_POSITIVE_REGULATION_OF_LYMPHOCYTE_MEDIATED_IMMUNITY	0.750000	6
GO_NEGATIVE_REGULATION_OF_CELL_CELL_ADHESION	GO_NEGATIVE_REGULATION_OF_CYTOKINE_PRODUCTION	0.533333	8
GO_NEGATIVE_REGULATION_OF_CELL_CELL_ADHESION	GO_NEGATIVE_REGULATION_OF_HEMOPOIESIS	0.600000	6
GO_ADAPTIVE_IMMUNE_RESPONSE_BASED_ON_SOMATIC_RECOMBINATION_OF_IMMUNE_RECEPTORS_BUILT_FROM_IMMUNOGLOBULIN_SUPERFAMILY_DOMAINS	GO_ADAPTIVE_IMMUNE_RESPONSE	1.000000	13
GO_CELLULAR_COMPONENT_DISASSEMBLY_INVOLVED_IN_EXECUTION_PHASE_OF_APOPTOSIS	GO_EXECUTION_PHASE_OF_APOPTOSIS	1.000000	7
GO_REGULATION_OF_TRANSCRIPTION_INVOLVED_IN_G1_S_TRANSITION_OF_MITOTIC_CELL_CYCLE	GO_DNA_REPLICATION	0.714286	5
GO_REGULATION_OF_TRANSCRIPTION_INVOLVED_IN_G1_S_TRANSITION_OF_MITOTIC_CELL_CYCLE	GO_CELL_CYCLE_G1_S_PHASE_TRANSITION	1.000000	7
GO_MITOTIC_SISTER_CHROMATID_SEGREGATION	GO_MITOTIC_CHROMOSOME_CONDENSATION	1.000000	5
GO_MITOTIC_SISTER_CHROMATID_SEGREGATION	GO_METAPHASE_PLATE_CONGRESSION	0.818182	9
GO_MITOTIC_SISTER_CHROMATID_SEGREGATION	GO_CYTOSKELETON_DEPENDENT_CYTOKINESIS	0.750000	6
GO_MITOTIC_SISTER_CHROMATID_SEGREGATION	GO_MITOTIC_SPINDLE_ORGANIZATION	0.583333	7
GO_MITOTIC_SISTER_CHROMATID_SEGREGATION	GO_MITOTIC_CYTOKINESIS	0.714286	5
GO_MITOTIC_SISTER_CHROMATID_SEGREGATION	GO_CHROMOSOME_CONDENSATION	0.666667	6
GO_MITOTIC_SISTER_CHROMATID_SEGREGATION	GO_CHROMOSOME_SEGREGATION	1.000000	22
GO_MITOTIC_CHROMOSOME_CONDENSATION	GO_CHROMOSOME_CONDENSATION	1.000000	5
GO_MITOTIC_CHROMOSOME_CONDENSATION	GO_DNA_PACKAGING	1.000000	5
GO_MITOTIC_CHROMOSOME_CONDENSATION	GO_CHROMOSOME_SEGREGATION	1.000000	5
GO_REGULATION_OF_INTERLEUKIN_2_PRODUCTION	GO_NEGATIVE_REGULATION_OF_CYTOKINE_PRODUCTION	0.714286	5
GO_REGULATION_OF_NUCLEAR_DIVISION	GO_REGULATION_OF_CHROMOSOME_ORGANIZATION	0.611111	11
GO_REGULATION_OF_NUCLEAR_DIVISION	GO_POSITIVE_REGULATION_OF_MITOTIC_NUCLEAR_DIVISION	1.000000	7
GO_REGULATION_OF_NUCLEAR_DIVISION	GO_POSITIVE_REGULATION_OF_CELL_CYCLE_PROCESS	0.555556	10
GO_REGULATION_OF_NUCLEAR_DIVISION	GO_CELL_CYCLE_CHECKPOINT	0.611111	11
GO_REGULATION_OF_NUCLEAR_DIVISION	GO_CHROMOSOME_SEGREGATION	0.722222	13
GO_REGULATION_OF_NUCLEAR_DIVISION	GO_NEGATIVE_REGULATION_OF_CHROMOSOME_SEGREGATION	1.000000	5
GO_RESPONSE_TO_TYPE_I_INTERFERON	GO_CELLULAR_RESPONSE_TO_INTERFERON_GAMMA	0.700000	7
GO_RESPONSE_TO_TYPE_I_INTERFERON	GO_RESPONSE_TO_VIRUS	0.812500	13
GO_REGULATION_OF_LEUKOCYTE_DIFFERENTIATION	GO_REGULATION_OF_HEMOPOIESIS	1.000000	16
GO_REGULATION_OF_LEUKOCYTE_DIFFERENTIATION	GO_NEGATIVE_REGULATION_OF_HEMOPOIESIS	0.900000	9
GO_NEGATIVE_REGULATION_OF_IMMUNE_EFFECTOR_PROCESS	GO_RESPONSE_TO_VIRUS	0.555556	5
GO_NEGATIVE_REGULATION_OF_IMMUNE_EFFECTOR_PROCESS	GO_NEGATIVE_REGULATION_OF_CYTOKINE_PRODUCTION	0.666667	6
GO_NEGATIVE_REGULATION_OF_IMMUNE_EFFECTOR_PROCESS	GO_REGULATION_OF_INTERFERON_GAMMA_PRODUCTION	0.555556	5
GO_DNA_REPLICATION	GO_CELL_CYCLE_G1_S_PHASE_TRANSITION	0.538462	7
GO_DNA_REPLICATION	GO_MITOTIC_DNA_INTEGRITY_CHECKPOINT	0.500000	5
GO_REGULATION_OF_HEMOPOIESIS	GO_NEGATIVE_REGULATION_OF_HEMOPOIESIS	1.000000	10
GO_METAPHASE_PLATE_CONGRESSION	GO_CHROMOSOME_SEGREGATION	1.000000	11
GO_CYTOSKELETON_DEPENDENT_CYTOKINESIS	GO_POSITIVE_REGULATION_OF_CELL_CYCLE_PROCESS	0.625000	5
GO_CYTOSKELETON_DEPENDENT_CYTOKINESIS	GO_MITOTIC_CYTOKINESIS	1.000000	7
GO_CYTOSKELETON_DEPENDENT_CYTOKINESIS	GO_REGULATION_OF_MICROTUBULE_POLYMERIZATION_OR_DEPOLYMERIZATION	0.625000	5
GO_CYTOSKELETON_DEPENDENT_CYTOKINESIS	GO_CHROMOSOME_SEGREGATION	0.750000	6
GO_REGULATION_OF_CHROMOSOME_ORGANIZATION	GO_CHROMOSOME_SEGREGATION	0.526316	10
GO_REGULATION_OF_CHROMOSOME_ORGANIZATION	GO_NEGATIVE_REGULATION_OF_CHROMOSOME_SEGREGATION	1.000000	5
GO_CELLULAR_RESPONSE_TO_INTERFERON_GAMMA	GO_RESPONSE_TO_VIRUS	0.600000	6
GO_POSITIVE_REGULATION_OF_MITOTIC_NUCLEAR_DIVISION	GO_POSITIVE_REGULATION_OF_CELL_CYCLE_PROCESS	1.000000	7
GO_POSITIVE_REGULATION_OF_MITOTIC_NUCLEAR_DIVISION	GO_CHROMOSOME_SEGREGATION	0.714286	5
GO_POSITIVE_REGULATION_OF_CELL_CYCLE_PROCESS	GO_MITOTIC_SPINDLE_ORGANIZATION	0.500000	6
GO_POSITIVE_REGULATION_OF_CELL_CYCLE_PROCESS	GO_MITOTIC_DNA_INTEGRITY_CHECKPOINT	0.600000	6
GO_POSITIVE_REGULATION_OF_CELL_CYCLE_PROCESS	GO_REGULATION_OF_CYTOKINESIS	1.000000	11
GO_RESPONSE_TO_VIRUS	GO_REGULATION_OF_TYPE_I_INTERFERON_PRODUCTION	0.583333	7
GO_NEGATIVE_REGULATION_OF_CYTOKINE_PRODUCTION	GO_REGULATION_OF_INTERFERON_GAMMA_PRODUCTION	0.583333	7
GO_NEGATIVE_REGULATION_OF_CYTOKINE_PRODUCTION	GO_REGULATION_OF_TYPE_I_INTERFERON_PRODUCTION	0.666667	8
GO_NEGATIVE_REGULATION_OF_CYTOKINE_PRODUCTION	GO_POSITIVE_REGULATION_OF_LEUKOCYTE_MEDIATED_IMMUNITY	0.555556	5
GO_MITOTIC_SPINDLE_ORGANIZATION	GO_REGULATION_OF_MICROTUBULE_POLYMERIZATION_OR_DEPOLYMERIZATION	1.000000	12
GO_MITOTIC_SPINDLE_ORGANIZATION	GO_CHROMOSOME_SEGREGATION	0.833333	10
GO_CELL_CYCLE_CHECKPOINT	GO_MITOTIC_DNA_INTEGRITY_CHECKPOINT	1.000000	10
GO_CELL_CYCLE_CHECKPOINT	GO_NEGATIVE_REGULATION_OF_CHROMOSOME_SEGREGATION	1.000000	5
GO_MITOTIC_CYTOKINESIS	GO_CHROMOSOME_SEGREGATION	0.714286	5
GO_CHROMOSOME_CONDENSATION	GO_DNA_PACKAGING	1.000000	9
GO_CHROMOSOME_CONDENSATION	GO_CHROMOSOME_SEGREGATION	0.777778	7
GO_REGULATION_OF_INTERFERON_GAMMA_PRODUCTION	GO_POSITIVE_REGULATION_OF_LEUKOCYTE_MEDIATED_IMMUNITY	0.555556	5
GO_REGULATION_OF_INTERFERON_GAMMA_PRODUCTION	GO_POSITIVE_REGULATION_OF_LYMPHOCYTE_MEDIATED_IMMUNITY	0.625000	5
GO_REGULATION_OF_MICROTUBULE_POLYMERIZATION_OR_DEPOLYMERIZATION	GO_CHROMOSOME_SEGREGATION	0.684211	13
GO_DNA_PACKAGING	GO_CHROMOSOME_SEGREGATION	0.777778	14
GO_POSITIVE_REGULATION_OF_LEUKOCYTE_MEDIATED_IMMUNITY	GO_POSITIVE_REGULATION_OF_LYMPHOCYTE_MEDIATED_IMMUNITY	1.000000	8
GO_CHROMOSOME_SEGREGATION	GO_NEGATIVE_REGULATION_OF_CHROMOSOME_SEGREGATION	1.000000	5
