node	log2fold	enrichment_p_value	node_size
GO_DEOXYRIBONUCLEOTIDE_BIOSYNTHETIC_PROCESS	4.08318100486	0.0006324103501320968	3
GO_POSITIVE_REGULATION_OF_CYTOKINESIS	4.62374938623	5.386590061370909e-10	8
GO_POSITIVE_REGULATION_OF_CELL_DIVISION	3.00345381239	1.2221575304398813e-07	11
GO_REGULATION_OF_MICROTUBULE_BASED_PROCESS	2.1041406235	1.1585861452392301e-05	13
GO_CELL_CYCLE_PHASE_TRANSITION	2.11970688089	2.1464045344251343e-06	15
GO_POSITIVE_REGULATION_OF_DNA_REPLICATION	2.45869013995	0.0007788127134743563	6
GO_CHROMOSOME_LOCALIZATION	2.94022305102	0.00012488303114992056	6
GO_CYTOKINESIS	2.89335644598	1.1824365393583296e-05	8
GO_NUCLEAR_CHROMOSOME_SEGREGATION	3.25130376367	1.429953301554611e-17	25
GO_NEGATIVE_REGULATION_OF_MITOTIC_CELL_CYCLE	2.58068066433	3.448312520785671e-08	15
GO_DNA_REPLICATION	2.34364146703	7.509195565783436e-07	14
GO_CELL_CYCLE_G1_S_PHASE_TRANSITION	2.42496952211	0.00012467362834053266	8
GO_REGULATION_OF_CYTOKINESIS	3.95765012278	8.135405452894627e-11	11
GO_POSITIVE_REGULATION_OF_MITOTIC_CELL_CYCLE	2.16261547236	0.0009877262654775802	7
GO_ATP_DEPENDENT_CHROMATIN_REMODELING	2.70466938161	0.0009918752786575887	5
GO_MITOTIC_G2_M_TRANSITION_CHECKPOINT	4.08318100486	7.321652401823774e-05	4
GO_PROTEIN_LOCALIZATION_TO_KINETOCHORE	4.66814350558	0.00016818327753893137	3
GO_TOLERANCE_INDUCTION	4.20871188695	0.00047952337026175006	3
GO_REGULATION_OF_CYCLIN_DEPENDENT_PROTEIN_KINASE_ACTIVITY	2.93117791142	2.6807067588699445e-06	9
GO_RESPONSE_TO_TYPE_I_INTERFERON	3.86078858353	8.399571243788417e-09	9
GO_METAPHASE_PLATE_CONGRESSION	3.38274128672	2.109004805144644e-05	6
GO_RESPONSE_TO_INTERFERON_BETA	3.83525349142	0.00015058424820409713	4
GO_NEGATIVE_REGULATION_OF_MITOTIC_NUCLEAR_DIVISION	3.17629040925	0.0009373210984128296	4
GO_B_CELL_MEDIATED_IMMUNITY	2.70466938161	0.0009918752786575887	5
GO_PROTEIN_DNA_COMPLEX_SUBUNIT_ORGANIZATION	2.2758260828	4.386937594957555e-05	10
GO_DNA_REPLICATION_INDEPENDENT_NUCLEOSOME_ORGANIZATION	3.58068066433	9.247495210216609e-06	6
GO_SIGNAL_TRANSDUCTION_IN_RESPONSE_TO_DNA_DAMAGE	2.67379006872	3.635470135445244e-05	8
GO_NEGATIVE_REGULATION_OF_PROTEIN_MODIFICATION_BY_SMALL_PROTEIN_CONJUGATION_OR_REMOVAL	2.10590108136	0.00056512668539253	8
GO_POSITIVE_REGULATION_OF_FIBROBLAST_PROLIFERATION	3.08318100486	7.099197493557254e-05	6
GO_HISTONE_EXCHANGE	3.45091278936	8.34202760466405e-05	5
GO_DNA_CONFORMATION_CHANGE	2.64023750901	6.592388174146456e-09	16
GO_PROTEIN_LOCALIZATION_TO_CHROMOSOME_CENTROMERIC_REGION	4.3462154107	0.00035258190291239067	3
GO_CHROMOSOME_SEGREGATION	3.22852036803	1.1096026569301907e-20	30
GO_REGULATION_OF_MICROTUBULE_POLYMERIZATION_OR_DEPOLYMERIZATION	2.45869013995	2.037036566878819e-06	12
GO_NEGATIVE_REGULATION_OF_CHROMOSOME_SEGREGATION	3.55961904881	0.00032841892622742893	4
GO_G2_DNA_DAMAGE_CHECKPOINT	3.22520000973	0.0008217866588838584	4
GO_MITOTIC_G2_DNA_DAMAGE_CHECKPOINT	4.08318100486	0.0006324103501320968	3
GO_REGULATION_OF_CELL_CYCLE_G1_S_PHASE_TRANSITION	2.2758260828	0.00010566782183947595	9
GO_SISTER_CHROMATID_COHESION	3.66814350558	2.9838706360094307e-15	18
GO_DNA_PACKAGING	3.00993202283	3.0723337508741714e-08	12
GO_DEFENSE_RESPONSE_TO_VIRUS	2.45869013995	3.9273472877798166e-05	9
GO_CHROMATIN_ASSEMBLY_OR_DISASSEMBLY	2.44759243107	0.0003000263461192409	7
GO_CELLULAR_RESPONSE_TO_INTERFERON_GAMMA	2.87372763923	1.309036459237874e-05	8
GO_REGULATION_OF_MONOCYTE_DIFFERENTIATION	4.08318100486	0.0006324103501320968	3
GO_MITOTIC_CYTOKINESIS	3.59775417769	5.002716860658155e-05	5
GO_SPINDLE_CHECKPOINT	3.94567748111	1.4410692014270447e-05	5
GO_REGULATION_OF_NUCLEAR_DIVISION	2.71753153255	9.416414984007471e-08	13
GO_CELLULAR_RESPONSE_TO_OXIDATIVE_STRESS	1.94932525813	0.0005724359521914718	9
GO_MITOTIC_CELL_CYCLE_CHECKPOINT	3.0712083632	3.0572495369551943e-10	15
GO_ADAPTIVE_IMMUNE_RESPONSE_BASED_ON_SOMATIC_RECOMBINATION_OF_IMMUNE_RECEPTORS_BUILT_FROM_IMMUNOGLOBULIN_SUPERFAMILY_DOMAINS	2.21811058495	0.000786622452656419	7
GO_REGULATION_OF_TYPE_I_INTERFERON_PRODUCTION	2.43932481509	0.0001162595284376863	8
GO_POSITIVE_REGULATION_OF_CELL_CYCLE_ARREST	2.49821850414	0.0006731218181097731	6
GO_KINETOCHORE_ORGANIZATION	4.20871188695	0.00047952337026175006	3
GO_REGULATION_OF_CELL_DIVISION	2.9607843735	6.869953255530517e-15	24
GO_CENTROMERE_COMPLEX_ASSEMBLY	4.03255493179	1.658480204024288e-07	7
GO_POSITIVE_REGULATION_OF_DNA_METABOLIC_PROCESS	2.22972966822	2.4595404376004e-05	11
GO_NEGATIVE_REGULATION_OF_NF_KAPPAB_TRANSCRIPTION_FACTOR_ACTIVITY	2.67718864519	0.0010821869711549908	5
GO_NEGATIVE_REGULATION_OF_CELLULAR_PROTEIN_CATABOLIC_PROCESS	2.86078858353	0.00017022262740851605	6
GO_MITOTIC_SPINDLE_ORGANIZATION	3.08318100486	1.7548765080284735e-05	7
GO_REGULATION_OF_CHROMOSOME_SEGREGATION	3.51839638608	4.881938732829704e-10	12
GO_NEGATIVE_REGULATION_OF_CYTOSKELETON_ORGANIZATION	2.02691278522	8.876219193025103e-05	11
GO_NEGATIVE_REGULATION_OF_I_KAPPAB_KINASE_NF_KAPPAB_SIGNALING	3.04755709513	0.0003262670458114443	5
GO_REGULATION_OF_CELL_CYCLE_G2_M_PHASE_TRANSITION	3.24667973715	8.149278029116573e-06	7
GO_REGULATION_OF_CHROMOSOME_ORGANIZATION	1.88275391502	5.784947242879915e-05	13
GO_REGULATION_OF_CELL_CYCLE_ARREST	2.41480249595	0.00034506599238362854	7
GO_NEGATIVE_REGULATION_OF_CELL_CYCLE_G2_M_PHASE_TRANSITION	3.69086358208	0.00022718366326049326	4
GO_REGULATION_OF_ADAPTIVE_IMMUNE_RESPONSE	2.24667973715	0.0006990345497197148	7
GO_NEGATIVE_REGULATION_OF_PROTEIN_COMPLEX_DISASSEMBLY	2.42367155078	6.893579720471083e-06	11
GO_DNA_GEOMETRIC_CHANGE	2.42021599214	0.0008968811768786167	6
GO_G1_DNA_DAMAGE_CHECKPOINT	2.69086358208	0.0003268707771963516	6
GO_REGULATION_OF_ATTACHMENT_OF_SPINDLE_MICROTUBULES_TO_KINETOCHORE	4.49821850414	0.0002495251799627361	3
GO_NEURAL_PRECURSOR_CELL_PROLIFERATION	2.67718864519	0.0010821869711549908	5
GO_HISTONE_PHOSPHORYLATION	3.69086358208	0.00022718366326049326	4
GO_MEIOTIC_CELL_CYCLE_PROCESS	2.53886048864	2.521856425935963e-05	9
GO_ANAPHASE_PROMOTING_COMPLEX_DEPENDENT_CATABOLIC_PROCESS	2.72061092548	9.122218803190354e-05	7
GO_DNA_INTEGRITY_CHECKPOINT	2.72562900024	2.782397268746515e-07	12
GO_REGULATION_OF_PROTEASOMAL_UBIQUITIN_DEPENDENT_PROTEIN_CATABOLIC_PROCESS	2.15507392334	0.00019979604545433569	9
GO_NEGATIVE_REGULATION_OF_CELL_CYCLE_PROCESS	2.52246605039	5.9131162389747666e-08	15
GO_NEGATIVE_REGULATION_OF_CELL_DIVISION	3.63839616219	3.536708363016394e-08	9
GO_SIGNAL_TRANSDUCTION_BY_P53_CLASS_MEDIATOR	2.52518555174	2.7208164136275654e-05	9
GO_REGULATION_OF_TRANSCRIPTION_INVOLVED_IN_G1_S_TRANSITION_OF_MITOTIC_CELL_CYCLE	4.08318100486	1.0473760960279743e-06	6
GO_MITOTIC_DNA_INTEGRITY_CHECKPOINT	2.97884434505	5.433220793716825e-07	10
GO_MEIOTIC_CELL_CYCLE	2.57682833884	2.453523249855887e-06	11
GO_REGULATION_OF_FIBROBLAST_PROLIFERATION	2.51839638608	0.0006246301822649222	6
GO_STRAND_DISPLACEMENT	3.38274128672	0.0005355360906513229	4
GO_CYTOSKELETON_DEPENDENT_CYTOKINESIS	3.58068066433	9.247495210216609e-06	6
GO_CYTOKINETIC_PROCESS	3.86078858353	0.001023737930268339	3
GO_CELL_CYCLE_CHECKPOINT	2.90437785207	3.519669529249345e-11	18
GO_CHROMOSOME_CONDENSATION	3.76125290998	2.8040554522730854e-05	5
GO_MITOTIC_SISTER_CHROMATID_SEGREGATION	3.25721040464	1.8952573801521484e-08	11
GO_RESPONSE_TO_VIRUS	2.01905066744	9.319436181265891e-05	11
GO_REGULATION_OF_PROTEIN_COMPLEX_DISASSEMBLY	2.06687919253	6.920348877711008e-05	11
GO_PROTEIN_UBIQUITINATION_INVOLVED_IN_UBIQUITIN_DEPENDENT_PROTEIN_CATABOLIC_PROCESS	2.33424276903	7.727141062848868e-05	9
GO_NEGATIVE_REGULATION_OF_CELL_CYCLE_PHASE_TRANSITION	2.84110621766	3.37739308107885e-08	13
GO_POSITIVE_REGULATION_OF_MRNA_3_END_PROCESSING	3.76125290998	0.0012657836877138816	3
GO_INTERFERON_GAMMA_MEDIATED_SIGNALING_PATHWAY	3.5329839223	2.0539141779562553e-06	7
GO_RESPONSE_TO_INTERFERON_GAMMA	2.72954405025	8.6107427262428e-06	9
GO_REGULATION_OF_SISTER_CHROMATID_SEGREGATION	3.22520000973	2.040254682939371e-06	8
GO_MEIOSIS_I	2.86078858353	0.00017022262740851605	6
GO_REGULATION_OF_DNA_REPLICATION	2.30707701679	3.6445791685671854e-05	10
GO_SISTER_CHROMATID_SEGREGATION	3.49821850414	2.0092376059249392e-19	25
GO_REGULATION_OF_PROTEASOMAL_PROTEIN_CATABOLIC_PROCESS	1.86940171383	0.0008514173550169809	9
GO_POSITIVE_REGULATION_OF_CELL_CYCLE_PROCESS	2.63105418685	8.105707080480259e-10	18
