Source	Target	overlap_ratio	overlap_size
GO_DNA_INTEGRITY_CHECKPOINT	GO_NEGATIVE_REGULATION_OF_CELL_CYCLE_PROCESS	0.750000	9
GO_DNA_INTEGRITY_CHECKPOINT	GO_NEGATIVE_REGULATION_OF_CELL_CYCLE_PHASE_TRANSITION	0.750000	9
GO_DNA_INTEGRITY_CHECKPOINT	GO_SIGNAL_TRANSDUCTION_BY_P53_CLASS_MEDIATOR	0.777778	7
GO_DNA_INTEGRITY_CHECKPOINT	GO_REGULATION_OF_CELL_CYCLE_G1_S_PHASE_TRANSITION	0.777778	7
GO_DNA_INTEGRITY_CHECKPOINT	GO_CELL_CYCLE_PHASE_TRANSITION	0.500000	6
GO_DNA_INTEGRITY_CHECKPOINT	GO_G1_DNA_DAMAGE_CHECKPOINT	1.000000	6
GO_DNA_INTEGRITY_CHECKPOINT	GO_CELL_CYCLE_CHECKPOINT	1.000000	12
GO_DNA_INTEGRITY_CHECKPOINT	GO_MITOTIC_CELL_CYCLE_CHECKPOINT	0.833333	10
GO_DNA_INTEGRITY_CHECKPOINT	GO_NEGATIVE_REGULATION_OF_MITOTIC_CELL_CYCLE	0.833333	10
GO_DNA_INTEGRITY_CHECKPOINT	GO_SIGNAL_TRANSDUCTION_IN_RESPONSE_TO_DNA_DAMAGE	0.875000	7
GO_DNA_INTEGRITY_CHECKPOINT	GO_DNA_REPLICATION	0.583333	7
GO_DNA_INTEGRITY_CHECKPOINT	GO_REGULATION_OF_CELL_CYCLE_ARREST	0.857143	6
GO_DNA_INTEGRITY_CHECKPOINT	GO_POSITIVE_REGULATION_OF_CELL_CYCLE_PROCESS	0.583333	7
GO_DNA_INTEGRITY_CHECKPOINT	GO_MITOTIC_DNA_INTEGRITY_CHECKPOINT	1.000000	10
GO_DNA_INTEGRITY_CHECKPOINT	GO_POSITIVE_REGULATION_OF_CELL_CYCLE_ARREST	1.000000	6
GO_DNA_REPLICATION_INDEPENDENT_NUCLEOSOME_ORGANIZATION	GO_DNA_CONFORMATION_CHANGE	1.000000	6
GO_DNA_REPLICATION_INDEPENDENT_NUCLEOSOME_ORGANIZATION	GO_ATP_DEPENDENT_CHROMATIN_REMODELING	1.000000	5
GO_DNA_REPLICATION_INDEPENDENT_NUCLEOSOME_ORGANIZATION	GO_HISTONE_EXCHANGE	1.000000	5
GO_DNA_REPLICATION_INDEPENDENT_NUCLEOSOME_ORGANIZATION	GO_CENTROMERE_COMPLEX_ASSEMBLY	0.833333	5
GO_DNA_REPLICATION_INDEPENDENT_NUCLEOSOME_ORGANIZATION	GO_CHROMATIN_ASSEMBLY_OR_DISASSEMBLY	1.000000	6
GO_DNA_REPLICATION_INDEPENDENT_NUCLEOSOME_ORGANIZATION	GO_DNA_PACKAGING	1.000000	6
GO_DNA_REPLICATION_INDEPENDENT_NUCLEOSOME_ORGANIZATION	GO_PROTEIN_DNA_COMPLEX_SUBUNIT_ORGANIZATION	1.000000	6
GO_DNA_REPLICATION_INDEPENDENT_NUCLEOSOME_ORGANIZATION	GO_CHROMOSOME_SEGREGATION	0.833333	5
GO_REGULATION_OF_PROTEASOMAL_UBIQUITIN_DEPENDENT_PROTEIN_CATABOLIC_PROCESS	GO_NEGATIVE_REGULATION_OF_CELL_CYCLE_PROCESS	0.666667	6
GO_REGULATION_OF_PROTEASOMAL_UBIQUITIN_DEPENDENT_PROTEIN_CATABOLIC_PROCESS	GO_NEGATIVE_REGULATION_OF_CELL_CYCLE_PHASE_TRANSITION	0.666667	6
GO_REGULATION_OF_PROTEASOMAL_UBIQUITIN_DEPENDENT_PROTEIN_CATABOLIC_PROCESS	GO_REGULATION_OF_CELL_DIVISION	0.666667	6
GO_REGULATION_OF_PROTEASOMAL_UBIQUITIN_DEPENDENT_PROTEIN_CATABOLIC_PROCESS	GO_NEGATIVE_REGULATION_OF_CELLULAR_PROTEIN_CATABOLIC_PROCESS	0.833333	5
GO_REGULATION_OF_PROTEASOMAL_UBIQUITIN_DEPENDENT_PROTEIN_CATABOLIC_PROCESS	GO_CELL_CYCLE_CHECKPOINT	0.666667	6
GO_REGULATION_OF_PROTEASOMAL_UBIQUITIN_DEPENDENT_PROTEIN_CATABOLIC_PROCESS	GO_MITOTIC_CELL_CYCLE_CHECKPOINT	0.666667	6
GO_REGULATION_OF_PROTEASOMAL_UBIQUITIN_DEPENDENT_PROTEIN_CATABOLIC_PROCESS	GO_REGULATION_OF_PROTEASOMAL_PROTEIN_CATABOLIC_PROCESS	1.000000	9
GO_REGULATION_OF_PROTEASOMAL_UBIQUITIN_DEPENDENT_PROTEIN_CATABOLIC_PROCESS	GO_REGULATION_OF_SISTER_CHROMATID_SEGREGATION	0.625000	5
GO_REGULATION_OF_PROTEASOMAL_UBIQUITIN_DEPENDENT_PROTEIN_CATABOLIC_PROCESS	GO_NEGATIVE_REGULATION_OF_MITOTIC_CELL_CYCLE	0.666667	6
GO_REGULATION_OF_PROTEASOMAL_UBIQUITIN_DEPENDENT_PROTEIN_CATABOLIC_PROCESS	GO_REGULATION_OF_CHROMOSOME_ORGANIZATION	0.555556	5
GO_REGULATION_OF_PROTEASOMAL_UBIQUITIN_DEPENDENT_PROTEIN_CATABOLIC_PROCESS	GO_REGULATION_OF_NUCLEAR_DIVISION	0.666667	6
GO_REGULATION_OF_PROTEASOMAL_UBIQUITIN_DEPENDENT_PROTEIN_CATABOLIC_PROCESS	GO_REGULATION_OF_CHROMOSOME_SEGREGATION	0.555556	5
GO_REGULATION_OF_PROTEASOMAL_UBIQUITIN_DEPENDENT_PROTEIN_CATABOLIC_PROCESS	GO_CHROMOSOME_SEGREGATION	0.555556	5
GO_NEGATIVE_REGULATION_OF_CELL_CYCLE_PROCESS	GO_REGULATION_OF_DNA_REPLICATION	0.500000	5
GO_NEGATIVE_REGULATION_OF_CELL_CYCLE_PROCESS	GO_NEGATIVE_REGULATION_OF_CELL_CYCLE_PHASE_TRANSITION	1.000000	13
GO_NEGATIVE_REGULATION_OF_CELL_CYCLE_PROCESS	GO_SPINDLE_CHECKPOINT	1.000000	5
GO_NEGATIVE_REGULATION_OF_CELL_CYCLE_PROCESS	GO_PROTEIN_UBIQUITINATION_INVOLVED_IN_UBIQUITIN_DEPENDENT_PROTEIN_CATABOLIC_PROCESS	0.555556	5
GO_NEGATIVE_REGULATION_OF_CELL_CYCLE_PROCESS	GO_SIGNAL_TRANSDUCTION_BY_P53_CLASS_MEDIATOR	0.777778	7
GO_NEGATIVE_REGULATION_OF_CELL_CYCLE_PROCESS	GO_REGULATION_OF_CELL_DIVISION	0.666667	10
GO_NEGATIVE_REGULATION_OF_CELL_CYCLE_PROCESS	GO_REGULATION_OF_CELL_CYCLE_G1_S_PHASE_TRANSITION	0.666667	6
GO_NEGATIVE_REGULATION_OF_CELL_CYCLE_PROCESS	GO_NEGATIVE_REGULATION_OF_CELL_DIVISION	0.777778	7
GO_NEGATIVE_REGULATION_OF_CELL_CYCLE_PROCESS	GO_G1_DNA_DAMAGE_CHECKPOINT	1.000000	6
GO_NEGATIVE_REGULATION_OF_CELL_CYCLE_PROCESS	GO_CELL_CYCLE_CHECKPOINT	0.933333	14
GO_NEGATIVE_REGULATION_OF_CELL_CYCLE_PROCESS	GO_ANAPHASE_PROMOTING_COMPLEX_DEPENDENT_CATABOLIC_PROCESS	0.714286	5
GO_NEGATIVE_REGULATION_OF_CELL_CYCLE_PROCESS	GO_MITOTIC_CELL_CYCLE_CHECKPOINT	0.866667	13
GO_NEGATIVE_REGULATION_OF_CELL_CYCLE_PROCESS	GO_REGULATION_OF_PROTEASOMAL_PROTEIN_CATABOLIC_PROCESS	0.666667	6
GO_NEGATIVE_REGULATION_OF_CELL_CYCLE_PROCESS	GO_REGULATION_OF_SISTER_CHROMATID_SEGREGATION	0.625000	5
GO_NEGATIVE_REGULATION_OF_CELL_CYCLE_PROCESS	GO_NEGATIVE_REGULATION_OF_MITOTIC_CELL_CYCLE	0.866667	13
GO_NEGATIVE_REGULATION_OF_CELL_CYCLE_PROCESS	GO_REGULATION_OF_CELL_CYCLE_G2_M_PHASE_TRANSITION	0.714286	5
GO_NEGATIVE_REGULATION_OF_CELL_CYCLE_PROCESS	GO_REGULATION_OF_CHROMOSOME_ORGANIZATION	0.538462	7
GO_NEGATIVE_REGULATION_OF_CELL_CYCLE_PROCESS	GO_SIGNAL_TRANSDUCTION_IN_RESPONSE_TO_DNA_DAMAGE	0.875000	7
GO_NEGATIVE_REGULATION_OF_CELL_CYCLE_PROCESS	GO_REGULATION_OF_NUCLEAR_DIVISION	0.538462	7
GO_NEGATIVE_REGULATION_OF_CELL_CYCLE_PROCESS	GO_REGULATION_OF_CELL_CYCLE_ARREST	0.857143	6
GO_NEGATIVE_REGULATION_OF_CELL_CYCLE_PROCESS	GO_POSITIVE_REGULATION_OF_CELL_CYCLE_PROCESS	0.533333	8
GO_NEGATIVE_REGULATION_OF_CELL_CYCLE_PROCESS	GO_REGULATION_OF_CHROMOSOME_SEGREGATION	0.500000	6
GO_NEGATIVE_REGULATION_OF_CELL_CYCLE_PROCESS	GO_MITOTIC_DNA_INTEGRITY_CHECKPOINT	0.900000	9
GO_NEGATIVE_REGULATION_OF_CELL_CYCLE_PROCESS	GO_POSITIVE_REGULATION_OF_CELL_CYCLE_ARREST	1.000000	6
GO_NEGATIVE_REGULATION_OF_PROTEIN_MODIFICATION_BY_SMALL_PROTEIN_CONJUGATION_OR_REMOVAL	GO_PROTEIN_UBIQUITINATION_INVOLVED_IN_UBIQUITIN_DEPENDENT_PROTEIN_CATABOLIC_PROCESS	0.625000	5
GO_NEGATIVE_REGULATION_OF_PROTEIN_MODIFICATION_BY_SMALL_PROTEIN_CONJUGATION_OR_REMOVAL	GO_ANAPHASE_PROMOTING_COMPLEX_DEPENDENT_CATABOLIC_PROCESS	0.714286	5
GO_REGULATION_OF_DNA_REPLICATION	GO_POSITIVE_REGULATION_OF_DNA_REPLICATION	1.000000	6
GO_REGULATION_OF_DNA_REPLICATION	GO_POSITIVE_REGULATION_OF_DNA_METABOLIC_PROCESS	0.800000	8
GO_REGULATION_OF_DNA_REPLICATION	GO_CELL_CYCLE_CHECKPOINT	0.500000	5
GO_REGULATION_OF_DNA_REPLICATION	GO_POSITIVE_REGULATION_OF_CELL_CYCLE_PROCESS	0.500000	5
GO_NEGATIVE_REGULATION_OF_CELL_CYCLE_PHASE_TRANSITION	GO_SIGNAL_TRANSDUCTION_BY_P53_CLASS_MEDIATOR	0.777778	7
GO_NEGATIVE_REGULATION_OF_CELL_CYCLE_PHASE_TRANSITION	GO_REGULATION_OF_CELL_DIVISION	0.615385	8
GO_NEGATIVE_REGULATION_OF_CELL_CYCLE_PHASE_TRANSITION	GO_REGULATION_OF_CELL_CYCLE_G1_S_PHASE_TRANSITION	0.666667	6
GO_NEGATIVE_REGULATION_OF_CELL_CYCLE_PHASE_TRANSITION	GO_NEGATIVE_REGULATION_OF_CELL_DIVISION	0.555556	5
GO_NEGATIVE_REGULATION_OF_CELL_CYCLE_PHASE_TRANSITION	GO_G1_DNA_DAMAGE_CHECKPOINT	1.000000	6
GO_NEGATIVE_REGULATION_OF_CELL_CYCLE_PHASE_TRANSITION	GO_CELL_CYCLE_CHECKPOINT	1.000000	13
GO_NEGATIVE_REGULATION_OF_CELL_CYCLE_PHASE_TRANSITION	GO_MITOTIC_CELL_CYCLE_CHECKPOINT	1.000000	13
GO_NEGATIVE_REGULATION_OF_CELL_CYCLE_PHASE_TRANSITION	GO_REGULATION_OF_PROTEASOMAL_PROTEIN_CATABOLIC_PROCESS	0.666667	6
GO_NEGATIVE_REGULATION_OF_CELL_CYCLE_PHASE_TRANSITION	GO_REGULATION_OF_SISTER_CHROMATID_SEGREGATION	0.625000	5
GO_NEGATIVE_REGULATION_OF_CELL_CYCLE_PHASE_TRANSITION	GO_NEGATIVE_REGULATION_OF_MITOTIC_CELL_CYCLE	1.000000	13
GO_NEGATIVE_REGULATION_OF_CELL_CYCLE_PHASE_TRANSITION	GO_REGULATION_OF_CELL_CYCLE_G2_M_PHASE_TRANSITION	0.714286	5
GO_NEGATIVE_REGULATION_OF_CELL_CYCLE_PHASE_TRANSITION	GO_SIGNAL_TRANSDUCTION_IN_RESPONSE_TO_DNA_DAMAGE	0.875000	7
GO_NEGATIVE_REGULATION_OF_CELL_CYCLE_PHASE_TRANSITION	GO_REGULATION_OF_NUCLEAR_DIVISION	0.538462	7
GO_NEGATIVE_REGULATION_OF_CELL_CYCLE_PHASE_TRANSITION	GO_REGULATION_OF_CELL_CYCLE_ARREST	0.857143	6
GO_NEGATIVE_REGULATION_OF_CELL_CYCLE_PHASE_TRANSITION	GO_MITOTIC_DNA_INTEGRITY_CHECKPOINT	0.900000	9
GO_NEGATIVE_REGULATION_OF_CELL_CYCLE_PHASE_TRANSITION	GO_POSITIVE_REGULATION_OF_CELL_CYCLE_ARREST	1.000000	6
GO_SPINDLE_CHECKPOINT	GO_REGULATION_OF_CELL_DIVISION	1.000000	5
GO_SPINDLE_CHECKPOINT	GO_NEGATIVE_REGULATION_OF_CELL_DIVISION	1.000000	5
GO_SPINDLE_CHECKPOINT	GO_CELL_CYCLE_CHECKPOINT	1.000000	5
GO_SPINDLE_CHECKPOINT	GO_REGULATION_OF_CHROMOSOME_ORGANIZATION	1.000000	5
GO_SPINDLE_CHECKPOINT	GO_REGULATION_OF_CHROMOSOME_SEGREGATION	1.000000	5
GO_SPINDLE_CHECKPOINT	GO_CHROMOSOME_SEGREGATION	1.000000	5
GO_PROTEIN_UBIQUITINATION_INVOLVED_IN_UBIQUITIN_DEPENDENT_PROTEIN_CATABOLIC_PROCESS	GO_REGULATION_OF_CELL_DIVISION	0.666667	6
GO_PROTEIN_UBIQUITINATION_INVOLVED_IN_UBIQUITIN_DEPENDENT_PROTEIN_CATABOLIC_PROCESS	GO_CELL_CYCLE_PHASE_TRANSITION	0.555556	5
GO_PROTEIN_UBIQUITINATION_INVOLVED_IN_UBIQUITIN_DEPENDENT_PROTEIN_CATABOLIC_PROCESS	GO_CELL_CYCLE_CHECKPOINT	0.555556	5
GO_PROTEIN_UBIQUITINATION_INVOLVED_IN_UBIQUITIN_DEPENDENT_PROTEIN_CATABOLIC_PROCESS	GO_ANAPHASE_PROMOTING_COMPLEX_DEPENDENT_CATABOLIC_PROCESS	1.000000	7
GO_PROTEIN_UBIQUITINATION_INVOLVED_IN_UBIQUITIN_DEPENDENT_PROTEIN_CATABOLIC_PROCESS	GO_REGULATION_OF_NUCLEAR_DIVISION	0.555556	5
GO_PROTEIN_UBIQUITINATION_INVOLVED_IN_UBIQUITIN_DEPENDENT_PROTEIN_CATABOLIC_PROCESS	GO_POSITIVE_REGULATION_OF_CELL_CYCLE_PROCESS	0.555556	5
GO_POSITIVE_REGULATION_OF_MITOTIC_CELL_CYCLE	GO_POSITIVE_REGULATION_OF_CELL_DIVISION	0.714286	5
GO_POSITIVE_REGULATION_OF_MITOTIC_CELL_CYCLE	GO_REGULATION_OF_CELL_DIVISION	0.857143	6
GO_POSITIVE_REGULATION_OF_MITOTIC_CELL_CYCLE	GO_CELL_CYCLE_PHASE_TRANSITION	0.857143	6
GO_POSITIVE_REGULATION_OF_MITOTIC_CELL_CYCLE	GO_REGULATION_OF_NUCLEAR_DIVISION	0.714286	5
GO_POSITIVE_REGULATION_OF_MITOTIC_CELL_CYCLE	GO_POSITIVE_REGULATION_OF_CELL_CYCLE_PROCESS	1.000000	7
GO_DNA_GEOMETRIC_CHANGE	GO_DNA_CONFORMATION_CHANGE	1.000000	6
GO_SISTER_CHROMATID_SEGREGATION	GO_REGULATION_OF_CELL_DIVISION	0.500000	12
GO_SISTER_CHROMATID_SEGREGATION	GO_DNA_CONFORMATION_CHANGE	0.500000	8
GO_SISTER_CHROMATID_SEGREGATION	GO_SISTER_CHROMATID_COHESION	1.000000	18
GO_SISTER_CHROMATID_SEGREGATION	GO_NUCLEAR_CHROMOSOME_SEGREGATION	1.000000	25
GO_SISTER_CHROMATID_SEGREGATION	GO_CENTROMERE_COMPLEX_ASSEMBLY	0.857143	6
GO_SISTER_CHROMATID_SEGREGATION	GO_REGULATION_OF_SISTER_CHROMATID_SEGREGATION	0.625000	5
GO_SISTER_CHROMATID_SEGREGATION	GO_CHROMOSOME_LOCALIZATION	1.000000	6
GO_SISTER_CHROMATID_SEGREGATION	GO_MITOTIC_SISTER_CHROMATID_SEGREGATION	1.000000	11
GO_SISTER_CHROMATID_SEGREGATION	GO_REGULATION_OF_NUCLEAR_DIVISION	0.615385	8
GO_SISTER_CHROMATID_SEGREGATION	GO_METAPHASE_PLATE_CONGRESSION	1.000000	6
GO_SISTER_CHROMATID_SEGREGATION	GO_MITOTIC_SPINDLE_ORGANIZATION	0.714286	5
GO_SISTER_CHROMATID_SEGREGATION	GO_REGULATION_OF_CHROMOSOME_SEGREGATION	0.666667	8
GO_SISTER_CHROMATID_SEGREGATION	GO_REGULATION_OF_MICROTUBULE_POLYMERIZATION_OR_DEPOLYMERIZATION	0.500000	6
GO_SISTER_CHROMATID_SEGREGATION	GO_DNA_PACKAGING	0.666667	8
GO_SISTER_CHROMATID_SEGREGATION	GO_PROTEIN_DNA_COMPLEX_SUBUNIT_ORGANIZATION	0.600000	6
GO_SISTER_CHROMATID_SEGREGATION	GO_CHROMOSOME_SEGREGATION	1.000000	25
GO_POSITIVE_REGULATION_OF_CYTOKINESIS	GO_POSITIVE_REGULATION_OF_CELL_DIVISION	1.000000	8
GO_POSITIVE_REGULATION_OF_CYTOKINESIS	GO_REGULATION_OF_CELL_DIVISION	1.000000	8
GO_POSITIVE_REGULATION_OF_CYTOKINESIS	GO_CYTOKINESIS	0.625000	5
GO_POSITIVE_REGULATION_OF_CYTOKINESIS	GO_POSITIVE_REGULATION_OF_CELL_CYCLE_PROCESS	1.000000	8
GO_POSITIVE_REGULATION_OF_CYTOKINESIS	GO_REGULATION_OF_CYTOKINESIS	1.000000	8
GO_NEGATIVE_REGULATION_OF_CYTOSKELETON_ORGANIZATION	GO_REGULATION_OF_CELL_DIVISION	0.636364	7
GO_NEGATIVE_REGULATION_OF_CYTOSKELETON_ORGANIZATION	GO_NEGATIVE_REGULATION_OF_PROTEIN_COMPLEX_DISASSEMBLY	1.000000	11
GO_NEGATIVE_REGULATION_OF_CYTOSKELETON_ORGANIZATION	GO_REGULATION_OF_MICROTUBULE_BASED_PROCESS	0.909091	10
GO_NEGATIVE_REGULATION_OF_CYTOSKELETON_ORGANIZATION	GO_MITOTIC_SPINDLE_ORGANIZATION	1.000000	7
GO_NEGATIVE_REGULATION_OF_CYTOSKELETON_ORGANIZATION	GO_REGULATION_OF_MICROTUBULE_POLYMERIZATION_OR_DEPOLYMERIZATION	0.909091	10
GO_NEGATIVE_REGULATION_OF_CYTOSKELETON_ORGANIZATION	GO_REGULATION_OF_PROTEIN_COMPLEX_DISASSEMBLY	1.000000	11
GO_NEGATIVE_REGULATION_OF_CYTOSKELETON_ORGANIZATION	GO_CHROMOSOME_SEGREGATION	0.545455	6
GO_REGULATION_OF_FIBROBLAST_PROLIFERATION	GO_POSITIVE_REGULATION_OF_FIBROBLAST_PROLIFERATION	1.000000	6
GO_POSITIVE_REGULATION_OF_CELL_DIVISION	GO_REGULATION_OF_CELL_DIVISION	1.000000	11
GO_POSITIVE_REGULATION_OF_CELL_DIVISION	GO_CYTOKINESIS	0.750000	6
GO_POSITIVE_REGULATION_OF_CELL_DIVISION	GO_POSITIVE_REGULATION_OF_CELL_CYCLE_PROCESS	1.000000	11
GO_POSITIVE_REGULATION_OF_CELL_DIVISION	GO_REGULATION_OF_CYTOKINESIS	0.818182	9
GO_SIGNAL_TRANSDUCTION_BY_P53_CLASS_MEDIATOR	GO_REGULATION_OF_CELL_CYCLE_G1_S_PHASE_TRANSITION	0.666667	6
GO_SIGNAL_TRANSDUCTION_BY_P53_CLASS_MEDIATOR	GO_CELL_CYCLE_PHASE_TRANSITION	0.555556	5
GO_SIGNAL_TRANSDUCTION_BY_P53_CLASS_MEDIATOR	GO_G1_DNA_DAMAGE_CHECKPOINT	1.000000	6
GO_SIGNAL_TRANSDUCTION_BY_P53_CLASS_MEDIATOR	GO_CELL_CYCLE_CHECKPOINT	0.777778	7
GO_SIGNAL_TRANSDUCTION_BY_P53_CLASS_MEDIATOR	GO_MITOTIC_CELL_CYCLE_CHECKPOINT	0.777778	7
GO_SIGNAL_TRANSDUCTION_BY_P53_CLASS_MEDIATOR	GO_NEGATIVE_REGULATION_OF_MITOTIC_CELL_CYCLE	0.777778	7
GO_SIGNAL_TRANSDUCTION_BY_P53_CLASS_MEDIATOR	GO_SIGNAL_TRANSDUCTION_IN_RESPONSE_TO_DNA_DAMAGE	0.875000	7
GO_SIGNAL_TRANSDUCTION_BY_P53_CLASS_MEDIATOR	GO_REGULATION_OF_CELL_CYCLE_ARREST	0.857143	6
GO_SIGNAL_TRANSDUCTION_BY_P53_CLASS_MEDIATOR	GO_POSITIVE_REGULATION_OF_CELL_CYCLE_PROCESS	0.666667	6
GO_SIGNAL_TRANSDUCTION_BY_P53_CLASS_MEDIATOR	GO_MITOTIC_DNA_INTEGRITY_CHECKPOINT	0.777778	7
GO_SIGNAL_TRANSDUCTION_BY_P53_CLASS_MEDIATOR	GO_POSITIVE_REGULATION_OF_CELL_CYCLE_ARREST	1.000000	6
GO_REGULATION_OF_CELL_DIVISION	GO_REGULATION_OF_CELL_CYCLE_G1_S_PHASE_TRANSITION	0.666667	6
GO_REGULATION_OF_CELL_DIVISION	GO_NEGATIVE_REGULATION_OF_PROTEIN_COMPLEX_DISASSEMBLY	0.636364	7
GO_REGULATION_OF_CELL_DIVISION	GO_REGULATION_OF_MICROTUBULE_BASED_PROCESS	0.615385	8
GO_REGULATION_OF_CELL_DIVISION	GO_CELL_CYCLE_PHASE_TRANSITION	0.533333	8
GO_REGULATION_OF_CELL_DIVISION	GO_NEGATIVE_REGULATION_OF_CELL_DIVISION	1.000000	9
GO_REGULATION_OF_CELL_DIVISION	GO_CYTOKINESIS	0.750000	6
GO_REGULATION_OF_CELL_DIVISION	GO_CELL_CYCLE_CHECKPOINT	0.611111	11
GO_REGULATION_OF_CELL_DIVISION	GO_ANAPHASE_PROMOTING_COMPLEX_DEPENDENT_CATABOLIC_PROCESS	0.857143	6
GO_REGULATION_OF_CELL_DIVISION	GO_MITOTIC_CELL_CYCLE_CHECKPOINT	0.600000	9
GO_REGULATION_OF_CELL_DIVISION	GO_NUCLEAR_CHROMOSOME_SEGREGATION	0.500000	12
GO_REGULATION_OF_CELL_DIVISION	GO_REGULATION_OF_PROTEASOMAL_PROTEIN_CATABOLIC_PROCESS	0.666667	6
GO_REGULATION_OF_CELL_DIVISION	GO_REGULATION_OF_SISTER_CHROMATID_SEGREGATION	1.000000	8
GO_REGULATION_OF_CELL_DIVISION	GO_NEGATIVE_REGULATION_OF_MITOTIC_CELL_CYCLE	0.600000	9
GO_REGULATION_OF_CELL_DIVISION	GO_REGULATION_OF_CHROMOSOME_ORGANIZATION	0.769231	10
GO_REGULATION_OF_CELL_DIVISION	GO_MITOTIC_SISTER_CHROMATID_SEGREGATION	0.636364	7
GO_REGULATION_OF_CELL_DIVISION	GO_REGULATION_OF_NUCLEAR_DIVISION	1.000000	13
GO_REGULATION_OF_CELL_DIVISION	GO_POSITIVE_REGULATION_OF_CELL_CYCLE_PROCESS	0.833333	15
GO_REGULATION_OF_CELL_DIVISION	GO_MITOTIC_SPINDLE_ORGANIZATION	0.857143	6
GO_REGULATION_OF_CELL_DIVISION	GO_REGULATION_OF_CHROMOSOME_SEGREGATION	0.916667	11
GO_REGULATION_OF_CELL_DIVISION	GO_REGULATION_OF_CYTOKINESIS	1.000000	11
GO_REGULATION_OF_CELL_DIVISION	GO_REGULATION_OF_MICROTUBULE_POLYMERIZATION_OR_DEPOLYMERIZATION	0.583333	7
GO_REGULATION_OF_CELL_DIVISION	GO_REGULATION_OF_PROTEIN_COMPLEX_DISASSEMBLY	0.636364	7
GO_REGULATION_OF_CELL_DIVISION	GO_CHROMOSOME_SEGREGATION	0.541667	13
GO_B_CELL_MEDIATED_IMMUNITY	GO_ADAPTIVE_IMMUNE_RESPONSE_BASED_ON_SOMATIC_RECOMBINATION_OF_IMMUNE_RECEPTORS_BUILT_FROM_IMMUNOGLOBULIN_SUPERFAMILY_DOMAINS	1.000000	5
GO_REGULATION_OF_CELL_CYCLE_G1_S_PHASE_TRANSITION	GO_CELL_CYCLE_PHASE_TRANSITION	0.666667	6
GO_REGULATION_OF_CELL_CYCLE_G1_S_PHASE_TRANSITION	GO_G1_DNA_DAMAGE_CHECKPOINT	1.000000	6
GO_REGULATION_OF_CELL_CYCLE_G1_S_PHASE_TRANSITION	GO_CELL_CYCLE_CHECKPOINT	0.777778	7
GO_REGULATION_OF_CELL_CYCLE_G1_S_PHASE_TRANSITION	GO_MITOTIC_CELL_CYCLE_CHECKPOINT	0.666667	6
GO_REGULATION_OF_CELL_CYCLE_G1_S_PHASE_TRANSITION	GO_NEGATIVE_REGULATION_OF_MITOTIC_CELL_CYCLE	0.666667	6
GO_REGULATION_OF_CELL_CYCLE_G1_S_PHASE_TRANSITION	GO_SIGNAL_TRANSDUCTION_IN_RESPONSE_TO_DNA_DAMAGE	0.750000	6
GO_REGULATION_OF_CELL_CYCLE_G1_S_PHASE_TRANSITION	GO_REGULATION_OF_CELL_CYCLE_ARREST	0.857143	6
GO_REGULATION_OF_CELL_CYCLE_G1_S_PHASE_TRANSITION	GO_POSITIVE_REGULATION_OF_CELL_CYCLE_PROCESS	0.888889	8
GO_REGULATION_OF_CELL_CYCLE_G1_S_PHASE_TRANSITION	GO_MITOTIC_DNA_INTEGRITY_CHECKPOINT	0.666667	6
GO_REGULATION_OF_CELL_CYCLE_G1_S_PHASE_TRANSITION	GO_POSITIVE_REGULATION_OF_CELL_CYCLE_ARREST	1.000000	6
GO_DNA_CONFORMATION_CHANGE	GO_CHROMOSOME_CONDENSATION	1.000000	5
GO_DNA_CONFORMATION_CHANGE	GO_ATP_DEPENDENT_CHROMATIN_REMODELING	1.000000	5
GO_DNA_CONFORMATION_CHANGE	GO_HISTONE_EXCHANGE	1.000000	5
GO_DNA_CONFORMATION_CHANGE	GO_NUCLEAR_CHROMOSOME_SEGREGATION	0.500000	8
GO_DNA_CONFORMATION_CHANGE	GO_CENTROMERE_COMPLEX_ASSEMBLY	0.714286	5
GO_DNA_CONFORMATION_CHANGE	GO_CHROMATIN_ASSEMBLY_OR_DISASSEMBLY	1.000000	7
GO_DNA_CONFORMATION_CHANGE	GO_DNA_PACKAGING	1.000000	12
GO_DNA_CONFORMATION_CHANGE	GO_PROTEIN_DNA_COMPLEX_SUBUNIT_ORGANIZATION	0.800000	8
GO_DNA_CONFORMATION_CHANGE	GO_CHROMOSOME_SEGREGATION	0.562500	9
GO_NEGATIVE_REGULATION_OF_PROTEIN_COMPLEX_DISASSEMBLY	GO_REGULATION_OF_MICROTUBULE_BASED_PROCESS	0.909091	10
GO_NEGATIVE_REGULATION_OF_PROTEIN_COMPLEX_DISASSEMBLY	GO_MITOTIC_SPINDLE_ORGANIZATION	1.000000	7
GO_NEGATIVE_REGULATION_OF_PROTEIN_COMPLEX_DISASSEMBLY	GO_REGULATION_OF_MICROTUBULE_POLYMERIZATION_OR_DEPOLYMERIZATION	0.909091	10
GO_NEGATIVE_REGULATION_OF_PROTEIN_COMPLEX_DISASSEMBLY	GO_REGULATION_OF_PROTEIN_COMPLEX_DISASSEMBLY	1.000000	11
GO_NEGATIVE_REGULATION_OF_PROTEIN_COMPLEX_DISASSEMBLY	GO_CHROMOSOME_SEGREGATION	0.545455	6
GO_REGULATION_OF_MICROTUBULE_BASED_PROCESS	GO_CYTOKINESIS	0.625000	5
GO_REGULATION_OF_MICROTUBULE_BASED_PROCESS	GO_MITOTIC_SPINDLE_ORGANIZATION	1.000000	7
GO_REGULATION_OF_MICROTUBULE_BASED_PROCESS	GO_REGULATION_OF_MICROTUBULE_POLYMERIZATION_OR_DEPOLYMERIZATION	1.000000	12
GO_REGULATION_OF_MICROTUBULE_BASED_PROCESS	GO_REGULATION_OF_PROTEIN_COMPLEX_DISASSEMBLY	0.909091	10
GO_REGULATION_OF_MICROTUBULE_BASED_PROCESS	GO_CHROMOSOME_SEGREGATION	0.615385	8
GO_CHROMOSOME_CONDENSATION	GO_DNA_PACKAGING	1.000000	5
GO_CELL_CYCLE_PHASE_TRANSITION	GO_G1_DNA_DAMAGE_CHECKPOINT	0.833333	5
GO_CELL_CYCLE_PHASE_TRANSITION	GO_ANAPHASE_PROMOTING_COMPLEX_DEPENDENT_CATABOLIC_PROCESS	0.714286	5
GO_CELL_CYCLE_PHASE_TRANSITION	GO_SIGNAL_TRANSDUCTION_IN_RESPONSE_TO_DNA_DAMAGE	0.625000	5
GO_CELL_CYCLE_PHASE_TRANSITION	GO_REGULATION_OF_TRANSCRIPTION_INVOLVED_IN_G1_S_TRANSITION_OF_MITOTIC_CELL_CYCLE	1.000000	6
GO_CELL_CYCLE_PHASE_TRANSITION	GO_REGULATION_OF_CELL_CYCLE_ARREST	0.714286	5
GO_CELL_CYCLE_PHASE_TRANSITION	GO_POSITIVE_REGULATION_OF_CELL_CYCLE_PROCESS	0.600000	9
GO_CELL_CYCLE_PHASE_TRANSITION	GO_CELL_CYCLE_G1_S_PHASE_TRANSITION	1.000000	8
GO_CELL_CYCLE_PHASE_TRANSITION	GO_MITOTIC_DNA_INTEGRITY_CHECKPOINT	0.500000	5
GO_CELL_CYCLE_PHASE_TRANSITION	GO_POSITIVE_REGULATION_OF_CELL_CYCLE_ARREST	0.833333	5
GO_MEIOTIC_CELL_CYCLE	GO_MEIOSIS_I	1.000000	6
GO_MEIOTIC_CELL_CYCLE	GO_MEIOTIC_CELL_CYCLE_PROCESS	1.000000	9
GO_DEFENSE_RESPONSE_TO_VIRUS	GO_RESPONSE_TO_INTERFERON_GAMMA	0.555556	5
GO_DEFENSE_RESPONSE_TO_VIRUS	GO_RESPONSE_TO_TYPE_I_INTERFERON	0.666667	6
GO_DEFENSE_RESPONSE_TO_VIRUS	GO_INTERFERON_GAMMA_MEDIATED_SIGNALING_PATHWAY	0.714286	5
GO_DEFENSE_RESPONSE_TO_VIRUS	GO_CELLULAR_RESPONSE_TO_INTERFERON_GAMMA	0.625000	5
GO_DEFENSE_RESPONSE_TO_VIRUS	GO_RESPONSE_TO_VIRUS	1.000000	9
GO_ATP_DEPENDENT_CHROMATIN_REMODELING	GO_HISTONE_EXCHANGE	1.000000	5
GO_ATP_DEPENDENT_CHROMATIN_REMODELING	GO_CENTROMERE_COMPLEX_ASSEMBLY	1.000000	5
GO_ATP_DEPENDENT_CHROMATIN_REMODELING	GO_CHROMATIN_ASSEMBLY_OR_DISASSEMBLY	1.000000	5
GO_ATP_DEPENDENT_CHROMATIN_REMODELING	GO_DNA_PACKAGING	1.000000	5
GO_ATP_DEPENDENT_CHROMATIN_REMODELING	GO_PROTEIN_DNA_COMPLEX_SUBUNIT_ORGANIZATION	1.000000	5
GO_ATP_DEPENDENT_CHROMATIN_REMODELING	GO_CHROMOSOME_SEGREGATION	1.000000	5
GO_POSITIVE_REGULATION_OF_DNA_REPLICATION	GO_POSITIVE_REGULATION_OF_DNA_METABOLIC_PROCESS	1.000000	6
GO_RESPONSE_TO_INTERFERON_GAMMA	GO_RESPONSE_TO_TYPE_I_INTERFERON	0.666667	6
GO_RESPONSE_TO_INTERFERON_GAMMA	GO_INTERFERON_GAMMA_MEDIATED_SIGNALING_PATHWAY	1.000000	7
GO_RESPONSE_TO_INTERFERON_GAMMA	GO_CELLULAR_RESPONSE_TO_INTERFERON_GAMMA	1.000000	8
GO_RESPONSE_TO_INTERFERON_GAMMA	GO_RESPONSE_TO_VIRUS	0.555556	5
GO_NEGATIVE_REGULATION_OF_CELL_DIVISION	GO_CELL_CYCLE_CHECKPOINT	0.666667	6
GO_NEGATIVE_REGULATION_OF_CELL_DIVISION	GO_MITOTIC_CELL_CYCLE_CHECKPOINT	0.555556	5
GO_NEGATIVE_REGULATION_OF_CELL_DIVISION	GO_NEGATIVE_REGULATION_OF_MITOTIC_CELL_CYCLE	0.555556	5
GO_NEGATIVE_REGULATION_OF_CELL_DIVISION	GO_REGULATION_OF_CHROMOSOME_ORGANIZATION	0.666667	6
GO_NEGATIVE_REGULATION_OF_CELL_DIVISION	GO_REGULATION_OF_CHROMOSOME_SEGREGATION	0.555556	5
GO_NEGATIVE_REGULATION_OF_CELL_DIVISION	GO_CHROMOSOME_SEGREGATION	0.555556	5
GO_SISTER_CHROMATID_COHESION	GO_NUCLEAR_CHROMOSOME_SEGREGATION	1.000000	18
GO_SISTER_CHROMATID_COHESION	GO_CENTROMERE_COMPLEX_ASSEMBLY	0.857143	6
GO_SISTER_CHROMATID_COHESION	GO_REGULATION_OF_CHROMOSOME_SEGREGATION	0.500000	6
GO_SISTER_CHROMATID_COHESION	GO_PROTEIN_DNA_COMPLEX_SUBUNIT_ORGANIZATION	0.600000	6
GO_SISTER_CHROMATID_COHESION	GO_CHROMOSOME_SEGREGATION	1.000000	18
GO_RESPONSE_TO_TYPE_I_INTERFERON	GO_INTERFERON_GAMMA_MEDIATED_SIGNALING_PATHWAY	0.857143	6
GO_RESPONSE_TO_TYPE_I_INTERFERON	GO_CELLULAR_RESPONSE_TO_INTERFERON_GAMMA	0.750000	6
GO_RESPONSE_TO_TYPE_I_INTERFERON	GO_RESPONSE_TO_VIRUS	0.777778	7
GO_HISTONE_EXCHANGE	GO_CENTROMERE_COMPLEX_ASSEMBLY	1.000000	5
GO_HISTONE_EXCHANGE	GO_CHROMATIN_ASSEMBLY_OR_DISASSEMBLY	1.000000	5
GO_HISTONE_EXCHANGE	GO_DNA_PACKAGING	1.000000	5
GO_HISTONE_EXCHANGE	GO_PROTEIN_DNA_COMPLEX_SUBUNIT_ORGANIZATION	1.000000	5
GO_HISTONE_EXCHANGE	GO_CHROMOSOME_SEGREGATION	1.000000	5
GO_NEGATIVE_REGULATION_OF_CELLULAR_PROTEIN_CATABOLIC_PROCESS	GO_REGULATION_OF_PROTEASOMAL_PROTEIN_CATABOLIC_PROCESS	0.833333	5
GO_G1_DNA_DAMAGE_CHECKPOINT	GO_CELL_CYCLE_CHECKPOINT	1.000000	6
GO_G1_DNA_DAMAGE_CHECKPOINT	GO_MITOTIC_CELL_CYCLE_CHECKPOINT	1.000000	6
GO_G1_DNA_DAMAGE_CHECKPOINT	GO_NEGATIVE_REGULATION_OF_MITOTIC_CELL_CYCLE	1.000000	6
GO_G1_DNA_DAMAGE_CHECKPOINT	GO_SIGNAL_TRANSDUCTION_IN_RESPONSE_TO_DNA_DAMAGE	1.000000	6
GO_G1_DNA_DAMAGE_CHECKPOINT	GO_REGULATION_OF_CELL_CYCLE_ARREST	1.000000	6
GO_G1_DNA_DAMAGE_CHECKPOINT	GO_POSITIVE_REGULATION_OF_CELL_CYCLE_PROCESS	1.000000	6
GO_G1_DNA_DAMAGE_CHECKPOINT	GO_MITOTIC_DNA_INTEGRITY_CHECKPOINT	1.000000	6
GO_G1_DNA_DAMAGE_CHECKPOINT	GO_POSITIVE_REGULATION_OF_CELL_CYCLE_ARREST	1.000000	6
GO_CYTOKINESIS	GO_CYTOSKELETON_DEPENDENT_CYTOKINESIS	1.000000	6
GO_CYTOKINESIS	GO_POSITIVE_REGULATION_OF_CELL_CYCLE_PROCESS	0.750000	6
GO_CYTOKINESIS	GO_MITOTIC_CYTOKINESIS	1.000000	5
GO_CYTOKINESIS	GO_REGULATION_OF_CYTOKINESIS	0.625000	5
GO_CELL_CYCLE_CHECKPOINT	GO_ANAPHASE_PROMOTING_COMPLEX_DEPENDENT_CATABOLIC_PROCESS	0.714286	5
GO_CELL_CYCLE_CHECKPOINT	GO_MITOTIC_CELL_CYCLE_CHECKPOINT	1.000000	15
GO_CELL_CYCLE_CHECKPOINT	GO_REGULATION_OF_PROTEASOMAL_PROTEIN_CATABOLIC_PROCESS	0.666667	6
GO_CELL_CYCLE_CHECKPOINT	GO_REGULATION_OF_SISTER_CHROMATID_SEGREGATION	0.750000	6
GO_CELL_CYCLE_CHECKPOINT	GO_NEGATIVE_REGULATION_OF_MITOTIC_CELL_CYCLE	1.000000	15
GO_CELL_CYCLE_CHECKPOINT	GO_REGULATION_OF_CELL_CYCLE_G2_M_PHASE_TRANSITION	0.714286	5
GO_CELL_CYCLE_CHECKPOINT	GO_REGULATION_OF_CHROMOSOME_ORGANIZATION	0.615385	8
GO_CELL_CYCLE_CHECKPOINT	GO_SIGNAL_TRANSDUCTION_IN_RESPONSE_TO_DNA_DAMAGE	0.875000	7
GO_CELL_CYCLE_CHECKPOINT	GO_REGULATION_OF_NUCLEAR_DIVISION	0.692308	9
GO_CELL_CYCLE_CHECKPOINT	GO_DNA_REPLICATION	0.500000	7
GO_CELL_CYCLE_CHECKPOINT	GO_REGULATION_OF_CELL_CYCLE_ARREST	0.857143	6
GO_CELL_CYCLE_CHECKPOINT	GO_REGULATION_OF_CHROMOSOME_SEGREGATION	0.583333	7
GO_CELL_CYCLE_CHECKPOINT	GO_MITOTIC_DNA_INTEGRITY_CHECKPOINT	1.000000	10
GO_CELL_CYCLE_CHECKPOINT	GO_POSITIVE_REGULATION_OF_CELL_CYCLE_ARREST	1.000000	6
GO_ANAPHASE_PROMOTING_COMPLEX_DEPENDENT_CATABOLIC_PROCESS	GO_REGULATION_OF_NUCLEAR_DIVISION	0.714286	5
GO_ANAPHASE_PROMOTING_COMPLEX_DEPENDENT_CATABOLIC_PROCESS	GO_POSITIVE_REGULATION_OF_CELL_CYCLE_PROCESS	0.714286	5
GO_MITOTIC_CELL_CYCLE_CHECKPOINT	GO_REGULATION_OF_PROTEASOMAL_PROTEIN_CATABOLIC_PROCESS	0.666667	6
GO_MITOTIC_CELL_CYCLE_CHECKPOINT	GO_REGULATION_OF_SISTER_CHROMATID_SEGREGATION	0.625000	5
GO_MITOTIC_CELL_CYCLE_CHECKPOINT	GO_NEGATIVE_REGULATION_OF_MITOTIC_CELL_CYCLE	1.000000	15
GO_MITOTIC_CELL_CYCLE_CHECKPOINT	GO_REGULATION_OF_CELL_CYCLE_G2_M_PHASE_TRANSITION	0.714286	5
GO_MITOTIC_CELL_CYCLE_CHECKPOINT	GO_SIGNAL_TRANSDUCTION_IN_RESPONSE_TO_DNA_DAMAGE	0.875000	7
GO_MITOTIC_CELL_CYCLE_CHECKPOINT	GO_REGULATION_OF_NUCLEAR_DIVISION	0.615385	8
GO_MITOTIC_CELL_CYCLE_CHECKPOINT	GO_REGULATION_OF_CELL_CYCLE_ARREST	0.857143	6
GO_MITOTIC_CELL_CYCLE_CHECKPOINT	GO_MITOTIC_DNA_INTEGRITY_CHECKPOINT	1.000000	10
GO_MITOTIC_CELL_CYCLE_CHECKPOINT	GO_POSITIVE_REGULATION_OF_CELL_CYCLE_ARREST	1.000000	6
GO_NUCLEAR_CHROMOSOME_SEGREGATION	GO_CENTROMERE_COMPLEX_ASSEMBLY	0.857143	6
GO_NUCLEAR_CHROMOSOME_SEGREGATION	GO_REGULATION_OF_SISTER_CHROMATID_SEGREGATION	0.625000	5
GO_NUCLEAR_CHROMOSOME_SEGREGATION	GO_CHROMOSOME_LOCALIZATION	1.000000	6
GO_NUCLEAR_CHROMOSOME_SEGREGATION	GO_MITOTIC_SISTER_CHROMATID_SEGREGATION	1.000000	11
GO_NUCLEAR_CHROMOSOME_SEGREGATION	GO_REGULATION_OF_NUCLEAR_DIVISION	0.615385	8
GO_NUCLEAR_CHROMOSOME_SEGREGATION	GO_METAPHASE_PLATE_CONGRESSION	1.000000	6
GO_NUCLEAR_CHROMOSOME_SEGREGATION	GO_MITOTIC_SPINDLE_ORGANIZATION	0.714286	5
GO_NUCLEAR_CHROMOSOME_SEGREGATION	GO_REGULATION_OF_CHROMOSOME_SEGREGATION	0.666667	8
GO_NUCLEAR_CHROMOSOME_SEGREGATION	GO_REGULATION_OF_MICROTUBULE_POLYMERIZATION_OR_DEPOLYMERIZATION	0.500000	6
GO_NUCLEAR_CHROMOSOME_SEGREGATION	GO_DNA_PACKAGING	0.666667	8
GO_NUCLEAR_CHROMOSOME_SEGREGATION	GO_PROTEIN_DNA_COMPLEX_SUBUNIT_ORGANIZATION	0.600000	6
GO_NUCLEAR_CHROMOSOME_SEGREGATION	GO_CHROMOSOME_SEGREGATION	1.000000	25
GO_REGULATION_OF_PROTEASOMAL_PROTEIN_CATABOLIC_PROCESS	GO_REGULATION_OF_SISTER_CHROMATID_SEGREGATION	0.625000	5
GO_REGULATION_OF_PROTEASOMAL_PROTEIN_CATABOLIC_PROCESS	GO_NEGATIVE_REGULATION_OF_MITOTIC_CELL_CYCLE	0.666667	6
GO_REGULATION_OF_PROTEASOMAL_PROTEIN_CATABOLIC_PROCESS	GO_REGULATION_OF_CHROMOSOME_ORGANIZATION	0.555556	5
GO_REGULATION_OF_PROTEASOMAL_PROTEIN_CATABOLIC_PROCESS	GO_REGULATION_OF_NUCLEAR_DIVISION	0.666667	6
GO_REGULATION_OF_PROTEASOMAL_PROTEIN_CATABOLIC_PROCESS	GO_REGULATION_OF_CHROMOSOME_SEGREGATION	0.555556	5
GO_REGULATION_OF_PROTEASOMAL_PROTEIN_CATABOLIC_PROCESS	GO_CHROMOSOME_SEGREGATION	0.555556	5
GO_CENTROMERE_COMPLEX_ASSEMBLY	GO_CHROMATIN_ASSEMBLY_OR_DISASSEMBLY	0.714286	5
GO_CENTROMERE_COMPLEX_ASSEMBLY	GO_DNA_PACKAGING	0.714286	5
GO_CENTROMERE_COMPLEX_ASSEMBLY	GO_PROTEIN_DNA_COMPLEX_SUBUNIT_ORGANIZATION	1.000000	7
GO_CENTROMERE_COMPLEX_ASSEMBLY	GO_CHROMOSOME_SEGREGATION	1.000000	7
GO_REGULATION_OF_SISTER_CHROMATID_SEGREGATION	GO_NEGATIVE_REGULATION_OF_MITOTIC_CELL_CYCLE	0.625000	5
GO_REGULATION_OF_SISTER_CHROMATID_SEGREGATION	GO_REGULATION_OF_CHROMOSOME_ORGANIZATION	1.000000	8
GO_REGULATION_OF_SISTER_CHROMATID_SEGREGATION	GO_REGULATION_OF_NUCLEAR_DIVISION	1.000000	8
GO_REGULATION_OF_SISTER_CHROMATID_SEGREGATION	GO_REGULATION_OF_CHROMOSOME_SEGREGATION	1.000000	8
GO_REGULATION_OF_SISTER_CHROMATID_SEGREGATION	GO_CHROMOSOME_SEGREGATION	0.750000	6
GO_CHROMOSOME_LOCALIZATION	GO_MITOTIC_SISTER_CHROMATID_SEGREGATION	0.833333	5
GO_CHROMOSOME_LOCALIZATION	GO_METAPHASE_PLATE_CONGRESSION	1.000000	6
GO_CHROMOSOME_LOCALIZATION	GO_CHROMOSOME_SEGREGATION	1.000000	6
GO_NEGATIVE_REGULATION_OF_MITOTIC_CELL_CYCLE	GO_REGULATION_OF_CELL_CYCLE_G2_M_PHASE_TRANSITION	0.714286	5
GO_NEGATIVE_REGULATION_OF_MITOTIC_CELL_CYCLE	GO_SIGNAL_TRANSDUCTION_IN_RESPONSE_TO_DNA_DAMAGE	0.875000	7
GO_NEGATIVE_REGULATION_OF_MITOTIC_CELL_CYCLE	GO_REGULATION_OF_NUCLEAR_DIVISION	0.615385	8
GO_NEGATIVE_REGULATION_OF_MITOTIC_CELL_CYCLE	GO_REGULATION_OF_CELL_CYCLE_ARREST	0.857143	6
GO_NEGATIVE_REGULATION_OF_MITOTIC_CELL_CYCLE	GO_MITOTIC_DNA_INTEGRITY_CHECKPOINT	1.000000	10
GO_NEGATIVE_REGULATION_OF_MITOTIC_CELL_CYCLE	GO_POSITIVE_REGULATION_OF_CELL_CYCLE_ARREST	1.000000	6
GO_CHROMATIN_ASSEMBLY_OR_DISASSEMBLY	GO_DNA_PACKAGING	1.000000	7
GO_CHROMATIN_ASSEMBLY_OR_DISASSEMBLY	GO_PROTEIN_DNA_COMPLEX_SUBUNIT_ORGANIZATION	1.000000	7
GO_CHROMATIN_ASSEMBLY_OR_DISASSEMBLY	GO_CHROMOSOME_SEGREGATION	0.714286	5
GO_INTERFERON_GAMMA_MEDIATED_SIGNALING_PATHWAY	GO_CELLULAR_RESPONSE_TO_INTERFERON_GAMMA	1.000000	7
GO_INTERFERON_GAMMA_MEDIATED_SIGNALING_PATHWAY	GO_RESPONSE_TO_VIRUS	0.714286	5
GO_REGULATION_OF_CHROMOSOME_ORGANIZATION	GO_REGULATION_OF_NUCLEAR_DIVISION	0.615385	8
GO_REGULATION_OF_CHROMOSOME_ORGANIZATION	GO_REGULATION_OF_CHROMOSOME_SEGREGATION	0.750000	9
GO_REGULATION_OF_CHROMOSOME_ORGANIZATION	GO_CHROMOSOME_SEGREGATION	0.538462	7
GO_SIGNAL_TRANSDUCTION_IN_RESPONSE_TO_DNA_DAMAGE	GO_REGULATION_OF_CELL_CYCLE_ARREST	0.857143	6
GO_SIGNAL_TRANSDUCTION_IN_RESPONSE_TO_DNA_DAMAGE	GO_POSITIVE_REGULATION_OF_CELL_CYCLE_PROCESS	0.750000	6
GO_SIGNAL_TRANSDUCTION_IN_RESPONSE_TO_DNA_DAMAGE	GO_MITOTIC_DNA_INTEGRITY_CHECKPOINT	0.875000	7
GO_SIGNAL_TRANSDUCTION_IN_RESPONSE_TO_DNA_DAMAGE	GO_POSITIVE_REGULATION_OF_CELL_CYCLE_ARREST	1.000000	6
GO_REGULATION_OF_TRANSCRIPTION_INVOLVED_IN_G1_S_TRANSITION_OF_MITOTIC_CELL_CYCLE	GO_CELL_CYCLE_G1_S_PHASE_TRANSITION	1.000000	6
GO_MITOTIC_SISTER_CHROMATID_SEGREGATION	GO_METAPHASE_PLATE_CONGRESSION	0.833333	5
GO_MITOTIC_SISTER_CHROMATID_SEGREGATION	GO_POSITIVE_REGULATION_OF_CELL_CYCLE_PROCESS	0.545455	6
GO_MITOTIC_SISTER_CHROMATID_SEGREGATION	GO_CHROMOSOME_SEGREGATION	1.000000	11
GO_REGULATION_OF_NUCLEAR_DIVISION	GO_REGULATION_OF_CHROMOSOME_SEGREGATION	0.666667	8
GO_REGULATION_OF_NUCLEAR_DIVISION	GO_CHROMOSOME_SEGREGATION	0.692308	9
GO_DNA_REPLICATION	GO_CELL_CYCLE_G1_S_PHASE_TRANSITION	0.625000	5
GO_DNA_REPLICATION	GO_MITOTIC_DNA_INTEGRITY_CHECKPOINT	0.500000	5
GO_METAPHASE_PLATE_CONGRESSION	GO_CHROMOSOME_SEGREGATION	1.000000	6
GO_CYTOSKELETON_DEPENDENT_CYTOKINESIS	GO_MITOTIC_CYTOKINESIS	1.000000	5
GO_REGULATION_OF_CELL_CYCLE_ARREST	GO_POSITIVE_REGULATION_OF_CELL_CYCLE_PROCESS	0.857143	6
GO_REGULATION_OF_CELL_CYCLE_ARREST	GO_MITOTIC_DNA_INTEGRITY_CHECKPOINT	0.857143	6
GO_REGULATION_OF_CELL_CYCLE_ARREST	GO_POSITIVE_REGULATION_OF_CELL_CYCLE_ARREST	1.000000	6
GO_CELLULAR_RESPONSE_TO_INTERFERON_GAMMA	GO_RESPONSE_TO_VIRUS	0.625000	5
GO_POSITIVE_REGULATION_OF_CELL_CYCLE_PROCESS	GO_MITOTIC_SPINDLE_ORGANIZATION	0.714286	5
GO_POSITIVE_REGULATION_OF_CELL_CYCLE_PROCESS	GO_REGULATION_OF_CHROMOSOME_SEGREGATION	0.500000	6
GO_POSITIVE_REGULATION_OF_CELL_CYCLE_PROCESS	GO_MITOTIC_DNA_INTEGRITY_CHECKPOINT	0.600000	6
GO_POSITIVE_REGULATION_OF_CELL_CYCLE_PROCESS	GO_REGULATION_OF_CYTOKINESIS	1.000000	11
GO_POSITIVE_REGULATION_OF_CELL_CYCLE_PROCESS	GO_POSITIVE_REGULATION_OF_CELL_CYCLE_ARREST	1.000000	6
GO_RESPONSE_TO_VIRUS	GO_REGULATION_OF_TYPE_I_INTERFERON_PRODUCTION	0.625000	5
GO_MITOTIC_SPINDLE_ORGANIZATION	GO_REGULATION_OF_MICROTUBULE_POLYMERIZATION_OR_DEPOLYMERIZATION	1.000000	7
GO_MITOTIC_SPINDLE_ORGANIZATION	GO_REGULATION_OF_PROTEIN_COMPLEX_DISASSEMBLY	1.000000	7
GO_MITOTIC_SPINDLE_ORGANIZATION	GO_CHROMOSOME_SEGREGATION	0.857143	6
GO_MEIOSIS_I	GO_MEIOTIC_CELL_CYCLE_PROCESS	1.000000	6
GO_REGULATION_OF_CHROMOSOME_SEGREGATION	GO_CHROMOSOME_SEGREGATION	0.750000	9
GO_MITOTIC_DNA_INTEGRITY_CHECKPOINT	GO_POSITIVE_REGULATION_OF_CELL_CYCLE_ARREST	1.000000	6
GO_REGULATION_OF_MICROTUBULE_POLYMERIZATION_OR_DEPOLYMERIZATION	GO_REGULATION_OF_PROTEIN_COMPLEX_DISASSEMBLY	0.909091	10
GO_REGULATION_OF_MICROTUBULE_POLYMERIZATION_OR_DEPOLYMERIZATION	GO_CHROMOSOME_SEGREGATION	0.666667	8
GO_DNA_PACKAGING	GO_PROTEIN_DNA_COMPLEX_SUBUNIT_ORGANIZATION	0.700000	7
GO_DNA_PACKAGING	GO_CHROMOSOME_SEGREGATION	0.750000	9
GO_REGULATION_OF_PROTEIN_COMPLEX_DISASSEMBLY	GO_CHROMOSOME_SEGREGATION	0.545455	6
GO_PROTEIN_DNA_COMPLEX_SUBUNIT_ORGANIZATION	GO_CHROMOSOME_SEGREGATION	0.700000	7
