node	log2fold	enrichment_p_value	node_size
GO_REGIONALIZATION	1.41096708836	1.4568069916767446e-06	29
GO_POSITIVE_REGULATION_OF_CALCIUM_ION_TRANSPORT	1.66519559681	0.00011396817710941373	14
GO_NEURON_PROJECTION_GUIDANCE	1.55673822809	5.1057884079453035e-06	22
GO_CILIUM_MORPHOGENESIS	1.58017092255	8.690488521105639e-07	25
GO_CARDIAC_CHAMBER_DEVELOPMENT	1.47205140278	0.00012451522071296546	17
GO_WATER_HOMEOSTASIS	2.20310127347	1.74453261641473e-05	11
GO_NEGATIVE_REGULATION_OF_LOCOMOTION	1.38374561962	2.1477319799699165e-06	29
GO_CARDIAC_MUSCLE_TISSUE_DEVELOPMENT	1.48432973256	0.0001118862865433716	17
GO_REGULATION_OF_CHEMOTAXIS	1.55238882763	3.304473970796363e-06	23
GO_SPECIFICATION_OF_SYMMETRY	1.61515491431	0.00016698584219478958	14
GO_ATRIAL_SEPTUM_DEVELOPMENT	2.88871998764	0.00033891169807828773	5
GO_EAR_DEVELOPMENT	1.480635249	2.986189331528842e-05	20
GO_CELL_CHEMOTAXIS	1.40049814176	0.00022987048841613134	17
GO_EMBRYONIC_HEART_TUBE_MORPHOGENESIS	2.08280703976	4.03775791875498e-05	11
GO_POSITIVE_REGULATION_OF_NEURON_DIFFERENTIATION	1.05478199281	0.0003436995622914663	26
GO_UROGENITAL_SYSTEM_DEVELOPMENT	1.12125230508	0.00012488108888704115	27
GO_EMBRYONIC_ORGAN_MORPHOGENESIS	1.32863215556	9.804119019289251e-06	27
GO_CELL_PROJECTION_ASSEMBLY	1.33731004663	4.120720440700941e-06	29
GO_EMBRYONIC_HEART_TUBE_DEVELOPMENT	2.08502827967	8.020877519349825e-06	13
GO_CILIUM_ORGANIZATION	1.5172098639	8.037226026007489e-06	22
GO_POSITIVE_REGULATION_OF_CHEMOTAXIS	1.53931115633	0.00011162624025683501	16
GO_NEGATIVE_CHEMOTAXIS	2.39276249298	3.29301018364875e-05	9
GO_CELLULAR_COMPONENT_ASSEMBLY_INVOLVED_IN_MORPHOGENESIS	1.33365897263	1.9489206983897726e-05	25
GO_HEART_MORPHOGENESIS	1.51432447286	8.113597871988075e-07	27
GO_MYELOID_LEUKOCYTE_MIGRATION	1.81792420953	6.46444837312265e-05	13
GO_MULTICELLULAR_ORGANISMAL_WATER_HOMEOSTASIS	2.26723161089	2.7706304763270808e-05	10
GO_POSITIVE_REGULATION_OF_RESPONSE_TO_WOUNDING	1.42395711458	0.00018837500095766435	17
GO_SEMAPHORIN_PLEXIN_SIGNALING_PATHWAY	2.30787359539	5.4896468366449815e-05	9
GO_REGULATION_OF_AXON_GUIDANCE	2.26723161089	6.984881584067088e-05	9
GO_EXTRACELLULAR_STRUCTURE_ORGANIZATION	1.12039022257	9.530044997422915e-05	28
