Source	Target	overlap_ratio	overlap_size
GO_CARDIAC_MUSCLE_TISSUE_DEVELOPMENT	GO_HEART_MORPHOGENESIS	0.705882	12
GO_CARDIAC_MUSCLE_TISSUE_DEVELOPMENT	GO_CARDIAC_CHAMBER_DEVELOPMENT	0.529412	9
GO_POSITIVE_REGULATION_OF_CHEMOTAXIS	GO_CELL_CHEMOTAXIS	0.500000	8
GO_POSITIVE_REGULATION_OF_CHEMOTAXIS	GO_REGULATION_OF_CHEMOTAXIS	1.000000	16
GO_REGULATION_OF_AXON_GUIDANCE	GO_NEGATIVE_REGULATION_OF_LOCOMOTION	0.666667	6
GO_REGULATION_OF_AXON_GUIDANCE	GO_REGULATION_OF_CHEMOTAXIS	1.000000	9
GO_REGULATION_OF_AXON_GUIDANCE	GO_SEMAPHORIN_PLEXIN_SIGNALING_PATHWAY	0.777778	7
GO_REGULATION_OF_AXON_GUIDANCE	GO_NEGATIVE_CHEMOTAXIS	0.777778	7
GO_CILIUM_ORGANIZATION	GO_CELLULAR_COMPONENT_ASSEMBLY_INVOLVED_IN_MORPHOGENESIS	1.000000	22
GO_CILIUM_ORGANIZATION	GO_CELL_PROJECTION_ASSEMBLY	1.000000	22
GO_CILIUM_ORGANIZATION	GO_SPECIFICATION_OF_SYMMETRY	0.500000	7
GO_CILIUM_ORGANIZATION	GO_CILIUM_MORPHOGENESIS	1.000000	22
GO_WATER_HOMEOSTASIS	GO_MULTICELLULAR_ORGANISMAL_WATER_HOMEOSTASIS	1.000000	10
GO_HEART_MORPHOGENESIS	GO_ATRIAL_SEPTUM_DEVELOPMENT	1.000000	5
GO_HEART_MORPHOGENESIS	GO_SPECIFICATION_OF_SYMMETRY	0.785714	11
GO_HEART_MORPHOGENESIS	GO_EMBRYONIC_ORGAN_MORPHOGENESIS	0.518519	14
GO_HEART_MORPHOGENESIS	GO_CARDIAC_CHAMBER_DEVELOPMENT	0.882353	15
GO_HEART_MORPHOGENESIS	GO_EMBRYONIC_HEART_TUBE_DEVELOPMENT	0.923077	12
GO_HEART_MORPHOGENESIS	GO_EMBRYONIC_HEART_TUBE_MORPHOGENESIS	1.000000	11
GO_NEURON_PROJECTION_GUIDANCE	GO_NEGATIVE_CHEMOTAXIS	0.555556	5
GO_ATRIAL_SEPTUM_DEVELOPMENT	GO_CARDIAC_CHAMBER_DEVELOPMENT	1.000000	5
GO_CELLULAR_COMPONENT_ASSEMBLY_INVOLVED_IN_MORPHOGENESIS	GO_CELL_PROJECTION_ASSEMBLY	0.880000	22
GO_CELLULAR_COMPONENT_ASSEMBLY_INVOLVED_IN_MORPHOGENESIS	GO_SPECIFICATION_OF_SYMMETRY	0.500000	7
GO_CELLULAR_COMPONENT_ASSEMBLY_INVOLVED_IN_MORPHOGENESIS	GO_CILIUM_MORPHOGENESIS	0.880000	22
GO_CELL_PROJECTION_ASSEMBLY	GO_SPECIFICATION_OF_SYMMETRY	0.500000	7
GO_CELL_PROJECTION_ASSEMBLY	GO_CILIUM_MORPHOGENESIS	0.880000	22
GO_CELL_CHEMOTAXIS	GO_MYELOID_LEUKOCYTE_MIGRATION	0.923077	12
GO_NEGATIVE_REGULATION_OF_LOCOMOTION	GO_SEMAPHORIN_PLEXIN_SIGNALING_PATHWAY	0.555556	5
GO_NEGATIVE_REGULATION_OF_LOCOMOTION	GO_NEGATIVE_CHEMOTAXIS	0.666667	6
GO_SPECIFICATION_OF_SYMMETRY	GO_EMBRYONIC_ORGAN_MORPHOGENESIS	0.785714	11
GO_SPECIFICATION_OF_SYMMETRY	GO_CILIUM_MORPHOGENESIS	0.571429	8
GO_SPECIFICATION_OF_SYMMETRY	GO_EMBRYONIC_HEART_TUBE_DEVELOPMENT	0.846154	11
GO_SPECIFICATION_OF_SYMMETRY	GO_EMBRYONIC_HEART_TUBE_MORPHOGENESIS	1.000000	11
GO_EMBRYONIC_ORGAN_MORPHOGENESIS	GO_EMBRYONIC_HEART_TUBE_DEVELOPMENT	0.923077	12
GO_EMBRYONIC_ORGAN_MORPHOGENESIS	GO_EAR_DEVELOPMENT	0.550000	11
GO_EMBRYONIC_ORGAN_MORPHOGENESIS	GO_EMBRYONIC_HEART_TUBE_MORPHOGENESIS	1.000000	11
GO_REGULATION_OF_CHEMOTAXIS	GO_SEMAPHORIN_PLEXIN_SIGNALING_PATHWAY	0.888889	8
GO_REGULATION_OF_CHEMOTAXIS	GO_NEGATIVE_CHEMOTAXIS	0.777778	7
GO_SEMAPHORIN_PLEXIN_SIGNALING_PATHWAY	GO_NEGATIVE_CHEMOTAXIS	0.666667	6
GO_EMBRYONIC_HEART_TUBE_DEVELOPMENT	GO_EMBRYONIC_HEART_TUBE_MORPHOGENESIS	1.000000	11
