node	log2fold	enrichment_p_value	node_size
GO_REGULATION_OF_NITRIC_OXIDE_BIOSYNTHETIC_PROCESS	1.40248600894	2.6157949569343753e-05	19
GO_CATECHOLAMINE_BIOSYNTHETIC_PROCESS	1.830123545	0.006726982878945196	5
GO_REGULATION_OF_LEUKOCYTE_PROLIFERATION	1.03657442247	2.218728826052528e-07	50
GO_RECEPTOR_INTERNALIZATION	1.32056844694	0.000247985232769641	16
GO_NEGATIVE_REGULATION_OF_LEUKOCYTE_APOPTOTIC_PROCESS	1.24927715275	0.0015959215345164885	13
GO_EPITHELIAL_CILIUM_MOVEMENT	1.48547537361	0.007005966384989589	7
GO_REGULATION_OF_CYCLIC_NUCLEOTIDE_METABOLIC_PROCESS	1.01515543883	7.545472407310333e-05	30
GO_LYMPHOCYTE_DIFFERENTIATION	0.758738911762	0.00016311636701769807	46
GO_REGULATION_OF_PROTEIN_KINASE_B_SIGNALING	0.739520996218	0.00658763496015258	24
GO_ENDOTHELIAL_CELL_MIGRATION	1.40248600894	2.6157949569343753e-05	19
GO_POSITIVE_REGULATION_OF_VASCULATURE_DEVELOPMENT	1.47265133325	1.8256659933038598e-12	49
GO_VENTRICULAR_SEPTUM_MORPHOGENESIS	1.20418926322	0.010353674518635576	9
GO_SYNAPTIC_SIGNALING	0.545226181056	0.0017279700594758467	57
GO_REGULATION_OF_CALCIUM_ION_TRANSPORT	0.828260800981	8.094405942293786e-05	43
GO_POSITIVE_REGULATION_OF_CELL_SUBSTRATE_ADHESION	1.28123029899	1.1516870943217994e-06	30
GO_REGIONALIZATION	0.691795388451	0.00019809396640353653	53
GO_POSITIVE_REGULATION_OF_CELL_DIVISION	0.723924141167	0.00759372890797881	24
GO_EPITHELIAL_CELL_DEVELOPMENT	1.09315795083	5.530135617947763e-08	50
GO_EXOCYTOSIS	0.90051287289	6.98079924902741e-08	70
GO_REGULATION_OF_CELLULAR_RESPONSE_TO_GROWTH_FACTOR_STIMULUS	1.27602200798	1.4075205307198676e-13	70
GO_POSITIVE_REGULATION_OF_CALCIUM_ION_TRANSPORT	1.07608443747	5.614337583210977e-05	28
GO_PHAGOCYTOSIS	0.998000717792	2.583334950017535e-06	44
GO_POSITIVE_REGULATION_OF_LEUKOCYTE_PROLIFERATION	1.13379993533	1.8218249874188597e-06	36
GO_REGULATION_OF_PRODUCTION_OF_MOLECULAR_MEDIATOR_OF_IMMUNE_RESPONSE	1.28123029899	1.1516870943217994e-06	30
GO_POSITIVE_REGULATION_OF_ENDOTHELIAL_CELL_MIGRATION	1.1833557598	9.939630448830181e-05	22
GO_REGULATION_OF_SMOOTH_MUSCLE_CELL_PROLIFERATION	1.37231202203	1.478498369344773e-08	36
GO_REGULATION_OF_WOUND_HEALING	1.50478884867	1.933350225796528e-12	47
GO_POSITIVE_REGULATION_OF_INFLAMMATORY_RESPONSE	1.64249654182	1.9682769397479542e-12	40
GO_NEGATIVE_REGULATION_OF_DEFENSE_RESPONSE	0.754741733156	0.00255524604630018	29
GO_POSITIVE_REGULATION_OF_T_HELPER_CELL_DIFFERENTIATION	1.94115485739	0.00011141377915661568	9
GO_REGULATION_OF_SMOOTH_MUSCLE_CONTRACTION	1.67812045155	4.033272819833545e-07	20
GO_INTERFERON_GAMMA_PRODUCTION	1.90051287289	0.0008626467749358958	7
GO_REGULATION_OF_CARDIAC_CONDUCTION	0.912585705191	0.00931538173486246	15
GO_REGULATION_OF_COAGULATION	1.830123545	6.893114860460556e-15	40
GO_TISSUE_MIGRATION	1.36691876326	1.0012318945566062e-06	27
GO_REGULATION_OF_GLOMERULUS_DEVELOPMENT	2.16354727872	0.00017476981174423698	7
GO_REGULATION_OF_KIDNEY_DEVELOPMENT	1.4997832103	8.087743705631925e-06	19
GO_T_CELL_ACTIVATION_INVOLVED_IN_IMMUNE_RESPONSE	1.49049344838	1.5575512880615835e-05	18
GO_REGULATION_OF_CELL_SUBSTRATE_ADHESION	1.17388922295	9.713160554677637e-09	49
GO_SUPEROXIDE_ANION_GENERATION	1.67812045155	0.011735716195692691	5
GO_REGULATION_OF_HEMOPOIESIS	1.02009448864	2.4628253443560435e-10	77
GO_HOMOTYPIC_CELL_CELL_ADHESION	1.12792336899	0.0026935275742493705	14
GO_MORPHOGENESIS_OF_A_BRANCHING_STRUCTURE	1.27675788917	1.2285276616636887e-10	53
GO_HEART_FORMATION	1.67812045155	0.011735716195692691	5
GO_AMINE_METABOLIC_PROCESS	0.752121032997	0.004990466782639587	25
GO_FOREBRAIN_GENERATION_OF_NEURONS	0.977680733412	0.013164187080558115	12
GO_NEURON_PROJECTION_GUIDANCE	1.00004854644	1.9134222983037087e-06	45
GO_POTASSIUM_ION_TRANSPORT	0.936188604494	0.00028504476502928924	29
GO_BLOOD_COAGULATION_FIBRIN_CLOT_FORMATION	1.96762706875	1.4483997947638358e-05	11
GO_REGULATION_OF_CYTOKINE_BIOSYNTHETIC_PROCESS	1.14562537073	2.074885092348242e-05	28
GO_ENDOCARDIAL_CUSHION_FORMATION	1.67812045155	0.005700340728915584	6
GO_REGULATION_OF_INTERFERON_GAMMA_PRODUCTION	1.30728275619	1.1182458248137242e-06	29
GO_CILIUM_MORPHOGENESIS	0.669131668326	0.001552220211093677	40
GO_ISOPRENOID_METABOLIC_PROCESS	0.809364984832	0.004082770540533087	23
GO_MESENCHYME_MORPHOGENESIS	1.63630027586	4.994886930915728e-06	17
GO_POSITIVE_REGULATION_OF_TYROSINE_PHOSPHORYLATION_OF_STAT1_PROTEIN	1.94115485739	0.0017182495620398672	6
GO_MUSCLE_ORGAN_MORPHOGENESIS	0.92323294939	0.006826897959821258	16
GO_NEGATIVE_REGULATION_OF_HEMOPOIESIS	1.03042219548	6.057806284828442e-05	30
GO_LUNG_EPITHELIUM_DEVELOPMENT	1.30888664189	0.0015842851138234638	12
GO_NEGATIVE_REGULATION_OF_OSTEOCLAST_DIFFERENTIATION	1.8156239753	5.634530779267842e-05	11
GO_RETINOL_METABOLIC_PROCESS	1.38861383436	0.003915843756455175	9
GO_STEM_CELL_PROLIFERATION	1.00569510958	0.0036793666420962797	16
GO_CHRONIC_INFLAMMATORY_RESPONSE	1.578584778	0.004547872480493041	7
GO_REGULATION_OF_INSULIN_LIKE_GROWTH_FACTOR_RECEPTOR_SIGNALING_PATHWAY	1.56264323413	0.009200011836371924	6
GO_GRANULOCYTE_MIGRATION	1.43711235205	3.8227272067426315e-06	22
GO_POSITIVE_REGULATION_OF_VASODILATION	1.5406169278	0.0008990534768486019	10
GO_LEUKOTRIENE_METABOLIC_PROCESS	1.94115485739	7.590286027987923e-06	12
GO_REGULATION_OF_INTERLEUKIN_8_PRODUCTION	1.03042219548	0.004043773360919921	15
GO_CARTILAGE_DEVELOPMENT	1.0241163064	2.2371758995493127e-05	34
GO_OSSIFICATION	1.02806292261	4.716373011315443e-09	65
GO_REGULATION_OF_SMOOTH_MUSCLE_CELL_MIGRATION	1.61399011413	2.896461154103216e-07	22
GO_FATTY_ACID_METABOLIC_PROCESS	0.547189581727	0.0030958853238333673	50
GO_RESPONSE_TO_RETINOIC_ACID	1.02361701758	0.00015150496988319782	27
GO_NEGATIVE_REGULATION_OF_MAP_KINASE_ACTIVITY	1.27758252197	9.275361953876791e-06	25
GO_MULTICELLULAR_ORGANISM_METABOLIC_PROCESS	1.65705883603	6.235493447379764e-11	34
GO_REGULATION_OF_POTASSIUM_ION_TRANSMEMBRANE_TRANSPORT	1.23333560888	0.00025405158303658595	18
GO_G_PROTEIN_COUPLED_PURINERGIC_NUCLEOTIDE_RECEPTOR_SIGNALING_PATHWAY	2.02604375497	0.0004155460704150711	7
GO_REGULATION_OF_HOMOTYPIC_CELL_CELL_ADHESION	0.885778100351	1.3325900174880584e-07	69
GO_POSITIVE_REGULATION_OF_ALPHA_BETA_T_CELL_ACTIVATION	1.09315795083	0.003468356201255423	14
GO_RESPONSE_TO_BMP	1.58792264258	1.9512802912789165e-09	31
GO_AMELOGENESIS	1.56264323413	0.009200011836371924	6
GO_FIBRIL_ORGANIZATION	1.830123545	0.0001110312784951553	10
GO_REGULATION_OF_MESODERM_DEVELOPMENT	2.19269362438	0.0014765086945483787	5
GO_BRANCHING_INVOLVED_IN_SALIVARY_GLAND_MORPHOGENESIS	1.8707655295	0.00043433544990298265	8
GO_POSITIVE_REGULATION_OF_LIPID_STORAGE	1.578584778	0.004547872480493041	7
GO_BRANCHING_INVOLVED_IN_LABYRINTHINE_LAYER_MORPHOGENESIS	1.67812045155	0.011735716195692691	5
GO_LYMPH_VESSEL_MORPHOGENESIS	1.80365133364	0.003281493751885215	6
GO_NEGATIVE_REGULATION_OF_T_CELL_DIFFERENTIATION	1.20418926322	0.010353674518635576	9
GO_PHAGOCYTOSIS_RECOGNITION	1.78503565547	0.0016173911035545605	7
GO_PLASMA_MEMBRANE_ORGANIZATION	0.653736292927	0.00117891938633888	44
GO_REGULATION_OF_INTERLEUKIN_5_PRODUCTION	1.8707655295	0.00043433544990298265	8
GO_REGULATION_OF_POSITIVE_CHEMOTAXIS	1.8156239753	5.634530779267842e-05	11
GO_REGULATION_OF_CELL_KILLING	1.39801253236	1.0542352663964117e-05	21
GO_LONG_CHAIN_FATTY_ACID_METABOLIC_PROCESS	1.09315795083	0.0007142899057164559	19
GO_MATING	1.5406169278	0.0008990534768486019	10
GO_CARDIAC_CHAMBER_DEVELOPMENT	0.924760419137	8.468630560348915e-05	35
GO_REGULATION_OF_PLATELET_ACTIVATION	1.95822837075	7.117065752233186e-08	17
GO_CARDIAC_VENTRICLE_MORPHOGENESIS	0.90051287289	0.012722179756460403	14
GO_NEGATIVE_REGULATION_OF_CYTOKINE_PRODUCTION_INVOLVED_IN_IMMUNE_RESPONSE	1.39801253236	0.010325407300249393	7
GO_POSITIVE_REGULATION_OF_STEROL_TRANSPORT	1.48547537361	0.007005966384989589	7
GO_DIGESTIVE_SYSTEM_PROCESS	1.49754820591	7.414331678490388e-05	15
GO_REGULATION_OF_SENSORY_PERCEPTION	1.41508604572	0.002021822140617677	10
GO_RESPONSE_TO_ESTROGEN	0.963097410268	6.003062232026457e-07	53
GO_B_CELL_MEDIATED_IMMUNITY	1.36999815619	1.5094357005300754e-05	21
GO_T_CELL_DIFFERENTIATION	0.739520996218	0.002591217254855453	30
GO_REGULATION_OF_CELL_FATE_COMMITMENT	1.67812045155	0.00034683109957076074	10
GO_NEGATIVE_REGULATION_OF_TOLL_LIKE_RECEPTOR_SIGNALING_PATHWAY	1.6192267625	0.00014553356366810562	12
GO_REGULATION_OF_PHOSPHOLIPASE_C_ACTIVITY	1.37555768153	0.00023493742650602215	15
GO_POSITIVE_REGULATION_OF_CD4_POSITIVE_ALPHA_BETA_T_CELL_ACTIVATION	1.55258956947	0.0004561741388376598	11
GO_POSITIVE_REGULATION_OF_PHOSPHATIDYLINOSITOL_3_KINASE_SIGNALING	1.5869725635	2.395796681375986e-07	23
GO_DENDRITIC_CELL_CHEMOTAXIS	1.8707655295	0.00043433544990298265	8
GO_PLATELET_DERIVED_GROWTH_FACTOR_RECEPTOR_SIGNALING_PATHWAY	1.17562011102	0.003911167687277162	12
GO_REGULATION_OF_LIPID_KINASE_ACTIVITY	1.33708353372	0.00033250955814239134	15
GO_ACTIN_FILAMENT_ORGANIZATION	0.840177209663	0.00011598004814588367	40
GO_RENAL_TUBULE_DEVELOPMENT	1.06931120888	0.0006648833517116553	20
GO_MULTICELLULAR_ORGANISMAL_MACROMOLECULE_METABOLIC_PROCESS	1.72703005203	1.780520179010867e-10	30
GO_NEGATIVE_REGULATION_OF_MAPK_CASCADE	0.811386982417	0.0005418017490957421	34
GO_POSITIVE_REGULATION_OF_LEUKOCYTE_DEGRANULATION	2.19269362438	4.654550973548253e-06	10
GO_MESENCHYMAL_CELL_DIFFERENTIATION	1.50819545011	1.0124549181245135e-12	48
GO_FATTY_ACID_DERIVATIVE_BIOSYNTHETIC_PROCESS	2.02604375497	5.727047301746655e-10	21
GO_REGULATION_OF_MYOBLAST_DIFFERENTIATION	1.13063265625	0.003709341751678284	13
GO_PROTEIN_ACTIVATION_CASCADE	1.848045453	1.1532104131945124e-10	27
GO_CELL_JUNCTION_ASSEMBLY	1.27957107506	4.195196609927267e-09	44
GO_RENAL_SYSTEM_VASCULATURE_DEVELOPMENT	2.13063265625	3.442530203619079e-07	13
GO_REGULATION_OF_MORPHOGENESIS_OF_A_BRANCHING_STRUCTURE	1.15874629246	0.0015060871319417374	15
GO_REGULATION_OF_HUMORAL_IMMUNE_RESPONSE	1.7655832928	9.981122658600952e-07	17
GO_LEUKOCYTE_CHEMOTAXIS	1.64569897386	1.4079890677717561e-13	44
GO_REGULATION_OF_STEROL_TRANSPORT	1.38266456803	0.0015146893255211212	11
GO_POSITIVE_REGULATION_OF_MESENCHYMAL_CELL_PROLIFERATION	1.41508604572	0.002021822140617677	10
GO_APOPTOTIC_CELL_CLEARANCE	1.61399011413	0.00028751354826440044	11
GO_NEGATIVE_REGULATION_OF_MUSCLE_CONTRACTION	1.43019293811	0.005258466236734713	8
GO_POSITIVE_REGULATION_OF_EXOCYTOSIS	1.20681473263	7.510968065776433e-05	22
GO_REGULATION_OF_SODIUM_ION_TRANSPORT	0.834845955241	0.010410997259314957	17
GO_NEGATIVE_REGULATION_OF_LOCOMOTION	1.16547215565	1.7886843131876935e-12	75
GO_INTESTINAL_ABSORPTION	1.39801253236	0.010325407300249393	7
GO_REGULATION_OF_LYASE_ACTIVITY	0.92323294939	0.006826897959821258	16
GO_ADENYLATE_CYCLASE_MODULATING_G_PROTEIN_COUPLED_RECEPTOR_SIGNALING_PATHWAY	1.00004854644	0.0003472599374540726	25
GO_POSITIVE_REGULATION_OF_CHOLESTEROL_EFFLUX	1.56264323413	0.009200011836371924	6
GO_REGULATION_OF_B_CELL_PROLIFERATION	1.2996088283	5.5245717789286e-05	20
GO_POSITIVE_REGULATION_OF_PROTEIN_AUTOPHOSPHORYLATION	1.43019293811	0.005258466236734713	8
GO_DETECTION_OF_BIOTIC_STIMULUS	1.91258570519	5.7393900411283874e-05	10
GO_MULTI_MULTICELLULAR_ORGANISM_PROCESS	0.953754894167	3.933275418925241e-06	46
GO_ARACHIDONIC_ACID_METABOLIC_PROCESS	1.830123545	2.066545417903609e-06	15
GO_POSITIVE_REGULATION_OF_ADAPTIVE_IMMUNE_RESPONSE	1.09315795083	0.0005226901409166851	20
GO_POSITIVE_REGULATION_OF_INTERLEUKIN_12_PRODUCTION	1.47166957409	0.00027808233367085145	13
GO_REGULATION_OF_NEUTROPHIL_MIGRATION	1.56264323413	0.00023198391707939228	12
GO_CARDIAC_SEPTUM_DEVELOPMENT	0.920690754828	0.0021645897881823906	21
GO_REGULATION_OF_T_CELL_PROLIFERATION	0.909936126777	0.0002059780175444348	32
GO_CELLULAR_RESPONSE_TO_LIPOPROTEIN_PARTICLE_STIMULUS	2.21868883292	3.718337821728115e-05	8
GO_VASCULAR_PROCESS_IN_CIRCULATORY_SYSTEM	1.33789153992	2.560196317829738e-10	47
GO_MULTICELLULAR_ORGANISMAL_SIGNALING	1.09315795083	8.162075883628504e-05	26
GO_CELLULAR_RESPONSE_TO_AMINO_ACID_STIMULUS	0.993622277282	0.0069352003862947435	14
GO_PRIMARY_ALCOHOL_METABOLIC_PROCESS	1.17562011102	0.003911167687277162	12
GO_LEUKOCYTE_MIGRATION	1.4997832103	1.401326273712291e-23	95
GO_REGULATION_OF_MUSCLE_SYSTEM_PROCESS	0.930886521934	1.56094145899146e-05	42
GO_REGULATION_OF_MONONUCLEAR_CELL_MIGRATION	2.13755207019	2.699393539295682e-06	11
GO_REGULATION_OF_ENDOTHELIAL_CELL_MIGRATION	1.41222639158	3.419074124864719e-10	42
GO_REGULATION_OF_EPITHELIAL_CELL_APOPTOTIC_PROCESS	1.45572803022	4.9380813463604295e-06	21
GO_METANEPHRIC_NEPHRON_MORPHOGENESIS	1.67812045155	0.0013874660320845123	8
GO_CHONDROCYTE_DIFFERENTIATION	1.34108546428	5.3051567660266724e-05	19
GO_POSITIVE_REGULATION_OF_NEUTROPHIL_MIGRATION	1.47648659038	0.0013694688066024762	10
GO_INDOLALKYLAMINE_METABOLIC_PROCESS	1.67812045155	0.011735716195692691	5
GO_REGULATION_OF_FATTY_ACID_METABOLIC_PROCESS	0.803651333637	0.010785043617343955	18
GO_STEROL_HOMEOSTASIS	1.02100816508	0.007664389915894006	13
GO_POSITIVE_REGULATION_OF_CHEMOKINE_PRODUCTION	1.64064574613	1.309991934693336e-06	19
GO_POSITIVE_REGULATION_OF_EPITHELIAL_CELL_MIGRATION	1.09315795083	1.2996193183793751e-05	32
GO_RESPONSE_TO_TOXIC_SUBSTANCE	0.953433187166	1.8359155963292264e-07	59
GO_EXTRACELLULAR_MATRIX_ASSEMBLY	2.2996088283	1.5482245232253385e-06	10
GO_INTERLEUKIN_1_PRODUCTION	1.56264323413	0.009200011836371924	6
GO_LIPOPOLYSACCHARIDE_MEDIATED_SIGNALING_PATHWAY	1.1833557598	0.005396623618761606	11
GO_POSITIVE_REGULATION_OF_PEPTIDE_SECRETION	1.01915736939	0.001435923082470974	19
GO_ADHERENS_JUNCTION_ORGANIZATION	1.27957107506	3.066325405106334e-05	22
GO_LEUKOCYTE_MIGRATION_INVOLVED_IN_INFLAMMATORY_RESPONSE	1.80365133364	0.003281493751885215	6
GO_REGULATION_OF_BONE_REMODELING	1.47166957409	0.00027808233367085145	13
GO_CELLULAR_RESPONSE_TO_ACID_CHEMICAL	1.02022642838	1.24680371976964e-06	45
GO_LOW_DENSITY_LIPOPROTEIN_PARTICLE_CLEARANCE	1.830123545	0.006726982878945196	5
GO_RESPONSE_TO_PROSTAGLANDIN	1.55258956947	0.0004561741388376598	11
GO_AXON_EXTENSION	1.35619235667	0.0011300514048766502	12
GO_REGULATION_OF_VASCULAR_PERMEABILITY	1.32448349694	0.0055527990815514745	9
GO_CARDIAC_EPITHELIAL_TO_MESENCHYMAL_TRANSITION	1.67812045155	0.00034683109957076074	10
GO_RESPONSE_TO_PLATELET_DERIVED_GROWTH_FACTOR	1.48547537361	0.007005966384989589	7
GO_RESPONSE_TO_PROGESTERONE	1.13063265625	0.003709341751678284	13
GO_REGULATION_OF_EPITHELIAL_CELL_MIGRATION	1.28219177522	2.0798262625453673e-11	57
GO_RESPONSE_TO_ESTRADIOL	0.876666130936	0.00017590199138912355	35
GO_ORGANIC_HYDROXY_COMPOUND_TRANSPORT	0.954330246135	8.594136602786546e-05	33
GO_MIDGUT_DEVELOPMENT	1.80365133364	0.003281493751885215	6
GO_NEGATIVE_REGULATION_OF_AXON_GUIDANCE	1.43711235205	0.0010436431799882065	11
GO_CARDIAC_MUSCLE_TISSUE_DEVELOPMENT	0.615110654028	0.012230569806174324	28
GO_MICROTUBULE_BUNDLE_FORMATION	1.5906576103	1.2365715052742467e-07	24
GO_URETER_DEVELOPMENT	1.94115485739	0.0017182495620398672	6
GO_REGULATION_OF_PHOSPHOLIPASE_ACTIVITY	1.39432748555	4.262150788461144e-06	23
GO_AMINOGLYCAN_BIOSYNTHETIC_PROCESS	0.990064457868	0.00023297271484870114	27
GO_MESENCHYMAL_CELL_PROLIFERATION	1.94115485739	0.0017182495620398672	6
GO_RESPIRATORY_GASEOUS_EXCHANGE	1.39271823269	0.0001238219269285021	16
GO_REGULATION_OF_MACROPHAGE_CYTOKINE_PRODUCTION	1.67812045155	0.005700340728915584	6
GO_NEGATIVE_REGULATION_OF_GROWTH	1.03811658727	1.3643900262981051e-08	60
GO_EPITHELIAL_TUBE_BRANCHING_INVOLVED_IN_LUNG_MORPHOGENESIS	1.67812045155	0.00017458633200898482	11
GO_INNER_EAR_MORPHOGENESIS	0.811386982417	0.01230669763321102	17
GO_POSITIVE_REGULATION_OF_OSTEOBLAST_DIFFERENTIATION	1.48547537361	3.30670890612978e-06	21
GO_NEGATIVE_REGULATION_OF_EXTRINSIC_APOPTOTIC_SIGNALING_PATHWAY	0.836818197573	0.002590189365602259	24
GO_REGULATION_OF_STRESS_ACTIVATED_PROTEIN_KINASE_SIGNALING_CASCADE	0.642496541823	0.002234989084680752	40
GO_RESPONSE_TO_ACTIVITY	0.912585705191	0.00931538173486246	15
GO_METANEPHRIC_NEPHRON_DEVELOPMENT	1.79359766897	1.4598614643816825e-05	13
GO_FATTY_ACID_DERIVATIVE_METABOLIC_PROCESS	1.65258535945	3.3013038762894494e-09	28
GO_AXONEME_ASSEMBLY	1.77122985595	1.94828906014041e-06	16
GO_REGULATION_OF_MESENCHYMAL_CELL_PROLIFERATION	1.47166957409	0.00027808233367085145	13
GO_OSTEOBLAST_DIFFERENTIATION	0.912585705191	0.0003094012087257376	30
GO_REGULATION_OF_RECEPTOR_BINDING	1.67812045155	0.002800446757265683	7
GO_POSITIVE_REGULATION_OF_T_CELL_PROLIFERATION	1.05193528811	0.00033071634430105874	23
GO_POSITIVE_REGULATION_OF_PROTEIN_SERINE_THREONINE_KINASE_ACTIVITY	0.63595099731	0.00027387282530825976	59
GO_POSITIVE_REGULATION_OF_MAST_CELL_ACTIVATION	2.09315795083	9.618842432562098e-05	8
GO_OVULATION_CYCLE_PROCESS	0.803651333637	0.010785043617343955	18
GO_POSITIVE_REGULATION_OF_STAT_CASCADE	1.67812045155	1.9731631230549046e-09	28
GO_TISSUE_HOMEOSTASIS	0.815623975304	0.0006130516180708283	33
GO_NEGATIVE_REGULATION_OF_RECEPTOR_ACTIVITY	1.41508604572	0.002021822140617677	10
GO_POSITIVE_REGULATION_OF_BLOOD_CIRCULATION	1.28580302877	1.243634525304064e-05	24
GO_POSITIVE_REGULATION_OF_HORMONE_SECRETION	0.972863717115	0.0007901939602489907	23
GO_INNER_DYNEIN_ARM_ASSEMBLY	2.00004854644	0.00342986000842097	5
GO_ENDOCRINE_SYSTEM_DEVELOPMENT	1.05519010063	0.00017839322128245487	25
GO_VASCULAR_SMOOTH_MUSCLE_CONTRACTION	1.67812045155	0.011735716195692691	5
GO_REGULATION_OF_CHEMOTAXIS	1.58946283173	7.953917014196067e-20	71
GO_POSITIVE_REGULATION_OF_FIBROBLAST_PROLIFERATION	1.18062079208	0.0006125911490496401	17
GO_REGULATION_OF_ION_HOMEOSTASIS	0.890528784317	3.268861387182272e-05	42
GO_POSITIVE_REGULATION_OF_AXONOGENESIS	0.811386982417	0.01230669763321102	17
GO_POSITIVE_REGULATION_OF_LIPID_METABOLIC_PROCESS	1.25362262303	8.18936937075525e-08	38
GO_G_PROTEIN_COUPLED_RECEPTOR_SIGNALING_PATHWAY_COUPLED_TO_CYCLIC_NUCLEOTIDE_SECOND_MESSENGER	1.04585223605	4.839853821084047e-05	30
GO_REGULATION_OF_CELL_ADHESION_MEDIATED_BY_INTEGRIN	1.63630027586	4.994886930915728e-06	17
GO_REGULATION_OF_PATHWAY_RESTRICTED_SMAD_PROTEIN_PHOSPHORYLATION	1.57378379174	1.7465739103836218e-06	20
GO_CONNECTIVE_TISSUE_DEVELOPMENT	0.970301203047	3.5544608259013956e-06	45
GO_POSITIVE_REGULATION_OF_T_HELPER_1_TYPE_IMMUNE_RESPONSE	1.78503565547	0.0016173911035545605	7
GO_NEGATIVE_REGULATION_OF_EPITHELIAL_TO_MESENCHYMAL_TRANSITION	1.8707655295	1.5186444885467167e-05	12
GO_PHAGOCYTOSIS_ENGULFMENT	1.67812045155	0.0006919065066003159	9
GO_REGULATION_OF_ALPHA_BETA_T_CELL_DIFFERENTIATION	1.22745904254	0.000857836899907134	15
GO_CELL_MATRIX_ADHESION	1.17804684842	1.116784249838231e-06	35
GO_CELLULAR_RESPONSE_TO_INTERLEUKIN_1	0.903680151969	0.003976970055930416	19
GO_RESPONSE_TO_PURINE_CONTAINING_COMPOUND	1.16354727872	1.3582715879068403e-07	42
GO_ORGAN_OR_TISSUE_SPECIFIC_IMMUNE_RESPONSE	1.67812045155	0.005700340728915584	6
GO_ACTOMYOSIN_STRUCTURE_ORGANIZATION	1.17931459458	7.31924986943562e-05	23
GO_REGULATION_OF_MYELOID_LEUKOCYTE_DIFFERENTIATION	1.04424835035	6.570030948119594e-05	29
GO_GLUTATHIONE_DERIVATIVE_METABOLIC_PROCESS	2.05008922894	6.562872182985863e-06	11
GO_REGULATION_OF_RAS_PROTEIN_SIGNAL_TRANSDUCTION	0.535162497712	0.012318813030288119	36
GO_CELL_DIFFERENTIATION_INVOLVED_IN_EMBRYONIC_PLACENTA_DEVELOPMENT	1.35619235667	0.007579723746402422	8
GO_REGULATION_OF_LEUKOCYTE_MIGRATION	1.50528385469	2.534131696423355e-14	55
GO_CELLULAR_DEFENSE_RESPONSE	1.64249654182	6.719212038907858e-07	20
GO_POSITIVE_REGULATION_OF_MAST_CELL_ACTIVATION_INVOLVED_IN_IMMUNE_RESPONSE	2.35619235667	1.176437151809609e-05	8
GO_SMOOTH_MUSCLE_CONTRACTION	1.17562011102	0.003911167687277162	12
GO_NEGATIVE_REGULATION_OF_MYELOID_CELL_DIFFERENTIATION	1.01915736939	0.001435923082470974	19
GO_CELLULAR_RESPONSE_TO_FATTY_ACID	1.32056844694	0.000247985232769641	16
GO_PEPTIDE_SECRETION	1.16354727872	0.002066706368394751	14
GO_REGULATION_OF_NEUROTRANSMITTER_LEVELS	0.710300857303	0.0020262138644930915	34
GO_FATTY_ACID_BIOSYNTHETIC_PROCESS	1.07608443747	5.614337583210977e-05	28
GO_REGULATION_OF_T_CELL_DIFFERENTIATION	0.92965921855	0.0007819010308498217	25
GO_POSITIVE_REGULATION_OF_CELL_ADHESION_MEDIATED_BY_INTEGRIN	1.848045453	0.0002193115437727161	9
GO_REGULATION_OF_CELL_JUNCTION_ASSEMBLY	0.811386982417	0.01230669763321102	17
GO_REGULATION_OF_SYNCYTIUM_FORMATION_BY_PLASMA_MEMBRANE_FUSION	1.67812045155	0.0013874660320845123	8
GO_POSITIVE_REGULATION_OF_CYTOPLASMIC_TRANSPORT	0.556491007152	0.0018740079220554411	54
GO_REGULATION_OF_LYMPHOCYTE_APOPTOTIC_PROCESS	0.961913417554	0.008565461647698627	14
GO_CELL_CELL_SIGNALING_INVOLVED_IN_CARDIAC_CONDUCTION	1.48547537361	0.007005966384989589	7
GO_DECIDUALIZATION	1.39801253236	0.010325407300249393	7
GO_REGULATION_OF_MULTICELLULAR_ORGANISMAL_METABOLIC_PROCESS	1.38266456803	0.0015146893255211212	11
GO_POSITIVE_REGULATION_OF_LIPID_TRANSPORT	1.2996088283	0.0004629393276285767	15
GO_PROTEIN_LOCALIZATION_TO_CELL_SURFACE	1.50819545011	0.003521509075666721	8
GO_NEGATIVE_REGULATION_OF_KINASE_ACTIVITY	0.745234647412	5.238461918074924e-05	55
GO_POSITIVE_REGULATION_OF_TISSUE_REMODELING	1.45572803022	0.0026817022784954773	9
GO_RESPONSE_TO_XENOBIOTIC_STIMULUS	1.56264323413	1.957123101824095e-07	24
GO_REGULATION_OF_INTERLEUKIN_6_BIOSYNTHETIC_PROCESS	1.56264323413	0.009200011836371924	6
GO_REGULATION_OF_PEPTIDE_TRANSPORT	0.938435356034	1.079769552439741e-06	53
GO_RESPONSE_TO_FATTY_ACID	1.22440248411	4.15987893722553e-05	23
GO_POSITIVE_REGULATION_OF_PROTEIN_LOCALIZATION_TO_NUCLEUS	0.704115660087	0.0051091881503935056	28
GO_REGULATION_OF_MONOOXYGENASE_ACTIVITY	1.12012499843	0.0007611768953003486	18
GO_NEGATIVE_REGULATION_OF_TRANSMEMBRANE_RECEPTOR_PROTEIN_SERINE_THREONINE_KINASE_SIGNALING_PATHWAY	0.92965921855	0.0007819010308498217	25
GO_CARDIAC_VENTRICLE_DEVELOPMENT	0.728161134053	0.009935345355081459	22
GO_REGULATION_OF_EPITHELIAL_CELL_DIFFERENTIATION_INVOLVED_IN_KIDNEY_DEVELOPMENT	2.02604375497	0.0004155460704150711	7
GO_REGULATION_OF_LEUKOCYTE_DEGRANULATION	1.67812045155	3.005892500369605e-06	17
GO_RESPONSE_TO_ALKALOID	0.798414685271	0.003161687570521156	25
GO_REGULATION_OF_ISOTYPE_SWITCHING	1.35619235667	0.007579723746402422	8
GO_NEGATIVE_REGULATION_OF_PROTEIN_AUTOPHOSPHORYLATION	1.830123545	0.006726982878945196	5
GO_MUSCLE_ORGAN_DEVELOPMENT	0.959891419969	7.553603427647607e-08	62
GO_NEGATIVE_REGULATION_OF_PROTEOLYSIS	0.645105394326	0.00041176044124340136	54
GO_REGULATION_OF_EPITHELIAL_CELL_PROLIFERATION	1.25708421165	1.221615969163961e-16	90
GO_SPECIFICATION_OF_SYMMETRY	1.1728851433	4.899031351321646e-06	31
GO_EYE_DEVELOPMENT	0.784207709943	3.1680176784216835e-06	67
GO_REGULATION_OF_ORGAN_MORPHOGENESIS	0.607731123662	0.0012163412399884526	50
GO_NEGATIVE_REGULATION_OF_STEM_CELL_DIFFERENTIATION	1.55612992717	1.2791086446378359e-05	17
GO_COLUMNAR_CUBOIDAL_EPITHELIAL_CELL_DEVELOPMENT	1.20863516825	0.0021451100403757422	13
GO_REGULATION_OF_T_HELPER_2_CELL_DIFFERENTIATION	2.16354727872	0.00017476981174423698	7
GO_AMMONIUM_ION_METABOLIC_PROCESS	0.641283683373	0.008451711234621096	29
GO_NEGATIVE_REGULATION_OF_ENDOTHELIAL_CELL_MIGRATION	1.44108125425	0.00021370469234220435	14
GO_REGULATION_OF_BMP_SIGNALING_PATHWAY	1.41508604572	1.1961706697493161e-06	25
GO_MONOCARBOXYLIC_ACID_TRANSPORT	0.826642976264	0.003467366311848892	23
GO_REGULATION_OF_TISSUE_REMODELING	1.44545969476	9.424896201865867e-06	20
GO_POSITIVE_REGULATION_OF_NUCLEOCYTOPLASMIC_TRANSPORT	0.92679956441	0.00025615516244197734	30
GO_NEGATIVE_REGULATION_OF_TRANSFORMING_GROWTH_FACTOR_BETA_RECEPTOR_SIGNALING_PATHWAY	0.990064457868	0.002437018645271563	18
GO_CILIUM_MOVEMENT	1.88457132902	1.0738774118477488e-06	15
GO_NEGATIVE_REGULATION_OF_NERVOUS_SYSTEM_DEVELOPMENT	0.767672036532	3.8633221794339094e-05	54
GO_POSITIVE_REGULATION_OF_PROTEIN_SECRETION	1.16354727872	1.1907946652825229e-09	56
GO_REGULATION_OF_ALCOHOL_BIOSYNTHETIC_PROCESS	1.13379993533	0.005119122201839265	12
GO_CELLULAR_RESPONSE_TO_BIOTIC_STIMULUS	1.07325839339	1.628733574406757e-07	48
GO_NEGATIVE_REGULATION_OF_CELL_DEVELOPMENT	0.99758029085	1.5482627508074805e-09	73
GO_REGULATION_OF_MEMBRANE_DEPOLARIZATION	1.1833557598	0.005396623618761606	11
GO_REGULATION_OF_PHAGOCYTOSIS	1.48908662716	3.696336503752968e-07	25
GO_NEGATIVE_REGULATION_OF_CELL_ACTIVATION	1.36186110675	2.1652464444090357e-11	51
GO_RESPONSE_TO_PROSTAGLANDIN_E	1.52611735811	0.0017765799715824026	9
GO_METANEPHROS_MORPHOGENESIS	1.52611735811	0.0017765799715824026	9
GO_CELLULAR_MODIFIED_AMINO_ACID_METABOLIC_PROCESS	0.678120451554	0.001202192978498528	41
GO_CYTOKINE_PRODUCTION	1.10826484322	1.0173499062031857e-05	32
GO_REGULATION_OF_ADENYLATE_CYCLASE_ACTIVITY	0.993622277282	0.0069352003862947435	14
GO_REGULATION_OF_MAST_CELL_ACTIVATION	1.48547537361	0.00014357415684012736	14
GO_CALCIUM_MEDIATED_SIGNALING	1.05008922894	0.00045074234670639175	22
GO_REGULATION_OF_PSEUDOPODIUM_ASSEMBLY	1.94115485739	0.0017182495620398672	6
GO_REGULATION_OF_CHEMOKINE_SECRETION	2.45572803022	8.782822594849258e-05	6
GO_ACTIN_FILAMENT_BUNDLE_ORGANIZATION	1.2996088283	0.0004629393276285767	15
GO_NEGATIVE_REGULATION_OF_CELL_CELL_ADHESION	1.29420546977	9.943584547246146e-09	41
GO_PROSTANOID_BIOSYNTHETIC_PROCESS	2.09315795083	1.1997106801422975e-05	10
GO_NEGATIVE_REGULATION_OF_EPITHELIAL_CELL_PROLIFERATION	1.35619235667	8.563251021868463e-09	38
GO_POSITIVE_REGULATION_OF_INTERFERON_GAMMA_PRODUCTION	1.06514357466	0.0017030367714342385	17
GO_REGULATION_OF_LEUKOCYTE_DIFFERENTIATION	1.03811658727	1.3643900262981051e-08	60
GO_EAR_DEVELOPMENT	0.779049360404	0.0005074969582869704	37
GO_REGULATION_OF_MACROPHAGE_DERIVED_FOAM_CELL_DIFFERENTIATION	1.67812045155	0.00034683109957076074	10
GO_REACTIVE_OXYGEN_SPECIES_BIOSYNTHETIC_PROCESS	1.67812045155	0.00034683109957076074	10
GO_REGULATION_OF_METAL_ION_TRANSPORT	0.870765529496	1.6873709078740187e-07	70
GO_REGULATION_OF_CATION_CHANNEL_ACTIVITY	0.965402403634	0.00300348566722386	18
GO_POSITIVE_REGULATION_OF_RESPONSE_TO_EXTERNAL_STIMULUS	1.2996088283	1.3795141046097292e-17	90
GO_REGULATION_OF_CELL_SIZE	0.678120451554	0.001777138656534402	38
GO_RENAL_VESICLE_DEVELOPMENT	1.830123545	0.006726982878945196	5
GO_HOMOPHILIC_CELL_ADHESION_VIA_PLASMA_MEMBRANE_ADHESION_MOLECULES	1.27602200798	2.8199861682474085e-06	28
GO_ADAPTIVE_IMMUNE_RESPONSE	1.28176751554	2.5072360334420117e-13	68
GO_MAMMARY_GLAND_EPITHELIUM_DEVELOPMENT	1.31133812088	7.404548924546875e-05	19
GO_ANATOMICAL_STRUCTURE_REGRESSION	1.67812045155	0.011735716195692691	5
GO_POSITIVE_REGULATION_OF_LEUKOCYTE_MIGRATION	1.48108360449	9.277035817088035e-11	41
GO_REGULATION_OF_PHOSPHATIDYLINOSITOL_3_KINASE_SIGNALING	1.10657846659	3.0109386413116418e-06	36
GO_NEGATIVE_REGULATION_OF_ENDOTHELIAL_CELL_PROLIFERATION	1.7776561251	3.8073599697279885e-06	15
GO_EYE_MORPHOGENESIS	0.841619183836	0.00113234085651454	28
GO_POSITIVE_REGULATION_OF_COAGULATION	1.52611735811	0.0017765799715824026	9
GO_REGULATION_OF_T_HELPER_1_TYPE_IMMUNE_RESPONSE	1.752121033	0.00020158820369067603	10
GO_SMOOTH_MUSCLE_CELL_DIFFERENTIATION	1.56264323413	0.00023198391707939228	12
GO_BLOOD_COAGULATION_INTRINSIC_PATHWAY	1.67812045155	0.002800446757265683	7
GO_REGULATION_OF_RHO_PROTEIN_SIGNAL_TRANSDUCTION	0.823971318017	0.002019638328270849	26
GO_ODONTOGENESIS	1.26931490599	2.1041902396411882e-06	29
GO_POSITIVE_REGULATION_OF_SMOOTHENED_SIGNALING_PATHWAY	1.43019293811	0.005258466236734713	8
GO_DETECTION_OF_MECHANICAL_STIMULUS	1.24516104428	0.00556500543983073	10
GO_POSITIVE_REGULATION_OF_INTERLEUKIN_13_PRODUCTION	2.02604375497	0.0004155460704150711	7
GO_REGULATION_OF_MACROPHAGE_CHEMOTAXIS	1.67812045155	0.002800446757265683	7
GO_ACTION_POTENTIAL	1.00004854644	0.0013081753263200616	20
GO_REGULATION_OF_ASTROCYTE_DIFFERENTIATION	1.38861383436	0.003915843756455175	9
GO_PROTEIN_HETEROTRIMERIZATION	1.97768073341	0.00021572306466860347	8
GO_REGULATION_OF_SYSTEMIC_ARTERIAL_BLOOD_PRESSURE_BY_RENIN_ANGIOTENSIN	1.77122985595	0.0008033887879146119	8
GO_REGULATION_OF_CYTOSOLIC_CALCIUM_ION_CONCENTRATION	1.13137727306	1.517937838654907e-08	51
GO_ORGANIC_ACID_BIOSYNTHETIC_PROCESS	0.628489683829	0.000868558342609462	50
GO_NEGATIVE_REGULATION_OF_COAGULATION	1.90051287289	5.567257433806077e-09	21
GO_CARDIAC_CHAMBER_MORPHOGENESIS	1.17562011102	6.630332152964708e-06	30
GO_NEGATIVE_REGULATION_OF_KIDNEY_DEVELOPMENT	1.56264323413	0.009200011836371924	6
GO_REGULATION_OF_CATION_TRANSMEMBRANE_TRANSPORT	0.824669114907	7.175285832364724e-05	44
GO_TRABECULA_FORMATION	1.52611735811	0.0017765799715824026	9
GO_POSITIVE_REGULATION_OF_NUCLEOTIDE_METABOLIC_PROCESS	0.941154857387	0.0004279555660816231	27
GO_DEFENSE_RESPONSE_TO_VIRUS	0.638592087367	0.011049853099966974	27
GO_RESPONSE_TO_ACID_CHEMICAL	1.00239248691	4.676848596765121e-10	77
GO_NEGATIVE_REGULATION_OF_WOUND_HEALING	1.73952099622	9.461793338948147e-09	24
GO_CELL_CHEMOTAXIS	1.58190513629	2.5384246004414525e-16	58
GO_ALPHA_BETA_T_CELL_DIFFERENTIATION	1.30615167417	0.00018466265737225447	17
GO_MESODERM_MORPHOGENESIS	1.09315795083	0.0009771500235217718	18
GO_RHO_PROTEIN_SIGNAL_TRANSDUCTION	1.25185569685	0.00046773227198749394	16
GO_POSITIVE_REGULATION_OF_DEVELOPMENTAL_GROWTH	0.745234647412	0.0015217744125998304	33
GO_REGULATED_EXOCYTOSIS	1.20130675469	9.196610108076726e-11	60
GO_ORGAN_REGENERATION	1.26308295227	5.149433381729919e-06	27
GO_BENZENE_CONTAINING_COMPOUND_METABOLIC_PROCESS	1.48547537361	0.007005966384989589	7
GO_REGULATION_OF_GLIAL_CELL_DIFFERENTIATION	1.19269362438	0.0011438703203597888	15
GO_ARTERY_DEVELOPMENT	1.47001225622	6.257798631522266e-08	29
GO_REGULATION_OF_CHEMOKINE_PRODUCTION	1.39801253236	1.0542352663964117e-05	21
GO_MAMMARY_GLAND_MORPHOGENESIS	1.59565829136	8.088727284464956e-06	17
GO_REGULATION_OF_REACTIVE_OXYGEN_SPECIES_BIOSYNTHETIC_PROCESS	1.16715853228	0.00024163282851432586	20
GO_POSITIVE_REGULATION_OF_FATTY_ACID_METABOLIC_PROCESS	1.84161918384	4.0166769203889645e-06	14
GO_NEGATIVE_REGULATION_OF_RESPONSE_TO_EXTERNAL_STIMULUS	1.01069579064	3.6679478206649566e-09	68
GO_REGULATION_OF_CARBOHYDRATE_METABOLIC_PROCESS	0.689091569375	0.0030104866409427313	33
GO_POSITIVE_REGULATION_OF_METANEPHROS_DEVELOPMENT	1.80365133364	0.003281493751885215	6
GO_POSITIVE_REGULATION_OF_LYMPHOCYTE_MEDIATED_IMMUNITY	1.35619235667	1.1416123481837415e-05	22
GO_REGULATION_OF_T_CELL_CHEMOTAXIS	1.67812045155	0.011735716195692691	5
GO_REGULATION_OF_TRANSFORMING_GROWTH_FACTOR_BETA_PRODUCTION	1.38861383436	0.003915843756455175	9
GO_REGULATION_OF_BLOOD_VESSEL_ENDOTHELIAL_CELL_MIGRATION	1.1545584955	0.0010990828569860714	16
GO_POSITIVE_REGULATION_OF_STEM_CELL_DIFFERENTIATION	1.15874629246	0.0015060871319417374	15
GO_HEART_VALVE_DEVELOPMENT	1.14206755131	0.009826897409917476	10
GO_REGULATION_OF_ENDOTHELIAL_CELL_PROLIFERATION	1.44463032133	1.7914327930977874e-09	37
GO_REGULATION_OF_INTERLEUKIN_12_PRODUCTION	1.40248600894	2.6157949569343753e-05	19
GO_REGULATION_OF_INFLAMMATORY_RESPONSE_TO_ANTIGENIC_STIMULUS	1.56264323413	0.009200011836371924	6
GO_MUSCLE_CELL_DEVELOPMENT	0.752121032997	0.004990466782639587	25
GO_PURINE_RIBONUCLEOSIDE_BISPHOSPHATE_METABOLIC_PROCESS	1.56264323413	0.009200011836371924	6
GO_REGULATION_OF_IMMUNOGLOBULIN_PRODUCTION	1.33708353372	0.00033250955814239134	15
GO_REGULATION_OF_OSSIFICATION	1.08296218373	1.7403982990906573e-07	47
GO_AXONEMAL_DYNEIN_COMPLEX_ASSEMBLY	1.8707655295	0.00043433544990298265	8
GO_POSITIVE_REGULATION_OF_LIPID_BIOSYNTHETIC_PROCESS	1.09315795083	0.0013383176681480207	17
GO_REGULATION_OF_VASCULATURE_DEVELOPMENT	1.46310756058	3.887534733437049e-20	84
GO_REGULATION_OF_VASOCONSTRICTION	1.34108546428	5.3051567660266724e-05	19
GO_NEGATIVE_REGULATION_OF_B_CELL_ACTIVATION	1.2996088283	0.004064888360443431	10
GO_COMPLEMENT_ACTIVATION	1.7655832928	9.981122658600952e-07	17
GO_EMBRYONIC_HEART_TUBE_MORPHOGENESIS	1.20418926322	0.00033954359542332825	18
GO_NEGATIVE_REGULATION_OF_RESPONSE_TO_CYTOKINE_STIMULUS	1.39801253236	0.0003113976552333732	14
GO_CELLULAR_RESPONSE_TO_VITAMIN	1.61399011413	0.00028751354826440044	11
GO_RESPIRATORY_SYSTEM_DEVELOPMENT	1.30308102021	5.742601398002185e-13	64
GO_DIGESTIVE_TRACT_MORPHOGENESIS	1.12792336899	0.0026935275742493705	14
GO_MAMMARY_GLAND_DEVELOPMENT	1.10737181005	5.531782302717997e-06	34
GO_EPITHELIAL_CELL_DIFFERENTIATION_INVOLVED_IN_KIDNEY_DEVELOPMENT	1.91912855106	3.963663975429019e-06	13
GO_MEMBRANE_INVAGINATION	1.24516104428	0.00556500543983073	10
GO_NEGATIVE_REGULATION_OF_INTERLEUKIN_17_PRODUCTION	1.67812045155	0.011735716195692691	5
GO_CYCLIC_NUCLEOTIDE_BIOSYNTHETIC_PROCESS	1.35619235667	0.007579723746402422	8
GO_POSITIVE_REGULATION_OF_EMBRYONIC_DEVELOPMENT	1.24516104428	0.00556500543983073	10
GO_POSITIVE_REGULATION_OF_PEPTIDYL_TYROSINE_PHOSPHORYLATION	1.24071513925	2.399861209480566e-09	48
GO_CATECHOLAMINE_METABOLIC_PROCESS	1.94115485739	7.590286027987923e-06	12
GO_REGULATION_OF_PODOSOME_ASSEMBLY	1.8707655295	0.00043433544990298265	8
GO_RESPONSE_TO_CORTICOSTEROID	1.24616956934	3.059209885997647e-10	53
GO_CELL_ACTIVATION_INVOLVED_IN_IMMUNE_RESPONSE	0.896760738029	0.0002475710217571525	32
GO_RESPONSE_TO_CAFFEINE	1.48547537361	0.007005966384989589	7
GO_REGULATION_OF_REACTIVE_OXYGEN_SPECIES_METABOLIC_PROCESS	0.948768041497	2.8631449185900848e-05	38
GO_NEGATIVE_REGULATION_OF_CATION_TRANSMEMBRANE_TRANSPORT	0.952295414993	0.011768245762647078	13
GO_POSITIVE_REGULATION_OF_REGULATED_SECRETORY_PATHWAY	1.5406169278	4.83970015288375e-05	15
GO_NEGATIVE_REGULATION_OF_ESTABLISHMENT_OF_PROTEIN_LOCALIZATION	0.641594575528	0.0025464412388940174	39
GO_DIVALENT_INORGANIC_CATION_TRANSPORT	0.632796461044	0.0011394819514865327	47
GO_ADHERENS_JUNCTION_ASSEMBLY	1.13755207019	0.00708224225528565	11
GO_REGENERATION	1.14639997211	5.2985470104463235e-08	46
GO_REGULATION_OF_CD4_POSITIVE_ALPHA_BETA_T_CELL_ACTIVATION	1.5906576103	1.5785002204251625e-05	16
GO_SECONDARY_METABOLIC_PROCESS	1.35619235667	0.002902870983444516	10
GO_POSITIVE_REGULATION_OF_MYELOID_LEUKOCYTE_DIFFERENTIATION	1.12557942852	0.001959501335992471	15
GO_NEGATIVE_REGULATION_OF_CELL_GROWTH	0.906389439227	3.0459321549697223e-05	41
GO_NEGATIVE_REGULATION_OF_CYTOKINE_SECRETION	1.48547537361	0.00014357415684012736	14
GO_POSITIVE_REGULATION_OF_EPITHELIAL_CELL_DIFFERENTIATION	1.35619235667	0.0001766374798377882	16
GO_PROTEIN_TRIMERIZATION	1.42436385931	0.000410848032430368	13
GO_REGULATION_OF_BONE_RESORPTION	1.20418926322	0.010353674518635576	9
GO_B_CELL_PROLIFERATION	1.67812045155	0.00034683109957076074	10
GO_DETECTION_OF_MOLECULE_OF_BACTERIAL_ORIGIN	1.67812045155	0.011735716195692691	5
GO_STEROL_TRANSPORT	1.09315795083	0.0066061282822552055	12
GO_POSITIVE_REGULATION_OF_ENDOTHELIAL_CELL_DIFFERENTIATION	1.97768073341	0.00021572306466860347	8
GO_ADAPTIVE_IMMUNE_RESPONSE_BASED_ON_SOMATIC_RECOMBINATION_OF_IMMUNE_RECEPTORS_BUILT_FROM_IMMUNOGLOBULIN_SUPERFAMILY_DOMAINS	1.43195986428	1.2459313035904148e-10	43
GO_REGULATION_OF_GASTRULATION	1.84161918384	4.0166769203889645e-06	14
GO_REGULATION_OF_PROTEIN_TARGETING	0.516965659739	0.003223762214553219	55
GO_RENAL_SYSTEM_PROCESS_INVOLVED_IN_REGULATION_OF_SYSTEMIC_ARTERIAL_BLOOD_PRESSURE	1.90051287289	0.0008626467749358958	7
GO_POSITIVE_REGULATION_OF_CALCIUM_ION_TRANSPORT_INTO_CYTOSOL	0.986242746916	0.00954537054699956	13
GO_REGULATION_OF_LIPID_BIOSYNTHETIC_PROCESS	0.706134827723	0.006669804176620006	26
GO_RESPONSE_TO_INSULIN	0.537257915714	0.009262750291797246	39
GO_POSITIVE_REGULATION_OF_CELL_MORPHOGENESIS_INVOLVED_IN_DIFFERENTIATION	0.667551209843	0.0034057695045716075	34
GO_POSITIVE_REGULATION_OF_SEQUENCE_SPECIFIC_DNA_BINDING_TRANSCRIPTION_FACTOR_ACTIVITY	0.545095032923	0.0054189375916251035	44
GO_POSITIVE_REGULATION_OF_ENDOTHELIAL_CELL_PROLIFERATION	1.27094507005	2.281868124845768e-05	23
GO_POSITIVE_REGULATION_OF_LEUKOCYTE_DIFFERENTIATION	1.10621410366	2.222105046489141e-06	37
GO_INDOLE_CONTAINING_COMPOUND_METABOLIC_PROCESS	1.77122985595	0.0008033887879146119	8
GO_CELL_CELL_JUNCTION_ASSEMBLY	1.48547537361	7.965342906255839e-08	28
GO_CELLULAR_RESPONSE_TO_CAMP	1.05362958665	0.008413619061155215	12
GO_ANTIMICROBIAL_HUMORAL_RESPONSE	1.39801253236	0.010325407300249393	7
GO_REGULATION_OF_NEUTROPHIL_CHEMOTAXIS	1.67812045155	0.00017458633200898482	11
GO_LYMPHANGIOGENESIS	1.830123545	0.006726982878945196	5
GO_POSITIVE_REGULATION_OF_TRANSPORTER_ACTIVITY	1.18779482497	0.00013503678124092032	21
GO_PEPTIDYL_TYROSINE_MODIFICATION	0.875157298613	1.556877027725776e-05	47
GO_REGULATION_OF_PLASMA_LIPOPROTEIN_PARTICLE_LEVELS	1.5406169278	4.83970015288375e-05	15
GO_POSITIVE_REGULATION_OF_PROTEIN_MATURATION	2.14760573485	2.1479274105956922e-05	9
GO_ARTERY_MORPHOGENESIS	1.50819545011	4.199058821829746e-06	20
GO_CELLULAR_RESPONSE_TO_ALCOHOL	0.723924141167	0.00759372890797881	24
GO_REGULATION_OF_CARDIAC_MUSCLE_CELL_MEMBRANE_REPOLARIZATION	1.48547537361	0.007005966384989589	7
GO_NEGATIVE_REGULATION_OF_CATION_CHANNEL_ACTIVITY	1.5406169278	0.0008990534768486019	10
GO_POSITIVE_REGULATION_OF_TRANSMEMBRANE_RECEPTOR_PROTEIN_SERINE_THREONINE_KINASE_SIGNALING_PATHWAY	1.46180254463	5.577134622745171e-09	34
GO_REGULATION_OF_AXONOGENESIS	0.783613580401	0.000339405638385827	39
GO_REGULATION_OF_INFLAMMATORY_RESPONSE	1.29309552134	1.5108355315967446e-16	85
GO_REGULATION_OF_MEMBRANE_INVAGINATION	1.56264323413	0.009200011836371924	6
GO_REGULATION_OF_EXTENT_OF_CELL_GROWTH	0.925213313518	0.000519207617137509	27
GO_REGULATION_OF_EXOCYTOSIS	0.844581597692	0.00013065575343826865	39
GO_PRODUCTION_OF_MOLECULAR_MEDIATOR_INVOLVED_IN_INFLAMMATORY_RESPONSE	2.16354727872	0.00017476981174423698	7
GO_RESPONSE_TO_TRANSFORMING_GROWTH_FACTOR_BETA	1.27758252197	3.984234028091771e-10	50
GO_TOXIN_METABOLIC_PROCESS	2.09315795083	0.0007921617118536213	6
GO_LIPOXYGENASE_PATHWAY	2.02604375497	0.0004155460704150711	7
GO_POSITIVE_REGULATION_OF_MYELOID_CELL_DIFFERENTIATION	1.00826905325	0.0007044619310206907	22
GO_POSITIVE_REGULATION_OF_VASOCONSTRICTION	1.49369588042	0.0007002488764641521	11
GO_POSITIVE_REGULATION_OF_ACTIN_FILAMENT_POLYMERIZATION	0.92323294939	0.006826897959821258	16
GO_LEUKOCYTE_CELL_CELL_ADHESION	0.650639715131	0.0004730112479100361	52
GO_B_CELL_ACTIVATION	0.774796470965	0.002853436838051343	27
GO_POSITIVE_REGULATION_OF_CYTOKINE_SECRETION	1.39518648828	1.52087432751346e-07	30
GO_REGULATION_OF_TYROSINE_PHOSPHORYLATION_OF_STAT1_PROTEIN	1.77122985595	0.0008033887879146119	8
GO_REGULATION_OF_TOLL_LIKE_RECEPTOR_SIGNALING_PATHWAY	1.18626735522	0.0008366866276134108	16
GO_REGULATION_OF_INTERLEUKIN_1_PRODUCTION	1.05921061891	0.004415658510561912	14
GO_PURINERGIC_NUCLEOTIDE_RECEPTOR_SIGNALING_PATHWAY	1.91258570519	5.7393900411283874e-05	10
GO_REGULATION_OF_DEVELOPMENTAL_GROWTH	0.90400185897	7.786019864324075e-08	69
GO_DIGESTIVE_SYSTEM_DEVELOPMENT	1.44734024472	4.026248901051416e-12	49
GO_ENDODERMAL_CELL_DIFFERENTIATION	1.45572803022	0.00011109724307632428	15
GO_METANEPHRIC_MESENCHYME_DEVELOPMENT	1.67812045155	0.005700340728915584	6
GO_NEURAL_CREST_CELL_DIFFERENTIATION	1.44782283213	4.310241872164791e-07	26
GO_MACROPHAGE_ACTIVATION	1.62749437848	3.756529476074379e-05	14
GO_POSITIVE_REGULATION_OF_ERK1_AND_ERK2_CASCADE	1.09315795083	8.42505863867907e-07	41
GO_POSITIVE_REGULATION_OF_CALCIUM_ION_TRANSMEMBRANE_TRANSPORT	1.21099444113	0.00046218922592013254	17
GO_POSITIVE_REGULATION_OF_DENDRITE_DEVELOPMENT	0.907602297676	0.00607292271874442	17
GO_CELL_COMMUNICATION_INVOLVED_IN_CARDIAC_CONDUCTION	1.19269362438	0.007464333636000715	10
GO_POSITIVE_REGULATION_OF_TYROSINE_PHOSPHORYLATION_OF_STAT5_PROTEIN	1.56264323413	0.009200011836371924	6
GO_POSITIVE_REGULATION_OF_SMOOTH_MUSCLE_CELL_MIGRATION	1.67812045155	2.2687536262823042e-05	14
GO_AMMONIUM_TRANSPORT	1.05921061891	0.004415658510561912	14
GO_REGULATION_OF_PEPTIDE_SECRETION	0.813775550911	0.00021306127747282622	39
GO_BONE_DEVELOPMENT	0.642496541823	0.007396327175558587	30
GO_PANCREAS_DEVELOPMENT	1.52925706564	5.8733458043406e-07	23
GO_PEPTIDYL_TYROSINE_AUTOPHOSPHORYLATION	1.37555768153	0.00023493742650602215	15
GO_REGULATION_OF_CELL_SHAPE	1.09315795083	6.222349574694435e-07	42
GO_POSITIVE_REGULATION_OF_SMAD_PROTEIN_IMPORT_INTO_NUCLEUS	1.80365133364	0.003281493751885215	6
GO_REGULATION_OF_STEM_CELL_PROLIFERATION	1.24071513925	2.2949620476144744e-05	24
GO_REGULATION_OF_ENDOTHELIAL_CELL_DIFFERENTIATION	1.6192267625	0.00014553356366810562	12
GO_REGULATION_OF_B_CELL_MEDIATED_IMMUNITY	1.63081473678	1.9142970748783262e-05	15
GO_REGULATION_OF_ENDOCRINE_PROCESS	1.24516104428	0.00556500543983073	10
GO_CELLULAR_RESPONSE_TO_RETINOIC_ACID	1.03766283824	0.002147803935263708	17
GO_POSITIVE_REGULATION_OF_STEROID_METABOLIC_PROCESS	1.50819545011	0.003521509075666721	8
GO_MAMMARY_GLAND_LOBULE_DEVELOPMENT	1.48547537361	0.007005966384989589	7
GO_POSITIVE_REGULATION_OF_PRODUCTION_OF_MOLECULAR_MEDIATOR_OF_IMMUNE_RESPONSE	1.49369588042	1.7234403322118888e-06	22
GO_CALCIUM_ION_TRANSPORT	0.571921047722	0.008225057604889065	36
GO_EMBRYO_IMPLANTATION	1.30888664189	0.0015842851138234638	12
GO_TISSUE_REGENERATION	1.05362958665	0.008413619061155215	12
GO_REGULATION_OF_SMALL_GTPASE_MEDIATED_SIGNAL_TRANSDUCTION	0.678120451554	8.053308358862483e-05	62
GO_POSITIVE_REGULATION_OF_NEURON_DIFFERENTIATION	0.894514132269	8.35627448436198e-08	70
GO_REGULATION_OF_PROTEIN_ACTIVATION_CASCADE	1.96191341755	1.0053331688558342e-06	14
GO_RESPONSE_TO_COLD	1.05008922894	0.011658182640296581	11
GO_AORTA_MORPHOGENESIS	1.60011793955	0.0011331929792354483	9
GO_REGULATION_OF_INTERLEUKIN_2_PRODUCTION	1.05921061891	0.004415658510561912	14
GO_REGULATION_OF_PHOSPHOLIPID_METABOLIC_PROCESS	1.38533870233	1.9903270425484058e-05	20
GO_REGULATION_OF_PHOSPHATIDYLINOSITOL_3_KINASE_ACTIVITY	1.48547537361	0.00014357415684012736	14
GO_CELL_JUNCTION_ORGANIZATION	1.25997704141	2.8832004114327653e-11	58
GO_ENDOCARDIAL_CUSHION_MORPHOGENESIS	1.43019293811	0.005258466236734713	8
GO_BLOOD_VESSEL_REMODELING	1.72703005203	6.7470807292473235e-06	15
GO_RESPONSE_TO_TEMPERATURE_STIMULUS	1.02959282205	9.00972618765025e-06	37
GO_AMEBOIDAL_TYPE_CELL_MIGRATION	1.06988817151	1.354970442153789e-06	41
GO_POSITIVE_REGULATION_OF_IMMUNOGLOBULIN_PRODUCTION	1.79359766897	1.4598614643816825e-05	13
GO_POSITIVE_REGULATION_OF_NF_KAPPAB_IMPORT_INTO_NUCLEUS	1.8156239753	5.634530779267842e-05	11
GO_REGULATION_OF_PROTEIN_MATURATION	1.43933359197	8.18716246616884e-07	25
GO_HUMORAL_IMMUNE_RESPONSE_MEDIATED_BY_CIRCULATING_IMMUNOGLOBULIN	1.88457132902	1.0738774118477488e-06	15
GO_REGULATION_OF_CGMP_METABOLIC_PROCESS	1.39801253236	0.010325407300249393	7
GO_REGULATION_OF_SYSTEMIC_ARTERIAL_BLOOD_PRESSURE	1.62367266753	2.041426371004387e-08	26
GO_POSITIVE_REGULATION_OF_B_CELL_ACTIVATION	1.15728828825	9.588708875496396e-05	23
GO_POSITIVE_REGULATION_OF_GLIOGENESIS	1.09315795083	0.0066061282822552055	12
GO_POSITIVE_REGULATION_OF_ENDOTHELIAL_CELL_APOPTOTIC_PROCESS	2.02604375497	0.0004155460704150711	7
GO_REGULATION_OF_MHC_CLASS_II_BIOSYNTHETIC_PROCESS	2.02604375497	0.0004155460704150711	7
GO_CELL_MIGRATION_INVOLVED_IN_SPROUTING_ANGIOGENESIS	1.78503565547	0.0016173911035545605	7
GO_DETOXIFICATION	1.44679490545	2.0092056374842794e-06	23
GO_POSITIVE_REGULATION_OF_MUSCLE_CELL_DIFFERENTIATION	0.796764948052	0.009452850017859884	19
GO_POSITIVE_REGULATION_OF_SMOOTH_MUSCLE_CELL_PROLIFERATION	1.40963161563	5.575697362324795e-06	22
GO_POSITIVE_REGULATION_OF_FATTY_ACID_OXIDATION	1.56264323413	0.009200011836371924	6
GO_POSITIVE_REGULATION_OF_TYROSINE_PHOSPHORYLATION_OF_STAT3_PROTEIN	1.8707655295	5.57839473014593e-07	16
GO_REGULATION_OF_TOLL_LIKE_RECEPTOR_4_SIGNALING_PATHWAY	1.5906576103	0.0022639079337933433	8
GO_REGULATION_OF_MUSCLE_CELL_DIFFERENTIATION	0.768318260525	0.0011368855828563652	33
GO_REGULATION_OF_GLOMERULAR_FILTRATION	1.94115485739	0.0017182495620398672	6
GO_MYELOID_LEUKOCYTE_ACTIVATION	1.22745904254	2.8502959848020338e-06	30
GO_PURINERGIC_RECEPTOR_SIGNALING_PATHWAY	1.67812045155	0.00017458633200898482	11
GO_SMOOTH_MUSCLE_TISSUE_DEVELOPMENT	1.39801253236	0.010325407300249393	7
GO_LEUKOCYTE_PROLIFERATION	1.21868883292	3.0763482487900914e-05	24
GO_RECEPTOR_METABOLIC_PROCESS	0.912585705191	0.002933615210529067	20
GO_EPITHELIAL_CELL_CELL_ADHESION	1.90051287289	0.0008626467749358958	7
GO_ACTIVATION_OF_ADENYLATE_CYCLASE_ACTIVITY	1.14206755131	0.009826897409917476	10
GO_REGULATION_OF_HETEROTYPIC_CELL_CELL_ADHESION	1.56264323413	0.009200011836371924	6
GO_TRANSFORMING_GROWTH_FACTOR_BETA_RECEPTOR_SIGNALING_PATHWAY	1.14206755131	1.1277209337490324e-05	30
GO_REGULATION_OF_INTERLEUKIN_10_PRODUCTION	1.13063265625	0.003709341751678284	13
GO_NEGATIVE_REGULATION_OF_SECRETION	0.881653845639	8.763212479691169e-05	38
GO_REGULATION_OF_OSTEOCLAST_DIFFERENTIATION	1.49369588042	1.7234403322118888e-06	22
GO_CELL_SUBSTRATE_JUNCTION_ASSEMBLY	1.20007315475	0.0015655112921347319	14
GO_REGULATION_OF_BIOMINERAL_TISSUE_DEVELOPMENT	1.51462171927	2.4352725401321493e-07	25
GO_RESPONSE_TO_FUNGUS	1.67812045155	2.2687536262823042e-05	14
GO_POSITIVE_REGULATION_OF_WOUND_HEALING	1.05663207481	0.0060882628320919055	13
GO_REGULATION_OF_CELLULAR_RESPONSE_TO_TRANSFORMING_GROWTH_FACTOR_BETA_STIMULUS	1.07608443747	5.614337583210977e-05	28
GO_REGULATION_OF_LEUKOCYTE_MEDIATED_CYTOTOXICITY	1.19269362438	0.0011438703203597888	15
GO_RECEPTOR_MEDIATED_ENDOCYTOSIS	1.03426426178	4.5474696018404065e-08	56
GO_SECOND_MESSENGER_MEDIATED_SIGNALING	1.05663207481	3.1320301177650936e-06	39
GO_UROGENITAL_SYSTEM_DEVELOPMENT	1.2691067399	6.634804570059556e-17	90
GO_POSITIVE_REGULATION_OF_STEM_CELL_PROLIFERATION	1.21868883292	0.0006294863374682563	16
GO_POSITIVE_REGULATION_OF_PHAGOCYTOSIS	1.26308295227	0.0006347204363216158	15
GO_EMBRYONIC_HINDLIMB_MORPHOGENESIS	1.28580302877	0.010593890804159492	8
GO_NEGATIVE_REGULATION_OF_ION_TRANSPORT	0.820139456426	0.0030570669924913038	24
GO_FAT_CELL_DIFFERENTIATION	0.723924141167	0.00759372890797881	24
GO_NEGATIVE_REGULATION_OF_AXONOGENESIS	0.932693278639	0.005007226697172724	17
GO_DENDRITE_DEVELOPMENT	0.982975033082	0.0011870097611270801	21
GO_EMBRYONIC_ORGAN_MORPHOGENESIS	0.867276543416	1.6644906451403205e-06	59
GO_RESPONSE_TO_AMINO_ACID	0.803651333637	0.0035929384250073726	24
GO_REGULATION_OF_FEVER_GENERATION	2.16354727872	0.00017476981174423698	7
GO_GLUTATHIONE_METABOLIC_PROCESS	1.35619235667	7.056569749990821e-05	18
GO_NEGATIVE_REGULATION_OF_CELL_ADHESION	1.31091147737	5.26230883493304e-14	69
GO_POSITIVE_REGULATION_OF_FATTY_ACID_BIOSYNTHETIC_PROCESS	2.02604375497	0.0004155460704150711	7
GO_NEGATIVE_REGULATION_OF_PEPTIDASE_ACTIVITY	0.931568808558	7.790181592069904e-06	45
GO_POSITIVE_REGULATION_OF_MUSCLE_CONTRACTION	1.27957107506	0.002975462465453345	11
GO_POSITIVE_REGULATION_OF_GLIAL_CELL_DIFFERENTIATION	1.38861383436	0.003915843756455175	9
GO_CARDIAC_MUSCLE_CELL_ACTION_POTENTIAL	1.09315795083	0.012718416943883171	10
GO_STEM_CELL_DIFFERENTIATION	1.3808544109	3.014345376599536e-13	59
GO_ENDOCARDIAL_CUSHION_DEVELOPMENT	1.40510195715	0.0007892637763816322	12
GO_MOTILE_CILIUM_ASSEMBLY	1.80365133364	0.003281493751885215	6
GO_UNSATURATED_FATTY_ACID_BIOSYNTHETIC_PROCESS	1.88962455675	2.9269846211999616e-09	22
GO_RESPONSE_TO_CALCIUM_ION	0.996942635573	0.0001267592230160363	29
GO_MYOFIBRIL_ASSEMBLY	1.16910680407	0.002840522493520858	13
GO_REGULATION_OF_MACROPHAGE_ACTIVATION	1.45572803022	0.0026817022784954773	9
GO_REGULATION_OF_OSTEOBLAST_DIFFERENTIATION	1.12353159988	7.922340556924635e-06	32
GO_REGULATION_OF_CHEMOKINE_BIOSYNTHETIC_PROCESS	1.67812045155	0.011735716195692691	5
GO_GRANULOCYTE_ACTIVATION	1.67812045155	0.0013874660320845123	8
GO_REGULATION_OF_LIPID_METABOLIC_PROCESS	0.749459233274	3.535311121903899e-05	57
GO_CALCIUM_INDEPENDENT_CELL_CELL_ADHESION_VIA_PLASMA_MEMBRANE_CELL_ADHESION_MOLECULES	1.67812045155	0.005700340728915584	6
GO_REGULATION_OF_POTASSIUM_ION_TRANSMEMBRANE_TRANSPORTER_ACTIVITY	1.33416605034	0.0008407293420193847	13
GO_RESPONSE_TO_CAMP	0.870765529496	0.0027842864244113333	22
GO_REGULATION_OF_BLOOD_PRESSURE	1.5858619437	4.232768280700531e-15	53
GO_REGULATION_OF_TYPE_2_IMMUNE_RESPONSE	1.91912855106	3.963663975429019e-06	13
GO_AORTA_DEVELOPMENT	1.37555768153	0.00023493742650602215	15
GO_REGULATION_OF_EMBRYONIC_DEVELOPMENT	1.13896164045	6.136263641566365e-06	32
GO_MACROMOLECULAR_COMPLEX_REMODELING	1.97768073341	0.00021572306466860347	8
GO_POSITIVE_REGULATION_OF_LEUKOCYTE_CHEMOTAXIS	1.63630027586	1.0310764744119787e-10	34
GO_KIDNEY_EPITHELIUM_DEVELOPMENT	1.41788467907	1.8177219648246822e-10	43
GO_NEGATIVE_REGULATION_OF_INTRACELLULAR_TRANSPORT	0.7023679978	0.00391959684038724	30
GO_CELLULAR_RESPONSE_TO_CALCIUM_ION	1.13063265625	0.003709341751678284	13
GO_REGULATION_OF_TUMOR_NECROSIS_FACTOR_BIOSYNTHETIC_PROCESS	1.578584778	0.004547872480493041	7
GO_NEGATIVE_REGULATION_OF_APOPTOTIC_SIGNALING_PATHWAY	0.55100853365	0.008639003666774121	38
GO_REGULATION_OF_LIPASE_ACTIVITY	1.40681842974	1.9832741911955117e-07	29
GO_MESONEPHRIC_TUBULE_MORPHOGENESIS	1.32056844694	0.000247985232769641	16
GO_T_CELL_DIFFERENTIATION_INVOLVED_IN_IMMUNE_RESPONSE	1.72703005203	6.7470807292473235e-06	15
GO_LYMPHOCYTE_MIGRATION	1.76058261175	5.118562314992432e-07	18
GO_RESPONSE_TO_TUMOR_NECROSIS_FACTOR	0.508195450111	0.010170306804610216	42
GO_NEPHRIC_DUCT_DEVELOPMENT	1.78503565547	0.0016173911035545605	7
GO_REGULATION_OF_SEQUESTERING_OF_CALCIUM_ION	0.762512638844	0.007418956126908261	22
GO_MYELOID_LEUKOCYTE_DIFFERENTIATION	1.20997161582	3.8016396647813054e-06	30
GO_REGULATION_OF_ENERGY_HOMEOSTASIS	1.39801253236	0.010325407300249393	7
GO_REGULATION_OF_CELL_MATRIX_ADHESION	0.959302204098	0.0007138074442845109	24
GO_MONOCYTE_DIFFERENTIATION	1.67812045155	0.005700340728915584	6
GO_POSITIVE_REGULATION_OF_CELL_ACTIVATION	0.983859308342	3.1597162163275187e-09	72
GO_ODONTOGENESIS_OF_DENTIN_CONTAINING_TOOTH	1.22560824686	0.00018727633391303457	19
GO_PROTEIN_LIPID_COMPLEX_SUBUNIT_ORGANIZATION	1.26308295227	0.007671385245937743	9
GO_REGULATION_OF_PLASMA_MEMBRANE_ORGANIZATION	0.870765529496	0.006470355599005588	18
GO_NEGATIVE_REGULATION_OF_ANOIKIS	1.578584778	0.004547872480493041	7
GO_AGING	0.671456721273	0.0002541573172544255	54
GO_LATERAL_MESODERM_DEVELOPMENT	2.19269362438	0.0014765086945483787	5
GO_POSITIVE_REGULATION_OF_B_CELL_MEDIATED_IMMUNITY	1.67812045155	0.00034683109957076074	10
GO_CELL_PROJECTION_ASSEMBLY	0.723107906327	6.149096982834932e-05	57
GO_REGULATION_OF_NITRIC_OXIDE_SYNTHASE_ACTIVITY	1.15874629246	0.0015060871319417374	15
GO_REGULATION_OF_ADAPTIVE_IMMUNE_RESPONSE	1.12172710303	4.310639187097147e-06	34
GO_FC_GAMMA_RECEPTOR_SIGNALING_PATHWAY	0.776300845492	0.011061809023504197	19
GO_LUNG_MORPHOGENESIS	1.48018107394	2.999011518263586e-05	17
GO_MYELOID_CELL_DIFFERENTIATION	0.780000065573	0.00015620123462186853	44
GO_REGULATION_OF_SMAD_PROTEIN_IMPORT_INTO_NUCLEUS	1.78503565547	0.0016173911035545605	7
GO_NEGATIVE_REGULATION_OF_CELLULAR_PROTEIN_LOCALIZATION	0.678120451554	0.006648360406325145	28
GO_NEGATIVE_REGULATION_OF_DEVELOPMENTAL_GROWTH	1.35619235667	3.089850004893725e-07	30
GO_DENDRITIC_CELL_MIGRATION	1.67812045155	0.0006919065066003159	9
GO_POSITIVE_REGULATION_OF_JUN_KINASE_ACTIVITY	0.92323294939	0.006826897959821258	16
GO_NEGATIVE_REGULATION_OF_CALCIUM_MEDIATED_SIGNALING	1.578584778	0.004547872480493041	7
GO_REGULATION_OF_CYTOKINE_SECRETION	1.41508604572	7.462229112135286e-11	45
GO_POSITIVE_REGULATION_OF_BMP_SIGNALING_PATHWAY	1.55258956947	0.0004561741388376598	11
GO_REGULATION_OF_MAST_CELL_ACTIVATION_INVOLVED_IN_IMMUNE_RESPONSE	1.67812045155	4.467481800697056e-05	13
GO_POSITIVE_REGULATION_OF_CYTOSKELETON_ORGANIZATION	0.706879444535	0.001203344432242301	38
GO_REGULATION_OF_LIPID_TRANSPORT	1.07146287973	0.0003569305711759888	22
GO_HINDLIMB_MORPHOGENESIS	1.41508604572	0.002021822140617677	10
GO_POSITIVE_REGULATION_OF_CAMP_MEDIATED_SIGNALING	1.67812045155	0.011735716195692691	5
GO_POSITIVE_REGULATION_OF_MACROPHAGE_CHEMOTAXIS	2.02604375497	0.0004155460704150711	7
GO_POSITIVE_REGULATION_OF_CYTOKINE_BIOSYNTHETIC_PROCESS	1.25362262303	0.00013903437802766688	19
GO_REGULATION_OF_INTERLEUKIN_17_PRODUCTION	1.45572803022	0.0026817022784954773	9
GO_EMBRYONIC_HEART_TUBE_DEVELOPMENT	1.11740549708	0.00040761345814280557	20
GO_CENTRAL_NERVOUS_SYSTEM_NEURON_DEVELOPMENT	1.00004854644	0.005047575956276783	15
GO_EMBRYONIC_PLACENTA_DEVELOPMENT	0.90051287289	0.002613876880434234	21
GO_FIBRINOLYSIS	1.56264323413	0.009200011836371924	6
GO_POSITIVE_REGULATION_OF_BIOMINERAL_TISSUE_DEVELOPMENT	1.58501104716	3.083986606924927e-05	15
GO_LIPID_LOCALIZATION	0.625378989482	0.0012782142832601243	47
GO_REGULATION_OF_EPITHELIAL_CELL_DIFFERENTIATION	1.26824465739	1.9685689128633343e-07	35
GO_POSITIVE_REGULATION_OF_HOMEOSTATIC_PROCESS	0.694994270118	0.0007178877532747004	43
GO_POSITIVE_REGULATION_OF_REACTIVE_OXYGEN_SPECIES_BIOSYNTHETIC_PROCESS	1.12792336899	0.0026935275742493705	14
GO_NOTOCHORD_DEVELOPMENT	1.56264323413	0.009200011836371924	6
GO_FORMATION_OF_PRIMARY_GERM_LAYER	1.2264244817	6.480211161768668e-07	34
GO_DIGESTION	1.36879239345	6.094401155589938e-06	23
GO_POSITIVE_REGULATION_OF_REACTIVE_OXYGEN_SPECIES_METABOLIC_PROCESS	0.961913417554	0.0014589858165842667	21
GO_ENDOCRINE_PANCREAS_DEVELOPMENT	1.35619235667	0.002902870983444516	10
GO_PEPTIDE_TRANSPORT	1.12172710303	0.0010418491985844929	17
GO_HORMONE_METABOLIC_PROCESS	1.10826484322	1.0173499062031857e-05	32
GO_POSITIVE_REGULATION_OF_ENDOCYTOSIS	1.15087344869	2.577887365880016e-06	34
GO_CILIUM_ORGANIZATION	0.638592087367	0.003771244890265937	36
GO_POSITIVE_REGULATION_OF_EPITHELIAL_CELL_PROLIFERATION	1.17931459458	2.3859555642893507e-08	46
GO_CENTRAL_NERVOUS_SYSTEM_NEURON_DIFFERENTIATION	0.771229855945	0.002507854144825721	28
GO_NEGATIVE_REGULATION_OF_SMOOTH_MUSCLE_CELL_PROLIFERATION	1.48547537361	0.00014357415684012736	14
GO_MESENCHYME_DEVELOPMENT	1.46557581617	1.7043618872490787e-15	63
GO_RESPONSE_TO_ORGANOPHOSPHORUS	1.10696375036	4.080681600404824e-06	35
GO_ENDOTHELIAL_CELL_DIFFERENTIATION	1.04585223605	0.0008392562689526079	20
GO_GLIAL_CELL_DIFFERENTIATION	0.718762436051	0.005090973814441688	27
GO_OVULATION	1.67812045155	0.002800446757265683	7
GO_RESPONSE_TO_INCREASED_OXYGEN_LEVELS	1.5406169278	0.0008990534768486019	10
GO_DEFENSE_RESPONSE_TO_BACTERIUM	1.41759290133	1.629161774560709e-11	48
GO_POSITIVE_REGULATION_OF_INTERLEUKIN_6_PRODUCTION	1.45572803022	1.055091770802316e-06	24
GO_POSITIVE_REGULATION_OF_CYTOKINE_PRODUCTION_INVOLVED_IN_IMMUNE_RESPONSE	1.33019714813	0.002146214686858854	11
GO_NEPHRON_EPITHELIUM_DEVELOPMENT	1.32664808105	8.053316394358145e-07	29
GO_POSITIVE_REGULATION_OF_GROWTH	0.601769565423	0.00203248273113896	46
GO_REGULATION_OF_REGULATED_SECRETORY_PATHWAY	1.01253949062	0.00010232417076791026	29
GO_REGULATION_OF_CELL_PROLIFERATION_INVOLVED_IN_KIDNEY_DEVELOPMENT	1.80365133364	0.003281493751885215	6
GO_REGULATION_OF_B_CELL_ACTIVATION	1.22244096778	4.814214898483239e-07	35
GO_PLATELET_AGGREGATION	1.17562011102	0.003911167687277162	12
GO_POSITIVE_REGULATION_OF_CATION_CHANNEL_ACTIVITY	1.45572803022	0.0005386955852520733	12
GO_NEURON_PROJECTION_EXTENSION	1.05921061891	0.004415658510561912	14
GO_POSITIVE_REGULATION_OF_CHEMOTAXIS	1.56490984111	9.200711087217352e-14	49
GO_VASCULAR_ENDOTHELIAL_GROWTH_FACTOR_RECEPTOR_SIGNALING_PATHWAY	1.03175740617	0.0004149980699553656	23
GO_SENSORY_ORGAN_MORPHOGENESIS	0.814856788345	4.990011413069463e-05	47
GO_OUTFLOW_TRACT_MORPHOGENESIS	1.58296321851	4.6434753681448365e-07	22
GO_REGULATION_OF_PLATELET_AGGREGATION	1.578584778	0.004547872480493041	7
GO_NEGATIVE_REGULATION_OF_EPITHELIAL_CELL_APOPTOTIC_PROCESS	1.27957107506	0.002975462465453345	11
GO_NEGATIVE_REGULATION_OF_BLOOD_PRESSURE	1.45572803022	0.0005386955852520733	12
GO_POSITIVE_REGULATION_OF_CALCIUM_ION_IMPORT	1.09315795083	0.003468356201255423	14
GO_POSITIVE_REGULATION_OF_INNATE_IMMUNE_RESPONSE	0.487436889944	0.009695638117999764	46
GO_POSITIVE_REGULATION_OF_MYELOID_LEUKOCYTE_MEDIATED_IMMUNITY	2.33019714813	3.05693943116493e-07	11
GO_NEURON_MATURATION	1.60773112366	0.0005697502292104943	10
GO_REGULATION_OF_ACTIVATED_T_CELL_PROLIFERATION	1.30888664189	0.0015842851138234638	12
GO_REGULATION_OF_TYROSINE_PHOSPHORYLATION_OF_STAT_PROTEIN	1.62367266753	2.041426371004387e-08	26
GO_POSITIVE_REGULATION_OF_ACUTE_INFLAMMATORY_RESPONSE	2.19269362438	1.651107148797117e-08	15
GO_REGULATION_OF_VASCULAR_ENDOTHELIAL_GROWTH_FACTOR_RECEPTOR_SIGNALING_PATHWAY	1.73470397992	2.606238051093785e-05	13
GO_REGULATION_OF_T_HELPER_CELL_DIFFERENTIATION	1.73952099622	5.1393005199531046e-05	12
GO_REGULATION_OF_LEUKOCYTE_APOPTOTIC_PROCESS	1.15728828825	9.588708875496396e-05	23
GO_NEGATIVE_REGULATION_OF_IMMUNE_EFFECTOR_PROCESS	1.12922720554	3.646972484839421e-05	27
GO_NEURAL_CREST_CELL_MIGRATION	1.37326587003	9.36240284080657e-05	17
GO_REGULATION_OF_PEPTIDYL_TYROSINE_PHOSPHORYLATION	1.13379993533	7.810296266586174e-10	60
GO_POSITIVE_REGULATION_OF_MACROPHAGE_DERIVED_FOAM_CELL_DIFFERENTIATION	2.31555037217	6.066600358520288e-05	7
GO_POSITIVE_REGULATION_OF_LYMPHOCYTE_DIFFERENTIATION	1.17931459458	7.31924986943562e-05	23
GO_LYMPHOCYTE_CHEMOTAXIS	1.55258956947	0.0004561741388376598	11
GO_INOSITOL_LIPID_MEDIATED_SIGNALING	0.771229855945	0.004902918788359937	24
GO_CHEMICAL_HOMEOSTASIS_WITHIN_A_TISSUE	2.09315795083	0.0007921617118536213	6
GO_NEGATIVE_REGULATION_OF_PLATELET_ACTIVATION	2.00004854644	2.7493295572073414e-05	10
GO_REGULATION_OF_JUN_KINASE_ACTIVITY	0.803651333637	0.010785043617343955	18
GO_CARDIAC_CONDUCTION	1.09315795083	0.0007142899057164559	19
GO_MATERNAL_PLACENTA_DEVELOPMENT	1.24516104428	0.00556500543983073	10
GO_POSITIVE_REGULATION_OF_ORGAN_GROWTH	1.1833557598	0.005396623618761606	11
GO_REGULATION_OF_MEMBRANE_REPOLARIZATION	1.41508604572	0.002021822140617677	10
GO_AUDITORY_RECEPTOR_CELL_DIFFERENTIATION	1.38861383436	0.003915843756455175	9
GO_REGULATION_OF_MYELOID_CELL_DIFFERENTIATION	0.954638086751	7.873564042964439e-06	43
GO_REGULATION_OF_GLIOGENESIS	0.982975033082	0.0011870097611270801	21
GO_DRUG_METABOLIC_PROCESS	1.67812045155	0.002800446757265683	7
GO_REGULATION_OF_OXIDOREDUCTASE_ACTIVITY	0.928098704562	0.0015975864927957012	22
GO_VENOUS_BLOOD_VESSEL_DEVELOPMENT	1.90051287289	0.0008626467749358958	7
GO_RESPONSE_TO_MINERALOCORTICOID	1.19269362438	0.007464333636000715	10
GO_CELLULAR_RESPONSE_TO_DRUG	1.06668573947	0.0012432746346122112	18
GO_RESPONSE_TO_LOW_DENSITY_LIPOPROTEIN_PARTICLE	2.14760573485	2.1479274105956922e-05	9
GO_NEGATIVE_REGULATION_OF_MYELOID_LEUKOCYTE_DIFFERENTIATION	1.27602200798	0.0008612716654085547	14
GO_RESPONSE_TO_NUTRIENT	1.05592504463	1.0454393699603011e-07	51
GO_REGULATION_OF_HEAT_GENERATION	2.04069053094	5.176377574335158e-05	9
GO_PHOSPHOLIPASE_C_ACTIVATING_G_PROTEIN_COUPLED_RECEPTOR_SIGNALING_PATHWAY	1.37145911332	3.751252149626356e-05	19
GO_VASOCONSTRICTION	1.35619235667	0.007579723746402422	8
GO_NEGATIVE_REGULATION_OF_CELL_PROJECTION_ORGANIZATION	0.841619183836	0.000294172550798645	35
GO_POSITIVE_REGULATION_OF_ION_TRANSPORT	0.965402403634	4.460660560863185e-07	54
GO_CELL_RECOGNITION	0.861832404726	0.0024674599201956766	23
GO_NEGATIVE_REGULATION_OF_CYTOKINE_PRODUCTION	0.960707654809	8.077832628246966e-07	52
GO_DOPAMINE_METABOLIC_PROCESS	1.90051287289	0.0008626467749358958	7
GO_REGULATION_OF_SYSTEMIC_ARTERIAL_BLOOD_PRESSURE_BY_HORMONE	1.67812045155	0.00017458633200898482	11
GO_SIGNAL_RELEASE	0.95683647962	3.167179154838749e-05	37
GO_INACTIVATION_OF_MAPK_ACTIVITY	1.6192267625	0.00014553356366810562	12
GO_MONOCARBOXYLIC_ACID_BIOSYNTHETIC_PROCESS	0.952295414993	2.1256200990736307e-05	39
GO_NEGATIVE_REGULATION_OF_VASCULATURE_DEVELOPMENT	1.56264323413	5.95488407395667e-09	30
GO_REGULATION_OF_LEUKOCYTE_MEDIATED_IMMUNITY	1.32056844694	2.7004521716047664e-10	48
GO_GLOMERULAR_EPITHELIUM_DEVELOPMENT	1.91258570519	5.7393900411283874e-05	10
GO_POSITIVE_REGULATION_OF_CALCIUM_ION_TRANSMEMBRANE_TRANSPORTER_ACTIVITY	1.2996088283	0.004064888360443431	10
GO_REGULATION_OF_TYROSINE_PHOSPHORYLATION_OF_STAT5_PROTEIN	1.48547537361	0.007005966384989589	7
GO_REGULATION_OF_GLUCOSE_IMPORT	0.961913417554	0.008565461647698627	14
GO_ORGANIC_ACID_TRANSPORT	0.573003745739	0.004111528652666198	43
GO_MATERNAL_PROCESS_INVOLVED_IN_FEMALE_PREGNANCY	0.941154857387	0.007657730236988463	15
GO_BONE_MINERALIZATION	1.45572803022	0.0005386955852520733	12
GO_CELLULAR_COMPONENT_ASSEMBLY_INVOLVED_IN_MORPHOGENESIS	0.685654124239	0.00042807748151074817	48
GO_RENAL_SYSTEM_PROCESS	1.26308295227	5.149433381729919e-06	27
GO_NITRIC_OXIDE_METABOLIC_PROCESS	1.67812045155	0.002800446757265683	7
GO_DEVELOPMENT_OF_PRIMARY_SEXUAL_CHARACTERISTICS	0.730587871448	0.0004778144099088013	42
GO_NEGATIVE_REGULATION_OF_INFLAMMATORY_RESPONSE	0.879754312723	0.002066979679330914	23
GO_T_HELPER_1_TYPE_IMMUNE_RESPONSE	1.39801253236	0.010325407300249393	7
GO_POSITIVE_REGULATION_OF_IMMUNOGLOBULIN_SECRETION	1.830123545	0.006726982878945196	5
GO_LEUKOTRIENE_BIOSYNTHETIC_PROCESS	1.8707655295	0.00043433544990298265	8
GO_MULTICELLULAR_ORGANISMAL_HOMEOSTASIS	0.928771132932	4.3939597025926283e-07	58
GO_REGULATION_OF_TRANSPORTER_ACTIVITY	0.783613580401	0.000339405638385827	39
GO_POSITIVE_REGULATION_OF_KIDNEY_DEVELOPMENT	1.62749437848	3.756529476074379e-05	14
GO_MESONEPHROS_DEVELOPMENT	1.39518648828	1.52087432751346e-07	30
GO_NEGATIVE_REGULATION_OF_LYMPHOCYTE_DIFFERENTIATION	1.1833557598	0.005396623618761606	11
GO_REGULATION_OF_GRANULOCYTE_MACROPHAGE_COLONY_STIMULATING_FACTOR_PRODUCTION	1.78503565547	0.0016173911035545605	7
GO_PEPTIDE_HORMONE_PROCESSING	1.28580302877	0.010593890804159492	8
GO_REGULATION_OF_PROTEIN_IMPORT	0.87556651576	3.484582426249181e-05	43
GO_REGULATION_OF_METANEPHROS_DEVELOPMENT	1.52611735811	0.0017765799715824026	9
GO_COLLAGEN_FIBRIL_ORGANIZATION	1.848045453	1.5018899903415583e-07	18
GO_REGULATION_OF_CARBOHYDRATE_BIOSYNTHETIC_PROCESS	0.955654427082	0.00198400484013388	20
GO_NEGATIVE_REGULATION_OF_INTERFERON_GAMMA_PRODUCTION	1.56264323413	0.00023198391707939228	12
GO_TRANSMEMBRANE_RECEPTOR_PROTEIN_SERINE_THREONINE_KINASE_SIGNALING_PATHWAY	1.121172327	1.4452252318104577e-08	52
GO_CARDIAC_SEPTUM_MORPHOGENESIS	1.22745904254	0.000857836899907134	15
GO_RESPONSE_TO_INTERFERON_ALPHA	1.752121033	0.00020158820369067603	10
GO_REGULATION_OF_JNK_CASCADE	0.803651333637	0.000422933426032285	36
GO_CANONICAL_WNT_SIGNALING_PATHWAY	0.815623975304	0.004638949561910424	22
GO_REACTIVE_OXYGEN_SPECIES_METABOLIC_PROCESS	0.90051287289	0.002613876880434234	21
GO_REGULATION_OF_GLUCOSE_METABOLIC_PROCESS	0.895711886626	0.001138714249751327	25
GO_DENDRITIC_CELL_DIFFERENTIATION	1.67812045155	2.2687536262823042e-05	14
GO_LEUKOCYTE_MEDIATED_IMMUNITY	1.05568324541	4.241790334888292e-06	38
GO_NEGATIVE_REGULATION_OF_RECEPTOR_BINDING	1.830123545	0.006726982878945196	5
GO_POSITIVE_REGULATION_OF_PROTEIN_KINASE_B_SIGNALING	1.06931120888	0.0006648833517116553	20
GO_METANEPHROS_DEVELOPMENT	1.30888664189	9.027091680441195e-06	24
GO_TISSUE_REMODELING	1.42286339631	5.577281799846057e-08	31
GO_CHEMOKINE_MEDIATED_SIGNALING_PATHWAY	1.64837310816	4.6879877751027994e-08	24
GO_NEGATIVE_REGULATION_OF_HOMOTYPIC_CELL_CELL_ADHESION	1.31038866705	4.5587932884199043e-07	31
GO_BODY_MORPHOGENESIS	0.977680733412	0.013164187080558115	12
GO_POSITIVE_REGULATION_OF_MONOCYTE_CHEMOTAXIS	1.67812045155	0.002800446757265683	7
GO_CYTOLYSIS	1.67812045155	0.005700340728915584	6
GO_RESPONSE_TO_HEAT	1.27003571292	6.913088354369291e-06	26
GO_REGULATION_OF_MICROVILLUS_ORGANIZATION	1.67812045155	0.011735716195692691	5
GO_REACTIVE_NITROGEN_SPECIES_METABOLIC_PROCESS	1.48547537361	0.007005966384989589	7
GO_KIDNEY_MESENCHYME_DEVELOPMENT	1.67812045155	0.002800446757265683	7
GO_GLOMERULUS_DEVELOPMENT	2.04424835035	1.7860162400821516e-13	29
GO_CELLULAR_RESPONSE_TO_KETONE	0.870765529496	0.006470355599005588	18
GO_POSITIVE_REGULATION_OF_OSTEOCLAST_DIFFERENTIATION	1.60773112366	0.0005697502292104943	10
GO_REGULATION_OF_MUSCLE_CONTRACTION	1.03426426178	3.2933689138426925e-05	32
GO_ESTABLISHMENT_OR_MAINTENANCE_OF_CELL_POLARITY	0.747383113991	0.0017318933381370992	32
GO_RESPONSE_TO_ATP	1.55258956947	0.0004561741388376598	11
GO_NEGATIVE_REGULATION_OF_CELL_SUBSTRATE_ADHESION	1.3393185381	0.00013245178825076892	17
GO_REGULATION_OF_ADHERENS_JUNCTION_ORGANIZATION	0.993622277282	0.0069352003862947435	14
GO_REGULATION_OF_BLOOD_CIRCULATION	1.05770911483	1.0540529810001612e-09	67
GO_POSITIVE_REGULATION_OF_OSSIFICATION	1.34554511247	1.4147507327618991e-06	27
GO_REGULATION_OF_EXTRINSIC_APOPTOTIC_SIGNALING_PATHWAY	0.752121032997	0.0010187555893919275	35
GO_REGULATION_OF_CELL_FATE_SPECIFICATION	1.67812045155	0.011735716195692691	5
GO_POSITIVE_REGULATION_OF_GLUCOSE_METABOLIC_PROCESS	1.19269362438	0.007464333636000715	10
GO_REGULATION_OF_ERK1_AND_ERK2_CASCADE	1.01653666923	9.509466959778164e-08	55
GO_NEUROTRANSMITTER_TRANSPORT	0.74400838721	0.0033654347391203687	28
GO_RESPONSE_TO_ETHANOL	0.857090592599	0.0006335154386507299	30
GO_REGULATION_OF_NUCLEOCYTOPLASMIC_TRANSPORT	0.777130457385	7.209922530428712e-05	49
GO_CYCLOOXYGENASE_PATHWAY	2.31555037217	6.066600358520288e-05	7
GO_REGULATION_OF_SYSTEMIC_ARTERIAL_BLOOD_PRESSURE_BY_CIRCULATORY_RENIN_ANGIOTENSIN	2.16354727872	0.00017476981174423698	7
GO_POSITIVE_REGULATION_OF_HEMOPOIESIS	1.08251070663	3.187419338921483e-07	45
GO_POSITIVE_REGULATION_OF_ALPHA_BETA_T_CELL_DIFFERENTIATION	1.13755207019	0.00708224225528565	11
GO_POSITIVE_REGULATION_OF_EPITHELIAL_TO_MESENCHYMAL_TRANSITION	1.09315795083	0.012718416943883171	10
GO_POSITIVE_REGULATION_OF_CELL_KILLING	1.42436385931	0.000410848032430368	13
GO_MAMMARY_GLAND_DUCT_MORPHOGENESIS	1.43711235205	0.0010436431799882065	11
GO_REGULATION_OF_ACTIN_CYTOSKELETON_REORGANIZATION	1.09315795083	0.012718416943883171	10
GO_POSITIVE_REGULATION_OF_EPITHELIAL_CELL_APOPTOTIC_PROCESS	1.67812045155	0.00034683109957076074	10
GO_REGULATION_OF_STAT_CASCADE	1.23333560888	2.6746521532988233e-07	36
GO_OUTFLOW_TRACT_SEPTUM_MORPHOGENESIS	1.94115485739	0.0017182495620398672	6
GO_POSITIVE_REGULATION_OF_TRANSMEMBRANE_TRANSPORT	1.10737181005	5.531782302717997e-06	34
GO_COPULATION	2.31555037217	6.066600358520288e-05	7
GO_NEGATIVE_REGULATION_OF_PROTEIN_SECRETION	0.928098704562	0.0015975864927957012	22
GO_REGULATION_OF_RENAL_SYSTEM_PROCESS	1.61399011413	0.00028751354826440044	11
GO_TRABECULA_MORPHOGENESIS	1.05008922894	0.011658182640296581	11
GO_DETECTION_OF_ABIOTIC_STIMULUS	0.803651333637	0.010785043617343955	18
GO_REGULATION_OF_TRANSMEMBRANE_RECEPTOR_PROTEIN_SERINE_THREONINE_KINASE_SIGNALING_PATHWAY	1.26900778623	6.549813334659359e-12	61
GO_NEGATIVE_REGULATION_OF_NEURON_DIFFERENTIATION	0.931568808558	7.790181592069904e-06	45
GO_REGULATION_OF_CYTOKINE_PRODUCTION_INVOLVED_IN_IMMUNE_RESPONSE	1.31133812088	7.404548924546875e-05	19
GO_REGULATION_OF_PROTEIN_LOCALIZATION_TO_NUCLEUS	0.806276803044	3.463162030657292e-05	50
GO_MESODERM_DEVELOPMENT	1.09315795083	2.3940089675253007e-05	30
GO_ACUTE_INFLAMMATORY_RESPONSE	1.00569510958	0.0036793666420962797	16
GO_LYMPHOCYTE_MEDIATED_IMMUNITY	1.2229258258	2.115393581030284e-06	31
GO_BLOOD_VESSEL_ENDOTHELIAL_CELL_MIGRATION	1.74523464741	0.00010162005699611518	11
GO_MUSCLE_SYSTEM_PROCESS	1.00403206036	4.536817402207887e-09	68
GO_REGULATION_OF_ODONTOGENESIS	1.91258570519	5.7393900411283874e-05	10
GO_REGULATION_OF_HORMONE_SECRETION	0.803651333637	5.1682326870008414e-05	48
GO_RESPONSE_TO_MECHANICAL_STIMULUS	0.952295414993	9.840997180421048e-07	52
GO_REGULATION_OF_FIBROBLAST_PROLIFERATION	0.987804950686	0.0008722660719913772	22
GO_AMINOGLYCAN_METABOLIC_PROCESS	0.76300934914	0.000880683779712196	35
GO_AXIS_ELONGATION	1.35619235667	0.002902870983444516	10
GO_LEUKOCYTE_DIFFERENTIATION	0.92323294939	2.2443518402455897e-08	72
GO_RESPONSE_TO_LIPOPROTEIN_PARTICLE	1.91258570519	5.7393900411283874e-05	10
GO_MACROPHAGE_DIFFERENTIATION	1.39801253236	0.010325407300249393	7
GO_REGULATION_OF_POTASSIUM_ION_TRANSPORT	0.977680733412	0.0016163446793805273	20
GO_NEGATIVE_REGULATION_OF_LEUKOCYTE_MEDIATED_IMMUNITY	1.05008922894	0.011658182640296581	11
GO_REGULATION_OF_VASCULOGENESIS	1.56264323413	0.009200011836371924	6
GO_G_PROTEIN_COUPLED_PURINERGIC_RECEPTOR_SIGNALING_PATHWAY	1.67812045155	0.0013874660320845123	8
GO_RETINA_DEVELOPMENT_IN_CAMERA_TYPE_EYE	0.921391602566	0.00034525027633422424	29
GO_NEGATIVE_REGULATION_OF_EMBRYONIC_DEVELOPMENT	1.5406169278	0.0008990534768486019	10
GO_BASEMENT_MEMBRANE_ORGANIZATION	1.80365133364	0.003281493751885215	6
GO_NEGATIVE_REGULATION_OF_IMMUNE_RESPONSE	1.21471993071	1.1646607562298509e-06	33
GO_HORMONE_TRANSPORT	1.2996088283	5.5245717789286e-05	20
GO_PHENOL_CONTAINING_COMPOUND_METABOLIC_PROCESS	1.28580302877	0.0003429767431598416	16
GO_VASCULOGENESIS	1.42658168456	7.265924839314455e-06	21
GO_REGULATION_OF_GRANULOCYTE_CHEMOTAXIS	1.72118917345	1.7588743659709775e-06	17
GO_NEPHRIC_DUCT_MORPHOGENESIS	1.67812045155	0.011735716195692691	5
GO_CELLULAR_RESPONSE_TO_PEPTIDE	0.684693105477	0.00017408802763691102	55
GO_HEART_MORPHOGENESIS	1.12452212174	5.507167720760633e-10	62
GO_POSITIVE_REGULATION_OF_MAP_KINASE_ACTIVITY	0.767054179974	0.0001410158576580868	46
GO_REGULATION_OF_CAMP_METABOLIC_PROCESS	0.941154857387	0.0008708992329039935	24
GO_REGULATION_OF_NUCLEOTIDE_METABOLIC_PROCESS	0.766176628219	0.000519039625986801	38
GO_GLAND_MORPHOGENESIS	1.17854944206	8.97485129014963e-06	29
GO_SMAD_PROTEIN_SIGNAL_TRANSDUCTION	1.12792336899	0.0026935275742493705	14
GO_DEVELOPMENTAL_GROWTH_INVOLVED_IN_MORPHOGENESIS	1.21868883292	1.5697297366616313e-06	32
GO_REGULATION_OF_INTERLEUKIN_13_PRODUCTION	2.19269362438	4.654550973548253e-06	10
GO_MYELOID_LEUKOCYTE_MIGRATION	1.43526392766	7.211300051913415e-08	30
GO_REGULATION_OF_ORGAN_GROWTH	0.965402403634	0.00300348566722386	18
GO_NEGATIVE_REGULATION_OF_SMOOTH_MUSCLE_CONTRACTION	1.67812045155	0.002800446757265683	7
GO_PROSTANOID_METABOLIC_PROCESS	1.94115485739	7.590286027987923e-06	12
GO_CELLULAR_RESPONSE_TO_VASCULAR_ENDOTHELIAL_GROWTH_FACTOR_STIMULUS	1.72703005203	6.7470807292473235e-06	15
GO_POSITIVE_REGULATION_OF_TRANSCRIPTION_FACTOR_IMPORT_INTO_NUCLEUS	0.977680733412	0.013164187080558115	12
GO_ACTIN_CYTOSKELETON_REORGANIZATION	0.95019999699	0.0055998680306556334	16
GO_EXTRACELLULAR_MATRIX_DISASSEMBLY	1.67812045155	1.9731631230549046e-09	28
GO_ACTIN_MEDIATED_CELL_CONTRACTION	0.995310627434	0.0017847267701825733	19
GO_METANEPHRIC_RENAL_VESICLE_MORPHOGENESIS	2.09315795083	0.006840049900725805	4
GO_DEVELOPMENTAL_CELL_GROWTH	0.858692697195	0.008754389881860024	17
GO_PROTEIN_SECRETION	0.96442463671	0.0005265092574981167	25
GO_REGULATION_OF_OLIGODENDROCYTE_DIFFERENTIATION	1.35619235667	0.007579723746402422	8
GO_POSITIVE_REGULATION_OF_LEUKOCYTE_MEDIATED_IMMUNITY	1.47001225622	6.257798631522266e-08	29
GO_REGULATION_OF_VASODILATION	1.53127906322	9.425290462857705e-05	14
GO_NEGATIVE_REGULATION_OF_FAT_CELL_DIFFERENTIATION	1.24927715275	0.0015959215345164885	13
GO_BIOMINERAL_TISSUE_DEVELOPMENT	1.51584902265	2.179867378608149e-06	21
GO_REGULATION_OF_ODONTOGENESIS_OF_DENTIN_CONTAINING_TOOTH	2.09315795083	0.006840049900725805	4
GO_EPITHELIAL_CELL_MORPHOGENESIS	1.45572803022	0.00011109724307632428	15
GO_EPIBOLY	1.50819545011	0.003521509075666721	8
GO_UNSATURATED_FATTY_ACID_METABOLIC_PROCESS	1.56264323413	5.95488407395667e-09	30
GO_TRANSCYTOSIS	2.35619235667	1.176437151809609e-05	8
GO_EPIDERMIS_MORPHOGENESIS	1.35619235667	0.007579723746402422	8
GO_NEGATIVE_REGULATION_OF_SYSTEMIC_ARTERIAL_BLOOD_PRESSURE	1.67812045155	0.011735716195692691	5
GO_INSEMINATION	2.19269362438	0.0014765086945483787	5
GO_REGULATION_OF_STEM_CELL_DIFFERENTIATION	1.22244096778	4.814214898483239e-07	35
GO_CELLULAR_RESPONSE_TO_INORGANIC_SUBSTANCE	0.870765529496	0.00035380510091775506	32
GO_POSITIVE_REGULATION_OF_PHOSPHOLIPID_METABOLIC_PROCESS	1.39801253236	0.0003113976552333732	14
GO_EPIDERMIS_DEVELOPMENT	0.750270237309	0.00040985644097839307	41
GO_RESPONSE_TO_MAGNESIUM_ION	1.67812045155	0.0006919065066003159	9
GO_NEGATIVE_REGULATION_OF_CD4_POSITIVE_ALPHA_BETA_T_CELL_ACTIVATION	1.56264323413	0.009200011836371924	6
GO_RENAL_SYSTEM_PROCESS_INVOLVED_IN_REGULATION_OF_BLOOD_VOLUME	1.80365133364	0.003281493751885215	6
GO_POSITIVE_REGULATION_OF_CELL_MATRIX_ADHESION	1.09315795083	0.0066061282822552055	12
GO_POSITIVE_REGULATION_OF_RESPONSE_TO_WOUNDING	1.50227061615	4.837409039920567e-14	54
GO_CELL_MATURATION	1.07772791026	2.2415552319061202e-05	31
GO_POSITIVE_REGULATION_OF_IMMUNE_EFFECTOR_PROCESS	1.36778033094	2.841396159745958e-11	50
GO_PLATELET_ACTIVATION	1.05839253267	1.7084075582545899e-06	41
GO_DENDRITE_MORPHOGENESIS	1.01515543883	0.010584823973411102	12
GO_NEGATIVE_REGULATION_OF_WNT_SIGNALING_PATHWAY	0.60411987011	0.004590211705367173	38
GO_REGULATION_OF_MEMBRANE_POTENTIAL	0.481228402511	0.006385866087772215	53
GO_EMBRYONIC_DIGESTIVE_TRACT_DEVELOPMENT	1.67812045155	4.467481800697056e-05	13
GO_RESPONSE_TO_NICOTINE	1.23066147458	0.0040438583427219775	11
GO_ENDOCRINE_PROCESS	1.62749437848	3.756529476074379e-05	14
GO_ACTIN_FILAMENT_BASED_MOVEMENT	0.941154857387	0.0008708992329039935	24
GO_REGULATION_OF_HORMONE_METABOLIC_PROCESS	1.35619235667	0.007579723746402422	8
GO_REGULATION_OF_LYMPHOCYTE_DIFFERENTIATION	1.05133777514	1.429894073677327e-05	34
GO_POSITIVE_REGULATION_OF_ASTROCYTE_DIFFERENTIATION	1.80365133364	0.003281493751885215	6
GO_HEMOSTASIS	1.05568324541	8.769989418702043e-11	76
GO_MONOCYTE_CHEMOTAXIS	1.43711235205	0.0010436431799882065	11
GO_DETECTION_OF_OTHER_ORGANISM	1.67812045155	0.011735716195692691	5
GO_CELLULAR_RESPONSE_TO_REACTIVE_OXYGEN_SPECIES	0.693887767412	0.01143212479221466	23
GO_LUNG_ALVEOLUS_DEVELOPMENT	1.50819545011	3.8297565291298325e-05	16
GO_APPENDAGE_DEVELOPMENT	1.0172090976	1.121489651986528e-05	37
GO_PALATE_DEVELOPMENT	1.07239939067	0.0002618337143357706	23
GO_CELL_CELL_ADHESION_VIA_PLASMA_MEMBRANE_ADHESION_MOLECULES	1.16154492581	1.0810428879065837e-06	36
GO_ACTIVATION_OF_PHOSPHOLIPASE_C_ACTIVITY	1.20418926322	0.010353674518635576	9
GO_SKIN_DEVELOPMENT	0.832291381681	0.00023122562611764118	37
GO_CELLULAR_RESPONSE_TO_EXTERNAL_STIMULUS	0.612828991302	0.000728946602319561	54
GO_WOUND_HEALING_SPREADING_OF_EPIDERMAL_CELLS	2.00004854644	0.00342986000842097	5
GO_POSITIVE_REGULATION_OF_LEUKOCYTE_APOPTOTIC_PROCESS	1.26308295227	0.007671385245937743	9
GO_POSITIVE_REGULATION_OF_TYPE_2_IMMUNE_RESPONSE	1.97768073341	0.00021572306466860347	8
GO_DEFENSE_RESPONSE_TO_FUNGUS	1.76058261175	0.000401468892532958	9
GO_NEGATIVE_REGULATION_OF_EPITHELIAL_CELL_MIGRATION	1.40248600894	2.6157949569343753e-05	19
GO_MUSCLE_TISSUE_DEVELOPMENT	0.803651333637	1.0803133901241359e-05	57
GO_POSITIVE_REGULATION_OF_TUMOR_NECROSIS_FACTOR_SUPERFAMILY_CYTOKINE_PRODUCTION	1.27212809188	7.579404530211609e-05	20
GO_HUMORAL_IMMUNE_RESPONSE	1.51253438584	3.5459497365741953e-10	37
GO_CELLULAR_RESPONSE_TO_MECHANICAL_STIMULUS	1.00826905325	0.0007044619310206907	22
GO_HETEROTYPIC_CELL_CELL_ADHESION	1.43019293811	0.005258466236734713	8
GO_RESPONSE_TO_VIRUS	0.709147347174	0.00032969140865798127	47
GO_CELL_DIFFERENTIATION_INVOLVED_IN_KIDNEY_DEVELOPMENT	1.72392414117	3.4423008253261623e-06	16
GO_REGULATION_OF_TUMOR_NECROSIS_FACTOR_SUPERFAMILY_CYTOKINE_PRODUCTION	1.10983669198	2.5432324240740166e-05	29
GO_RESPONSE_TO_VITAMIN_D	1.38266456803	0.0015146893255211212	11
GO_RESPONSE_TO_VITAMIN_E	1.56264323413	0.009200011836371924	6
GO_REGULATION_OF_HEART_RATE	0.834845955241	0.010410997259314957	17
GO_PLACENTA_DEVELOPMENT	0.987224506083	3.137816499173807e-05	35
GO_REGULATION_OF_LEUKOCYTE_CHEMOTAXIS	1.69626779826	4.1569327399963253e-13	40
GO_NEGATIVE_REGULATION_OF_BMP_SIGNALING_PATHWAY	1.17562011102	0.003911167687277162	12
GO_PLASMA_LIPOPROTEIN_PARTICLE_CLEARANCE	2.00004854644	2.7493295572073414e-05	10
GO_ADENYLATE_CYCLASE_ACTIVATING_G_PROTEIN_COUPLED_RECEPTOR_SIGNALING_PATHWAY	1.05663207481	0.0060882628320919055	13
GO_EPITHELIAL_TO_MESENCHYMAL_TRANSITION	1.43419486867	1.7973061682898493e-05	19
GO_REGULATION_OF_HEART_CONTRACTION	0.989049547492	8.769610050189023e-07	49
GO_POSITIVE_REGULATION_OF_PROTEIN_IMPORT	0.895711886626	0.001138714249751327	25
GO_NITRIC_OXIDE_MEDIATED_SIGNAL_TRANSDUCTION	1.67812045155	0.005700340728915584	6
GO_MOVEMENT_IN_ENVIRONMENT_OF_OTHER_ORGANISM_INVOLVED_IN_SYMBIOTIC_INTERACTION	1.00826905325	0.0007044619310206907	22
GO_REGULATION_OF_TYROSINE_PHOSPHORYLATION_OF_STAT3_PROTEIN	1.54883743461	2.4871415066417088e-05	16
GO_PATTERNING_OF_BLOOD_VESSELS	1.38266456803	0.0015146893255211212	11
GO_COLUMNAR_CUBOIDAL_EPITHELIAL_CELL_DIFFERENTIATION	1.12922720554	3.646972484839421e-05	27
GO_NEGATIVE_REGULATION_OF_MULTICELLULAR_ORGANISMAL_METABOLIC_PROCESS	2.02604375497	0.0004155460704150711	7
GO_CD4_POSITIVE_ALPHA_BETA_T_CELL_ACTIVATION	1.21868883292	0.0029431358668101353	12
GO_POSITIVE_REGULATION_OF_CAMP_METABOLIC_PROCESS	0.990064457868	0.002437018645271563	18
GO_TRIGLYCERIDE_CATABOLIC_PROCESS	1.56264323413	0.009200011836371924	6
GO_DETECTION_OF_STIMULUS	0.746138874982	0.0006934488578551712	38
GO_ENDOTHELIUM_DEVELOPMENT	1.21417335179	5.130975911720099e-06	29
GO_REGULATION_OF_STEROID_METABOLIC_PROCESS	0.845230437389	0.011845378713937265	16
GO_OVULATION_CYCLE	0.853692016137	0.0021851265425718077	24
GO_POSITIVE_REGULATION_OF_B_CELL_PROLIFERATION	1.20863516825	0.0021451100403757422	13
GO_REGULATION_OF_NEURAL_PRECURSOR_CELL_PROLIFERATION	1.03426426178	0.002944919905225652	16
GO_POSITIVE_REGULATION_OF_NEURON_PROJECTION_DEVELOPMENT	0.830123544999	8.549216285309767e-06	55
GO_OSTEOCLAST_DIFFERENTIATION	1.19269362438	0.007464333636000715	10
GO_NEUROEPITHELIAL_CELL_DIFFERENTIATION	1.03042219548	0.004043773360919921	15
GO_SUBSTRATE_ADHESION_DEPENDENT_CELL_SPREADING	1.37555768153	0.00023493742650602215	15
GO_REGULATION_OF_ENDOCYTOSIS	1.06762285873	1.8357036583667076e-08	56
GO_NEGATIVE_REGULATION_OF_LEUKOCYTE_DIFFERENTIATION	1.15728828825	9.588708875496396e-05	23
GO_RESPONSE_TO_REACTIVE_OXYGEN_SPECIES	0.866387088985	1.8515284103945462e-05	47
GO_SPROUTING_ANGIOGENESIS	1.60411987011	2.1303075728640843e-06	19
GO_MUSCLE_CONTRACTION	1.00165959635	1.07960919855254e-07	56
GO_REGULATION_OF_NATURAL_KILLER_CELL_MEDIATED_IMMUNITY	1.41508604572	0.002021822140617677	10
GO_RESPONSE_TO_INTERFERON_GAMMA	0.798414685271	0.003161687570521156	25
GO_REGULATION_OF_LYMPHOCYTE_MIGRATION	1.26308295227	0.0021786244032104465	12
GO_REGULATION_OF_VASCULAR_ENDOTHELIAL_GROWTH_FACTOR_PRODUCTION	1.62749437848	3.756529476074379e-05	14
GO_ALPHA_BETA_T_CELL_ACTIVATION	1.20418926322	0.00033954359542332825	18
GO_REGULATION_OF_INTERLEUKIN_2_BIOSYNTHETIC_PROCESS	1.39801253236	0.010325407300249393	7
GO_RESPONSE_TO_YEAST	1.830123545	0.006726982878945196	5
GO_SEMAPHORIN_PLEXIN_SIGNALING_PATHWAY	1.24927715275	0.0015959215345164885	13
GO_REGULATION_OF_LYMPHOCYTE_MEDIATED_IMMUNITY	1.26308295227	4.797285711001719e-07	33
GO_REGULATION_OF_T_CELL_MIGRATION	1.45572803022	0.0026817022784954773	9
GO_SALIVARY_GLAND_DEVELOPMENT	1.38266456803	0.0015146893255211212	11
GO_REGULATION_OF_CELLULAR_EXTRAVASATION	1.43019293811	0.005258466236734713	8
GO_NEGATIVE_REGULATION_OF_CELLULAR_RESPONSE_TO_GROWTH_FACTOR_STIMULUS	1.17804684842	1.116784249838231e-06	35
GO_NEGATIVE_REGULATION_OF_ENDOTHELIAL_CELL_APOPTOTIC_PROCESS	1.32448349694	0.0055527990815514745	9
GO_MICROGLIAL_CELL_ACTIVATION	1.80365133364	0.003281493751885215	6
GO_POSITIVE_REGULATION_OF_LYMPHOCYTE_MIGRATION	1.32448349694	0.0055527990815514745	9
GO_POSITIVE_REGULATION_OF_CATION_TRANSMEMBRANE_TRANSPORT	1.13063265625	4.954965698970721e-05	26
GO_REGULATION_OF_INTERLEUKIN_6_PRODUCTION	1.19269362438	5.036824421635301e-06	30
GO_NEGATIVE_REGULATION_OF_CELL_MORPHOGENESIS_INVOLVED_IN_DIFFERENTIATION	1.14919198575	1.9042689296649083e-06	35
GO_SENSORY_PERCEPTION_OF_PAIN	1.15087344869	0.0008030652935288546	17
GO_NEGATIVE_REGULATION_OF_MYOBLAST_DIFFERENTIATION	1.35619235667	0.007579723746402422	8
GO_NEUTROPHIL_ACTIVATION_INVOLVED_IN_IMMUNE_RESPONSE	1.830123545	0.006726982878945196	5
GO_NATURAL_KILLER_CELL_ACTIVATION	1.14206755131	0.009826897409917476	10
GO_RESPONSE_TO_KETONE	1.03175740617	7.408714787438844e-07	46
GO_POSITIVE_REGULATION_OF_LIPID_KINASE_ACTIVITY	1.67812045155	4.467481800697056e-05	13
GO_REGULATION_OF_PROTEIN_AUTOPHOSPHORYLATION	1.53127906322	9.425290462857705e-05	14
GO_REGULATION_OF_MONOCYTE_CHEMOTAXIS	1.91258570519	5.7393900411283874e-05	10
GO_CELL_FATE_COMMITMENT	0.947307084369	3.55705797030786e-06	47
GO_MUSCLE_CELL_DIFFERENTIATION	0.662523596503	0.0008058495137744702	46
GO_POSITIVE_REGULATION_OF_CYCLIC_NUCLEOTIDE_METABOLIC_PROCESS	1.02902761341	0.0005653502057927609	22
GO_POSITIVE_REGULATION_OF_LIPASE_ACTIVITY	1.50819545011	4.676870291246653e-07	24
GO_ENDODERM_FORMATION	1.49049344838	1.5575512880615835e-05	18
GO_REGULATION_OF_ENDOTHELIAL_CELL_APOPTOTIC_PROCESS	1.5906576103	1.5785002204251625e-05	16
GO_POSITIVE_REGULATION_OF_ACTIVATED_T_CELL_PROLIFERATION	1.60773112366	0.0005697502292104943	10
GO_INNER_EAR_RECEPTOR_CELL_DEVELOPMENT	1.41508604572	0.002021822140617677	10
GO_POSITIVE_REGULATION_OF_STRESS_ACTIVATED_PROTEIN_KINASE_SIGNALING_CASCADE	0.928098704562	0.00012681479621172906	33
GO_FEMALE_SEX_DIFFERENTIATION	0.870765529496	0.001212637243086646	26
GO_RETINA_VASCULATURE_DEVELOPMENT_IN_CAMERA_TYPE_EYE	2.23066147458	9.832730595007237e-07	11
GO_CELLULAR_RESPONSE_TO_NUTRIENT	1.24927715275	0.0015959215345164885	13
GO_REGULATION_OF_SYSTEMIC_ARTERIAL_BLOOD_PRESSURE_MEDIATED_BY_A_CHEMICAL_SIGNAL	1.40510195715	0.0007892637763816322	12
GO_GASTRULATION	1.0575340411	2.31299839417222e-06	40
GO_CELLULAR_RESPONSE_TO_HEAT	1.27957107506	0.002975462465453345	11
GO_NEGATIVE_REGULATION_OF_ADAPTIVE_IMMUNE_RESPONSE	1.52057917457	0.0001837239811220912	13
GO_APICAL_JUNCTION_ASSEMBLY	1.31555037217	0.0006242803317488554	14
GO_LYMPHOCYTE_ACTIVATION_INVOLVED_IN_IMMUNE_RESPONSE	1.03426426178	0.0003048298570445116	24
GO_TERPENOID_METABOLIC_PROCESS	1.07146287973	0.0003569305711759888	22
GO_RESPONSE_TO_INTERLEUKIN_1	0.820139456426	0.0030570669924913038	24
GO_INNER_EAR_RECEPTOR_STEREOCILIUM_ORGANIZATION	1.77122985595	0.0008033887879146119	8
GO_REGULATION_OF_AXON_GUIDANCE	1.59565829136	8.088727284464956e-06	17
GO_REGULATION_OF_NEUROLOGICAL_SYSTEM_PROCESS	1.28580302877	0.0003429767431598416	16
GO_HIGH_DENSITY_LIPOPROTEIN_PARTICLE_REMODELING	1.67812045155	0.011735716195692691	5
GO_REGULATION_OF_ALPHA_BETA_T_CELL_ACTIVATION	1.23754786017	7.606112995642594e-05	21
GO_NEGATIVE_REGULATION_OF_LEUKOCYTE_MIGRATION	1.32448349694	0.0055527990815514745	9
GO_NEGATIVE_REGULATION_OF_AXON_EXTENSION	1.17562011102	0.003911167687277162	12
GO_REGULATION_OF_ACUTE_INFLAMMATORY_RESPONSE	1.95989141997	2.672627018097078e-13	31
GO_NEGATIVE_REGULATION_OF_CHEMOTAXIS	1.52611735811	1.0225697843196042e-05	18
GO_CELL_SUBSTRATE_ADHESION	1.28326083421	6.742486869993006e-11	54
GO_POSITIVE_REGULATION_OF_VASCULAR_ENDOTHELIAL_GROWTH_FACTOR_PRODUCTION	1.67812045155	8.818739575185466e-05	12
GO_VASCULAR_ENDOTHELIAL_GROWTH_FACTOR_SIGNALING_PATHWAY	2.04069053094	5.176377574335158e-05	9
GO_POSITIVE_REGULATION_OF_CALCIUM_MEDIATED_SIGNALING	1.09315795083	0.00915179544965135	11
GO_NEGATIVE_REGULATION_OF_EPITHELIAL_CELL_DIFFERENTIATION	1.67812045155	1.154587239866717e-05	15
GO_REGULATION_OF_EPITHELIAL_TO_MESENCHYMAL_TRANSITION	1.34370141248	8.614491311197297e-06	23
GO_POSITIVE_REGULATION_OF_NATURAL_KILLER_CELL_MEDIATED_IMMUNITY	1.67812045155	0.0013874660320845123	8
GO_OUTER_DYNEIN_ARM_ASSEMBLY	2.00004854644	0.00342986000842097	5
GO_LYMPH_VESSEL_DEVELOPMENT	2.09315795083	1.5221557877699602e-06	12
GO_SEMAPHORIN_PLEXIN_SIGNALING_PATHWAY_INVOLVED_IN_NEURON_PROJECTION_GUIDANCE	1.56264323413	0.009200011836371924	6
GO_NEPHRON_DEVELOPMENT	1.60011793955	3.1535364203662385e-13	45
GO_RENAL_FILTRATION	2.48547537361	1.5604999154446196e-05	7
GO_MECHANORECEPTOR_DIFFERENTIATION	1.5406169278	4.83970015288375e-05	15
GO_REGULATION_OF_LYMPHOCYTE_CHEMOTAXIS	1.50819545011	0.003521509075666721	8
GO_SEX_DIFFERENTIATION	0.810956134261	1.5561304023593368e-05	54
GO_EXTRACELLULAR_FIBRIL_ORGANIZATION	1.90051287289	0.0008626467749358958	7
GO_PLATELET_DEGRANULATION	1.76453520337	6.088843074426724e-15	43
GO_NEGATIVE_REGULATION_OF_RESPONSE_TO_WOUNDING	1.2157772375	1.392395179133596e-08	45
GO_RESPONSE_TO_VITAMIN	1.28123029899	1.1516870943217994e-06	30
GO_REGULATION_OF_DENDRITE_DEVELOPMENT	0.746507426534	0.0038367434313279058	27
GO_REGULATION_OF_ENDOTHELIAL_CELL_CHEMOTAXIS	1.578584778	0.004547872480493041	7
GO_CYTOKINE_METABOLIC_PROCESS	1.78503565547	0.0016173911035545605	7
GO_CENTRAL_NERVOUS_SYSTEM_NEURON_AXONOGENESIS	1.28580302877	0.010593890804159492	8
GO_POSITIVE_REGULATION_OF_PHOSPHOLIPASE_ACTIVITY	1.50819545011	4.199058821829746e-06	20
GO_DEVELOPMENTAL_MATURATION	0.924476116241	1.4047641442881435e-05	43
GO_EPITHELIAL_CELL_PROLIFERATION	0.992229041982	0.0006413489686283029	23
GO_RESPONSE_TO_PROTOZOAN	1.752121033	0.00020158820369067603	10
GO_REGULATION_OF_CHOLESTEROL_STORAGE	1.80365133364	0.003281493751885215	6
GO_BICELLULAR_TIGHT_JUNCTION_ASSEMBLY	1.14206755131	0.009826897409917476	10
GO_POSITIVE_REGULATION_OF_SMOOTH_MUSCLE_CONTRACTION	1.60011793955	0.0011331929792354483	9
GO_ALKALOID_METABOLIC_PROCESS	2.35619235667	0.002603079349623261	4
GO_REGULATION_OF_CELL_PROJECTION_ASSEMBLY	0.722514570912	0.002014908876292989	33
GO_INTEGRIN_MEDIATED_SIGNALING_PATHWAY	1.47458705747	7.112396949462929e-09	33
GO_NEURON_MIGRATION	1.25665668312	3.833788925848785e-06	28
GO_ETHANOL_METABOLIC_PROCESS	1.830123545	0.006726982878945196	5
GO_CENTRAL_NERVOUS_SYSTEM_PROJECTION_NEURON_AXONOGENESIS	1.39801253236	0.010325407300249393	7
GO_NEGATIVE_REGULATION_OF_ALPHA_BETA_T_CELL_ACTIVATION	1.43019293811	0.005258466236734713	8
GO_POSITIVE_REGULATION_OF_PATHWAY_RESTRICTED_SMAD_PROTEIN_PHOSPHORYLATION	1.75612296355	2.627314358872523e-07	19
GO_CELLULAR_RESPONSE_TO_ABIOTIC_STIMULUS	0.553229203726	0.0037091194298413516	47
GO_ENDODERM_DEVELOPMENT	1.30466205603	2.2299930252517166e-05	22
GO_BODY_FLUID_SECRETION	0.912585705191	0.00931538173486246	15
GO_REGULATION_OF_FAT_CELL_DIFFERENTIATION	0.952295414993	0.00047518941062479577	26
GO_ANTERIOR_POSTERIOR_PATTERN_SPECIFICATION	0.752121032997	0.0010187555893919275	35
GO_SENSORY_PERCEPTION_OF_MECHANICAL_STIMULUS	0.854998213638	0.0014433066519598	26
GO_POSITIVE_REGULATION_OF_CELL_CELL_ADHESION	0.878419102039	3.4971701392001144e-06	54
GO_NEGATIVE_REGULATION_OF_PROTEIN_SERINE_THREONINE_KINASE_ACTIVITY	1.00004854644	2.543745205676937e-05	35
GO_BRANCHING_MORPHOGENESIS_OF_AN_EPITHELIAL_TUBE	1.28907816081	7.462997794451358e-09	42
GO_GLIOGENESIS	0.800110975932	0.0003735757991396025	37
GO_LUNG_CELL_DIFFERENTIATION	1.32448349694	0.0055527990815514745	9
GO_RESPONSE_TO_TRANSITION_METAL_NANOPARTICLE	0.730587871448	0.003879893492484449	28
GO_PEPTIDE_CROSS_LINKING	1.32448349694	0.0055527990815514745	9
GO_REGULATION_OF_NF_KAPPAB_IMPORT_INTO_NUCLEUS	1.37555768153	0.00023493742650602215	15
GO_EXOCRINE_SYSTEM_DEVELOPMENT	1.20863516825	0.0021451100403757422	13
GO_NEGATIVE_REGULATION_OF_DENDRITIC_SPINE_DEVELOPMENT	1.67812045155	0.011735716195692691	5
GO_CELLULAR_HORMONE_METABOLIC_PROCESS	0.941154857387	0.0036752982033282236	18
GO_B_CELL_RECEPTOR_SIGNALING_PATHWAY	1.31555037217	0.0006242803317488554	14
GO_CELLULAR_RESPONSE_TO_PROSTAGLANDIN_E_STIMULUS	1.39801253236	0.010325407300249393	7
GO_EXTRACELLULAR_STRUCTURE_ORGANIZATION	1.65466147873	1.36298271923691e-35	122
GO_KIDNEY_MORPHOGENESIS	1.22440248411	4.15987893722553e-05	23
