node	log2fold	underenrichment_p_value	node_size
GO_TRANSLATIONAL_INITIATION	-2.79219948323	3.9670952690346206e-07	3
GO_DNA_REPLICATION	-1.69884900689	3.203443453428553e-06	9
GO_PROTEIN_MODIFICATION_BY_SMALL_PROTEIN_REMOVAL	-2.95123616853	8.859819240181623e-06	2
GO_PROTEIN_POLYUBIQUITINATION	-1.40279954383	7.481665580038737e-06	13
GO_CELLULAR_RESPIRATION	-1.70270133239	0.00014605673620490082	6
GO_PROTEIN_DNA_COMPLEX_SUBUNIT_ORGANIZATION	-1.64380764333	8.170290184651818e-05	7
GO_PROTEIN_SUMOYLATION	-1.99430489042	0.00018154636388489402	4
GO_POSITIVE_REGULATION_OF_LIGASE_ACTIVITY	-2.95123616853	8.859819240181623e-06	2
GO_RNA_MODIFICATION	-2.87646840012	1.8859709674991404e-05	2
GO_PROTEIN_LOCALIZATION_TO_ENDOPLASMIC_RETICULUM	-3.16736959939	7.658506482948646e-07	2
GO_MACROMOLECULAR_COMPLEX_DISASSEMBLY	-1.87207663101	3.9659257199043485e-06	7
GO_TELOMERE_ORGANIZATION	-2.53133291408	0.00036496375559056857	2
GO_PROTEIN_ALKYLATION	-2.09446905234	0.0006041474230985594	3
GO_NEGATIVE_REGULATION_OF_PROTEIN_MODIFICATION_BY_SMALL_PROTEIN_CONJUGATION_OR_REMOVAL	-1.49180454989	0.0004370314717334968	7
GO_GENE_SILENCING_BY_RNA	-3.7648230443	6.302438960673251e-06	1
GO_DNA_CONFORMATION_CHANGE	-1.59489804285	1.568493661340149e-05	9
GO_GOLGI_ORGANIZATION	-2.0406977959	0.0009072780825195403	3
GO_COFACTOR_BIOSYNTHETIC_PROCESS	-1.41991163141	0.0003773429047489675	8
GO_MRNA_3_END_PROCESSING	-3.3662736678	0.0001752326308026016	1
GO_MEMBRANE_BUDDING	-1.67237679553	0.0007088683070673127	5
GO_CELLULAR_PROTEIN_COMPLEX_DISASSEMBLY	-3.15476956261	8.935733197095868e-07	2
GO_NUCLEOTIDE_EXCISION_REPAIR	-3.03612506611	3.5557022129116256e-06	2
GO_MITOTIC_CELL_CYCLE_CHECKPOINT	-1.43338786366	0.0007805534115415487	7
GO_POSITIVE_REGULATION_OF_PROTEIN_MODIFICATION_BY_SMALL_PROTEIN_CONJUGATION_OR_REMOVAL	-1.44289494941	5.055015272163149e-05	10
GO_REGULATION_OF_PROTEIN_UBIQUITINATION_INVOLVED_IN_UBIQUITIN_DEPENDENT_PROTEIN_CATABOLIC_PROCESS	-1.89173515678	0.00045736272591746134	4
GO_TRANSLATIONAL_ELONGATION	-3.99430489042	5.651009858297078e-07	1
GO_PROTEASOMAL_PROTEIN_CATABOLIC_PROCESS	-2.25851748745	3.3119342547769833e-10	8
GO_REGULATION_OF_PROTEIN_MODIFICATION_BY_SMALL_PROTEIN_CONJUGATION_OR_REMOVAL	-1.20020099186	1.7195223061015812e-05	17
GO_REGULATION_OF_SIGNAL_TRANSDUCTION_BY_P53_CLASS_MEDIATOR	-2.88666416723	1.027942076470117e-07	3
GO_DNA_RECOMBINATION	-1.94915285403	1.2247528159500058e-06	7
GO_REGULATION_OF_MRNA_METABOLIC_PROCESS	-3.99430489042	5.651009858297078e-07	1
GO_NUCLEAR_EXPORT	-3.33310680387	8.709151935999456e-08	2
GO_VACUOLE_ORGANIZATION	-1.60198746764	0.00013290422581879074	7
GO_DNA_BIOSYNTHETIC_PROCESS	-1.9800910312	0.00020739547874505833	4
GO_REGULATION_OF_LIGASE_ACTIVITY	-2.60728176731	4.227224692831332e-06	3
GO_REGULATION_OF_RNA_STABILITY	-1.45703913173	0.0006197372023027358	7
GO_ANAPHASE_PROMOTING_COMPLEX_DEPENDENT_CATABOLIC_PROCESS	-2.49180454989	0.00048773354794602185	2
GO_RNA_3_END_PROCESSING	-3.73127048458	8.675402499457279e-06	1
GO_RRNA_METABOLIC_PROCESS	-5.16736959939	3.595807804410197e-16	1
GO_REGULATION_OF_RNA_SPLICING	-2.71419697123	8.405765154993098e-05	2
GO_PROTEIN_LOCALIZATION_TO_MITOCHONDRION	-3.10323926197	0.0009665938946371881	1
GO_METHYLATION	-1.32187954845	5.793845180493779e-05	12
GO_NCRNA_TRANSCRIPTION	-3.56980706189	3.629114808480286e-05	1
GO_RNA_CATABOLIC_PROCESS	-4.95123616853	7.650679612655192e-14	1
GO_MITOCHONDRIAL_TRANSPORT	-1.85585812045	2.4733994436521724e-05	6
GO_NUCLEIC_ACID_PHOSPHODIESTER_BOND_HYDROLYSIS	-1.70731058564	7.668750962044532e-07	10
GO_CELL_CYCLE_CHECKPOINT	-1.34867960779	0.00017475676059781098	10
GO_RNA_LOCALIZATION	-3.00370358842	1.6668109120669898e-08	3
GO_OXIDATIVE_PHOSPHORYLATION	-3.53133291408	4.9794485001468984e-05	1
GO_MACROMOLECULE_METHYLATION	-2.50178863846	4.518281854309516e-07	4
GO_RNA_PHOSPHODIESTER_BOND_HYDROLYSIS	-2.35162689184	6.532021919074083e-05	3
GO_REGULATION_OF_GENE_EXPRESSION_EPIGENETIC	-1.8967883845	1.4724588252180037e-05	6
GO_GENE_SILENCING	-3.25261688601	2.5911168828235407e-07	2
GO_DOUBLE_STRAND_BREAK_REPAIR	-2.73691704773	8.35222716139818e-07	3
GO_NUCLEOBASE_CONTAINING_COMPOUND_TRANSPORT	-2.09446905234	9.019786904004284e-07	6
GO_DNA_DEPENDENT_DNA_REPLICATION	-3.74814430315	7.394816679634796e-06	1
GO_NUCLEUS_ORGANIZATION	-1.82013041597	0.0001770059209940453	5
GO_RNA_SPLICING_VIA_TRANSESTERIFICATION_REACTIONS	-5.24074278572	4.7797671269897594e-17	1
