gene_set	genes_in_background	candidate_genes	gene_set_genes	overlapping_genes	log2_fold_enrichment	enrichment_p_value	enrichment_p.BH_value	underenrichment_p_value	underenrichment_p.BH_value	overlapping_gene_names
GO_LYMPHOCYTE_DIFFERENTIATION	17831	587	174	16	1.4819398052	0.00021048330603763715	0.02024147793061944	0.9999362956800669	0.9999999979123884	BCL6,CCR7,EOMES,FAS,IFNG,IL10,IL18R1,IRF4,ITGB1,LEF1,RORC,SATB1,SLAMF6,TBX21,TCF7,TNFSF8
GO_CHROMOSOME_LOCALIZATION	17831	587	53	9	2.36688784792	5.189837303107727e-05	0.00862613508985309	0.9999924677491463	0.9999999979123884	BIRC5,CDCA5,CDCA8,CEP55,DLGAP5,FAM83D,GEM,KIFC1,SPO11
GO_NUCLEAR_CHROMOSOME_SEGREGATION	17831	587	178	18	1.61907487152	2.4665202231751787e-05	0.004981137590702273	0.999993225003814	0.9999999979123884	BIRC5,CDCA5,CDCA8,CENPA,CENPH,CEP55,DLGAP5,ERCC6L,FAM83D,GEM,KIF18B,KIFC1,NCAPG,NDC80,PLK1,PRC1,SPO11,TTN
GO_T_CELL_ACTIVATION_INVOLVED_IN_IMMUNE_RESPONSE	17831	587	41	9	2.73725629787	5.831997701159804e-06	0.0018119568242295728	0.999999382012736	0.9999999979123884	CD86,EOMES,F2RL1,IFNG,IL18R1,IRF4,LEF1,RORC,SLAMF6
GO_REGULATION_OF_HEMOPOIESIS	17831	587	243	20	1.32199889233	0.0001656144511211548	0.017603072844166952	0.9999428919122592	0.9999999979123884	ADIPOQ,BCL6,CCL5,CD27,CD86,DTX1,FAS,GPR55,HES5,IFNG,IKZF3,IL23R,IRF4,ISG15,LEF1,MYB,PGLYRP1,SCIN,SLC9B2,TNFSF4
GO_REGULATION_OF_INTERFERON_GAMMA_PRODUCTION	17831	587	75	13	2.39650432869	9.088233047549531e-07	0.0006188877388160311	0.9999998673749515	0.9999999979123884	CCR7,IL10,IL12RB2,IL18R1,IL21,IL23R,ISG15,KLRK1,PGLYRP1,SLAMF6,TNFSF4,TXK,XCL1
GO_REGULATION_OF_HOMOTYPIC_CELL_CELL_ADHESION	17831	587	239	20	1.34594458795	0.0001323848437531542	0.015277210969113995	0.9999551528890324	0.9999999979123884	BCL6,BTLA,CASP3,CCL5,CCR7,CD86,DTX1,IFNG,IL10,IL21,IL23R,IL6ST,IRF4,KLRK1,LAG3,LAX1,MYB,TIGIT,TNFSF4,XCL1
GO_REGULATION_OF_CELL_KILLING	17831	587	51	11	2.71188957771	6.451085691263839e-07	0.0006188877388160311	0.9999999288837064	0.9999999979123884	CRTAM,F2RL1,IFNG,IL10,IL21,IL23R,KLRK1,LAG3,SH2D1A,SLAMF6,XCL1
GO_RESPONSE_TO_TYPE_I_INTERFERON	17831	587	42	7	2.33992080032	0.00040036043288732646	0.031097226700613684	0.9999422731696825	0.9999999979123884	IFIT1,IFIT2,IFIT3,IRF4,ISG15,MX1,MX2
GO_T_CELL_DIFFERENTIATION	17831	587	115	13	1.77983296824	0.00010550078612480825	0.012912656822972744	0.999974850274642	0.9999999979123884	CCR7,EOMES,FAS,IFNG,IL18R1,IRF4,LEF1,RORC,SATB1,SLAMF6,TBX21,TCF7,TNFSF8
GO_POSITIVE_REGULATION_OF_CD4_POSITIVE_ALPHA_BETA_T_CELL_ACTIVATION	17831	587	24	6	2.92488330104	0.00010060347692538034	0.01269804510317535	0.9999914131023886	0.9999999979123884	CD86,IFNG,IL23R,MYB,TNFSF4,XCL1
GO_DENDRITIC_CELL_CHEMOTAXIS	17831	587	14	5	3.43945647387	5.94452999713848e-05	0.008892576540163821	0.9999970262274405	0.9999999979123884	CCL5,CCR5,CCR6,CCR7,CXCR4
GO_LEUKOCYTE_CHEMOTAXIS	17831	587	90	11	1.89246182335	0.00017674708354645948	0.017847036761103746	0.9999618681421593	0.9999999979123884	CCL5,CCR5,CCR6,CCR7,CXCL10,CXCR3,CXCR4,EDN3,IFNG,IL10,XCL1
GO_LEUKOCYTE_MIGRATION	17831	587	215	19	1.4246179649	9.465741889644266e-05	0.01269804510317535	0.9999698265629917	0.9999999979123884	ATP1B3,CCL5,CCR5,CCR6,CCR7,CXCL10,CXCR3,CXCR4,EDN3,F2RL1,GPR15,IFNG,IL10,ITGB1,RET,S1PR1,SELL,TBX21,XCL1
GO_POSITIVE_REGULATION_OF_STAT_CASCADE	17831	587	56	8	2.11752837899	0.00046377705993229845	0.035343312171067044	0.9999187281393006	0.9999999979123884	CCL5,HES5,IFNG,IL10,IL21,IL23R,IL6ST,SOCS3
GO_REGULATION_OF_CHEMOTAXIS	17831	587	151	14	1.49383348378	0.00047314248178786884	0.03538930525817041	0.9998592881726986	0.9999999979123884	CCL5,CCR6,CCR7,CXCL10,CXCR3,CXCR4,DSCAM,EDN3,F2RL1,KLRK1,NTRK3,S1PR1,WNT3,XCL1
GO_REGULATION_OF_ALPHA_BETA_T_CELL_DIFFERENTIATION	17831	587	41	7	2.37468621848	0.00034325483513638374	0.02772812558231708	0.999951895812238	0.9999999979123884	BCL6,CD86,IFNG,IL23R,IRF4,MYB,TNFSF4
GO_CHROMOSOME_SEGREGATION	17831	587	217	18	1.33325707004	0.0003146058613464387	0.02593251171384216	0.9998929696859334	0.9999999979123884	BIRC5,CDCA5,CDCA8,CENPA,CENPH,CEP55,DLGAP5,ERCC6L,FAM83D,GEM,KIF18B,KIFC1,NCAPG,NDC80,PLK1,PRC1,SPO11,TTN
GO_REGULATION_OF_ISOTYPE_SWITCHING	17831	587	20	5	2.92488330104	0.0003907233971534361	0.030943760805935853	0.9999675850736675	0.9999999979123884	BCL6,IFNG,IL10,TBX21,TNFSF4
GO_POSITIVE_REGULATION_OF_INTERFERON_GAMMA_PRODUCTION	17831	587	52	8	2.2244435829	0.0002757024744352653	0.02474582876097859	0.9999556354582901	0.9999999979123884	IL12RB2,IL18R1,IL21,IL23R,KLRK1,SLAMF6,TNFSF4,TXK
GO_REGULATION_OF_LEUKOCYTE_DIFFERENTIATION	17831	587	187	17	1.46545168241	0.00015494833281429492	0.0173843421176927	0.99995235884653	0.9999999979123884	ADIPOQ,BCL6,CCL5,CD27,CD86,DTX1,FAS,GPR55,IFNG,IKZF3,IL23R,IRF4,LEF1,MYB,PGLYRP1,SLC9B2,TNFSF4
GO_HOMOPHILIC_CELL_ADHESION_VIA_PLASMA_MEMBRANE_ADHESION_MOLECULES	17831	587	74	9	1.88535493686	0.0007018582981952582	0.04853888698227375	0.9998506397324284	0.9999999979123884	CD200,CDH23,CDH24,CRTAM,DSCAM,ITGB1,KIRREL3,RET,TIGIT
GO_ADAPTIVE_IMMUNE_RESPONSE	17831	587	179	21	1.83338494656	4.7413548908970834e-07	0.0006188877388160311	0.9999998888893563	0.9999999979123884	BCL6,BTLA,CD27,CD7,CD86,CRTAM,EOMES,FAS,IFNG,IL18R1,IRF4,KLRK1,LAX1,LEF1,RORC,SH2D1A,SLAMF6,SLAMF7,SUSD4,TRAT1,TXK
GO_REGULATION_OF_CYTOSOLIC_CALCIUM_ION_CONCENTRATION	17831	587	149	17	1.79317762183	8.463371208054868e-06	0.0021364722693333507	0.9999979708624706	0.9999999979123884	ATP2B2,CCR10,CCR5,CCR6,CCR7,CDH23,CXCR3,CXCR4,ESR1,F2RL1,GTF2I,RASA3,RYR1,RYR3,S1PR1,TBXA2R,XCL1
GO_DEFENSE_RESPONSE_TO_VIRUS	17831	587	111	12	1.71542993542	0.0002937288501278087	0.02524193246098339	0.9999268993003438	0.9999999979123884	CD86,CXCL10,F2RL1,GBP3,IFIH1,IFIT1,IFIT2,IFIT3,IFNG,ISG15,MX1,MX2
GO_CELL_CHEMOTAXIS	17831	587	124	13	1.6711267088	0.00022635664528284052	0.020932918489156203	0.9999413827898209	0.9999999979123884	CCL5,CCR5,CCR6,CCR7,CXCL10,CXCR3,CXCR4,DOCK4,EDN3,IFNG,IL10,LEF1,XCL1
GO_ALPHA_BETA_T_CELL_DIFFERENTIATION	17831	587	44	10	2.78737977729	1.2512634922992818e-06	0.0006317316556746	0.9999998719523151	0.9999999979123884	EOMES,IFNG,IL18R1,IRF4,LEF1,RORC,SATB1,SLAMF6,TCF7,TNFSF8
GO_POSITIVE_REGULATION_OF_LYMPHOCYTE_MEDIATED_IMMUNITY	17831	587	55	11	2.60295520616	1.4383468097585342e-06	0.0006454980849571911	0.9999998257269461	0.9999999979123884	CRTAM,IFNG,IL21,IL23R,KLRK1,LAG3,SH2D1A,SLAMF6,TBX21,TNFSF4,XCL1
GO_CALCIUM_ION_TRANSMEMBRANE_TRANSPORT	17831	587	107	12	1.76837881536	0.00020793700956974484	0.02024147793061944	0.9999502955604068	0.9999999979123884	ATP2B2,CACNA1D,CACNA1S,CACNA2D4,CATSPER2,CCR5,CCR7,RASA3,RYR1,RYR3,SLC24A3,XCL1
GO_REGULATION_OF_INTERLEUKIN_12_PRODUCTION	17831	587	46	7	2.20867626705	0.0007090354869903816	0.04853888698227375	0.9998863255845221	0.9999999979123884	CCR7,IFNG,IL10,IL23R,TIGIT,TNFRSF9,TNFSF4
GO_REGULATION_OF_CD4_POSITIVE_ALPHA_BETA_T_CELL_ACTIVATION	17831	587	34	8	2.83742045979	1.1198244013740265e-05	0.0026605710336174665	0.9999989273939627	0.9999999979123884	BCL6,CD86,IFNG,IL23R,IRF4,MYB,TNFSF4,XCL1
GO_LEUKOCYTE_CELL_CELL_ADHESION	17831	587	212	20	1.51889094137	2.4635702305545114e-05	0.004981137590702273	0.999992666810671	0.9999999979123884	CCL5,CCR7,CD7,CD86,CRTAM,EOMES,F2RL1,FAS,IFNG,IL18R1,IRF4,ITGB1,LEF1,RORC,SATB1,SLAMF6,TBX21,TCF7,TNFSF4,TNFSF8
GO_REGULATION_OF_B_CELL_MEDIATED_IMMUNITY	17831	587	31	7	2.77804191272	5.339276485425285e-05	0.00862613508985309	0.9999946912891878	0.9999999979123884	BCL6,IFNG,IL10,SUSD4,TBX21,TNFSF4,XCL1
GO_CALCIUM_ION_TRANSPORT	17831	587	155	14	1.45611381783	0.0006153955617971891	0.04360671358068152	0.9998117824573887	0.9999999979123884	ATP2B2,CACNA1D,CACNA1S,CACNA2D4,CATSPER2,CCL5,CCR5,CCR7,CDH23,RASA3,RYR1,RYR3,SLC24A3,XCL1
GO_REGULATION_OF_LEUKOCYTE_MEDIATED_CYTOTOXICITY	17831	587	42	9	2.70249087971	7.207803699468296e-06	0.0020182086854451118	0.9999992126404167	0.9999999979123884	CRTAM,F2RL1,IL21,IL23R,KLRK1,LAG3,SH2D1A,SLAMF6,XCL1
GO_T_CELL_DIFFERENTIATION_INVOLVED_IN_IMMUNE_RESPONSE	17831	587	29	7	2.87425722797	3.35563751109198e-05	0.006454009479666909	0.9999969385897739	0.9999999979123884	EOMES,IFNG,IL18R1,IRF4,LEF1,RORC,SLAMF6
GO_LYMPHOCYTE_MIGRATION	17831	587	34	9	3.00734546124	1.0725957345165182e-06	0.0006188877388160311	0.9999999110070851	0.9999999979123884	CCL5,CCR7,CXCL10,CXCR3,GPR15,RET,S1PR1,TBX21,XCL1
GO_DENDRITIC_CELL_MIGRATION	17831	587	18	5	3.07688639449	0.00022803872580412797	0.020932918489156203	0.9999835764356996	0.9999999979123884	CCL5,CCR5,CCR6,CCR7,CXCR4
GO_REGULATION_OF_INTERLEUKIN_17_PRODUCTION	17831	587	21	5	2.85449397315	0.0004990359793693536	0.036647387648596715	0.9999558768771305	0.9999999979123884	IFNG,IL21,IL23R,SLAMF6,TNFSF4
GO_POSITIVE_REGULATION_OF_CHEMOTAXIS	17831	587	106	11	1.65639446512	0.0007362724609175539	0.049563407827433334	0.9998098086729537	0.9999999979123884	CCL5,CCR6,CCR7,CXCL10,CXCR3,DSCAM,EDN3,F2RL1,NTRK3,S1PR1,XCL1
GO_REGULATION_OF_T_HELPER_CELL_DIFFERENTIATION	17831	587	23	6	2.98628384571	7.759932689436133e-05	0.011193702904511622	0.9999937406614929	0.9999999979123884	BCL6,CD86,IL23R,IRF4,MYB,TNFSF4
GO_NEGATIVE_REGULATION_OF_CYTOKINE_PRODUCTION	17831	587	171	17	1.59449362741	5.115893484754435e-05	0.00862613508985309	0.9999857237853189	0.9999999979123884	ADIPOQ,BCL6,F2RL1,IFIH1,IFNG,IL10,IL23R,ISG15,KLF2,LAG3,LEF1,PGLYRP1,REL,TIGIT,TNFRSF9,TNFSF4,XCL1
GO_REGULATION_OF_LEUKOCYTE_MEDIATED_IMMUNITY	17831	587	123	15	1.88925939131	1.2741890045737817e-05	0.0028591385497075024	0.9999971828700238	0.9999999979123884	BCL6,CRTAM,F2RL1,IFNG,IL10,IL21,IL23R,KLRK1,LAG3,SH2D1A,SLAMF6,SUSD4,TBX21,TNFSF4,XCL1
GO_CHEMOKINE_MEDIATED_SIGNALING_PATHWAY	17831	587	49	10	2.63210155182	3.573436568758293e-06	0.0012027591917678955	0.999999581080308	0.9999999979123884	CCL5,CCR10,CCR5,CCR6,CCR7,CXCL10,CXCR3,CXCR4,CXCR5,XCL1
GO_POSITIVE_REGULATION_OF_CELL_KILLING	17831	587	31	10	3.29261508555	3.290510402227928e-08	0.000132903715145986	0.9999999979123884	0.9999999979123884	CRTAM,F2RL1,IFNG,IL21,IL23R,KLRK1,LAG3,SH2D1A,SLAMF6,XCL1
GO_LEUKOCYTE_DIFFERENTIATION	17831	587	243	20	1.32199889233	0.0001656144511211548	0.017603072844166952	0.9999428919122592	0.9999999979123884	BCL6,CCR7,CD109,CD86,EOMES,F2RL1,FAS,IFNG,IL10,IL18R1,IRF4,ITGB1,L3MBTL3,LEF1,RORC,SATB1,SLAMF6,TBX21,TCF7,TNFSF8
GO_POSITIVE_REGULATION_OF_LEUKOCYTE_MEDIATED_IMMUNITY	17831	587	67	12	2.44375661131	1.6614804397863384e-06	0.000671071949629702	0.9999997681721301	0.9999999979123884	CRTAM,F2RL1,IFNG,IL21,IL23R,KLRK1,LAG3,SH2D1A,SLAMF6,TBX21,TNFSF4,XCL1
GO_POSITIVE_REGULATION_OF_IMMUNE_EFFECTOR_PROCESS	17831	587	124	14	1.77804191272	5.861721100272024e-05	0.008892576540163821	0.9999859364355191	0.9999999979123884	CD86,CRTAM,F2RL1,IFNG,IL21,IL23R,KLRK1,LAG3,MYB,SH2D1A,SLAMF6,TBX21,TNFSF4,XCL1
GO_REGULATION_OF_LYMPHOCYTE_DIFFERENTIATION	17831	587	105	12	1.7956002841	0.00017375389080219738	0.017847036761103746	0.9999593225818657	0.9999999979123884	BCL6,CD27,CD86,DTX1,FAS,IFNG,IKZF3,IL23R,IRF4,MYB,PGLYRP1,TNFSF4
GO_MITOTIC_SISTER_CHROMATID_SEGREGATION	17831	587	78	11	2.09891270082	4.716036452125035e-05	0.00862613508985309	0.9999913450614899	0.9999999979123884	CDCA5,CDCA8,CEP55,DLGAP5,KIF18B,KIFC1,NCAPG,NDC80,PLK1,PRC1,TTN
GO_RESPONSE_TO_VIRUS	17831	587	184	20	1.72324943988	2.947353402524222e-06	0.0010822145811632121	0.9999992491296686	0.9999999979123884	CCL5,CD86,CXCL10,CXCR4,DCLK1,F2RL1,GBP3,IFIH1,IFIT1,IFIT2,IFIT3,IFNG,ISG15,MX1,MX2,ODC1,PENK,TBX21,TNFSF4,XCL1
GO_CD4_POSITIVE_ALPHA_BETA_T_CELL_ACTIVATION	17831	587	33	7	2.68784410374	8.192579455092974e-05	0.011410285661765699	0.9999911842684984	0.9999999979123884	IL18R1,IRF4,LEF1,RORC,SATB1,SLAMF6,TNFSF4
GO_REGULATION_OF_NATURAL_KILLER_CELL_MEDIATED_IMMUNITY	17831	587	24	6	2.92488330104	0.00010060347692538034	0.01269804510317535	0.9999914131023886	0.9999999979123884	CRTAM,IL21,KLRK1,LAG3,SH2D1A,SLAMF6
GO_ALPHA_BETA_T_CELL_ACTIVATION	17831	587	50	11	2.74045872991	5.213050802149292e-07	0.0006188877388160311	0.999999943966386	0.9999999979123884	EOMES,IFNG,IL18R1,IRF4,LEF1,RORC,SATB1,SLAMF6,TCF7,TNFSF4,TNFSF8
GO_REGULATION_OF_LYMPHOCYTE_MEDIATED_IMMUNITY	17831	587	88	14	2.27280660447	1.0264538102029167e-06	0.0006188877388160311	0.9999998334488263	0.9999999979123884	BCL6,CRTAM,IFNG,IL10,IL21,IL23R,KLRK1,LAG3,SH2D1A,SLAMF6,SUSD4,TBX21,TNFSF4,XCL1
GO_NATURAL_KILLER_CELL_ACTIVATION	17831	587	29	6	2.65186480664	0.000308666211242003	0.02593251171384216	0.99996644360213	0.9999999979123884	IL18R1,IL21R,IL2RB,KLRK1,SLAMF6,SLAMF7
GO_RESPONSE_TO_KETONE	17831	587	144	14	1.56231322166	0.00029100289322213564	0.02524193246098339	0.9999177715955622	0.9999999979123884	CATSPER2,CCL5,CCNE1,CCR7,FAS,FOXO1,KLF2,MSTN,NPAS4,NTRK3,PTGER2,SOCS3,TGFBR3,TNFSF4
GO_REGULATION_OF_ALPHA_BETA_T_CELL_ACTIVATION	17831	587	57	8	2.09199328688	0.0005241926604522792	0.03780739563512064	0.9999062684611181	0.9999999979123884	BCL6,CD86,IFNG,IL23R,IRF4,MYB,TNFSF4,XCL1
GO_SISTER_CHROMATID_SEGREGATION	17831	587	150	15	1.60295520616	0.00013060998614523986	0.015277210969113995	0.9999640420275232	0.9999999979123884	BIRC5,CDCA5,CDCA8,CENPA,CENPH,CEP55,DLGAP5,ERCC6L,KIF18B,KIFC1,NCAPG,NDC80,PLK1,PRC1,TTN
GO_POSITIVE_REGULATION_OF_NATURAL_KILLER_CELL_MEDIATED_IMMUNITY	17831	587	16	6	3.50984580177	7.4952043282190345e-06	0.0020182086854451118	0.9999996428546742	0.9999999979123884	CRTAM,IL21,KLRK1,LAG3,SH2D1A,SLAMF6
