upstream_regulator	activation_zscore	enrichment_p_value	enrichment_p.BH_value	log2_fold_enrichment	genes_in_background	target_genes	genes_activated	genes_inhibited	candidate_genes	overlapping_genes	bias_term	activated_gene_names	inhibited_gene_names	overlapping_gene_names
TBX21	-0.614078228004	0.00030449790634883917	0.002131485344441874	2.26308295227	17831	8	3	3	2786	6	0.0	IL21,IL4,S1PR5	IFNG,IL7,SPP1	GATA3,IFNG,IL21,IL23R,IL4,S1PR5
FOXA1	-2.41421286312	8.782822594849258e-05	0.0008892556654087486	2.45572803022	17831	7	0	2	2786	6	-0.116386292835		AFP,GCG	AFP,GCG,SCGB1A1,SFTPA1,SFTPC,SFTPD
IKBKB	-1.02244657277	0.018780901565313937	0.0515880460718117	1.5406169278	17831	11	5	5	2786	5	0.0	CXCL2,CXCL9,NFKB1,PTGS2,TNF	CXCL10,CXCL11,CXCR4,NFKBIA,RPS6KB1	CXCL10,CXCL2,CXCR4,NFKB1,PTGS2
GATA6	-0.785422142154	0.0004155460704150711	0.002504819368890845	2.02604375497	17831	11	4	4	2786	7	0.0	NKX2-1,SFTPA1,SFTPC,WNT7B	CAV1,MYLK,NOX1,TTF1	CAV1,MYLK,NKX2-1,PPP1R14A,RBPJL,SFTPA1,SFTPC
MAFA	0.200130113235	0.17638523292213618	0.25861888881151046	1.35619235667	17831	5	3	1	2786	2	0.0581931464174	GLP1R,PCSK1,PCX	SLC2A2	GLP1R,PCSK1
NKX2-1	1.23087766435	0.006840049900725805	0.02319204419464843	2.09315795083	17831	6	5	0	2786	4	0.116386292835	FOXJ1,SCGB1A1,SFTPC,SOX17,WNT7B		FOXJ1,SCGB1A1,SFTPC,SOX17
IKZF1	-1.49080672873	0.054369565825210436	0.11218096651282997	1.19269362438	17831	14	3	4	2786	5	-0.0166266132621	CD4,FGFR4,MYC	CASZ1,IL2,NOS2,PROM1	CASZ1,CD79A,IL10,OSR1,PROM1
APEX1	0.825340129834	0.024553016343704333	0.06267612641286918	1.67812045155	17831	8	6	1	2786	4	0.0831330663106	BLK,CCL12,NFKB1,PAX5,PTGS2,RELA	TLR4	BLK,NFKB1,PTGS2,TLR4
GLI1	-3.04816091853	0.23825565124225415	0.3386376572413093	1.09315795083	17831	6	0	5	2786	2	-0.116386292835		CDH1,FOXM1,PVR,RUNX2,RUNX3	CDH1,PDGFRA
NFE2L2	0.15928772805	0.000247985232769641	0.00179375985036707	1.32056844694	17831	41	19	13	2786	16	0.0218224299065	AREG,CD36,CEBPB,COX17,CYP2A5,FMO3,GCLC,HMOX1,MT1,NFATC1,NQO1,PPARG,PRDX1,RUNX2,SCARB1,SLC40A1,SLC7A11,SRXN1,UGT1A6A	BCL2,FAS,FOS,IL10,KEAP1,MDM2,NFKB1,SLC40A1,SQSTM1,TGFB1,TNFSF11,TXNIP,TXNRD1	AREG,CD36,FAS,FMO3,GCLC,IL10,MGST1,MT1,NFATC1,NFKB1,NQO1,PPARG,SCARB1,SLC40A1,SLC7A11,UGT1A6A
RBPJ	-0.0352802757709	0.00011141377915661568	0.0010073662532077334	1.94115485739	17831	15	6	3	2786	9	0.038795430945	CR2,HES1,NFATC1,PRDM1,SOX9,TYROBP	FOS,PLCG2,RLIM	BIRC5,CDKN1A,CR2,HES1,HESX1,NFATC1,NODAL,PLCG2,TYROBP
SIX1	-0.708508109375	0.30090426577690393	0.40059034155575557	0.870765529496	17831	7	4	3	2786	2	0.0166266132621	CCND1,DUSP6,MTOR,VEGFC	CCNA2,MYOD1,SIX2	CCND1,VEGFC
RORA	0.310089728743	0.5724003413308025	0.6678003982192696	0.356192356666	17831	5	2	0	2786	1	0.116386292835	CYP7B1,LAMB1		LAMB1
PROX1	-1.77444001656	0.03881384311338974	0.08773545787089139	1.50819545011	17831	9	2	4	2786	4	-0.038795430945	FLT4,IFNG	CCNE1,ESRRA,RGS4,TWIST1	CALCRL,CCNE1,IFNG,RGS4
ETS1	2.55507539036	4.365428951611002e-09	3.157660274998625e-07	1.70613482772	17831	51	24	6	2786	26	0.0698317757009	ANGPT2,ANPEP,BMP4,CCL2,CDKN2A,CSF1R,CSF3R,ERG,FLI1,HMOX1,IGHM,IKZF1,IL10,IL5,IL7R,ITGA2B,KDR,NPR1,PCYT1A,PRDM1,PTGS2,RETNLA,RNF11,VWF	CD3D,CD4,RUNX2,SELL,SPP1,TGFBR2	ANGPT2,ANPEP,BMP4,CDH5,CSF1R,CSF3R,EBF1,ERG,IL10,IL5,ITGA2B,KDR,KRT8,LTBR,MMP3,MMP9,NOS3,NPR1,NR2F2,PTGS2,SELL,SH2D1A,TBX21,THBD,VEGFA,VWF
ISL1	-0.412146009135	0.029742223094609357	0.0693985205540885	1.94115485739	17831	5	3	2	2786	3	0.023277258567	FGF10,MSX1,PBX1	MEF2C,TBX5	MEF2C,MSX1,PBX1
RELB	-1.53898771261	0.029742223094609357	0.0693985205540885	1.94115485739	17831	5	2	3	2786	3	-0.023277258567	CCND1,MYC	CCND1,MYB,MYC	CCND1,HES1,MYB
RELA	0.717230542514	1.2713487446978359e-08	6.89706693998576e-07	1.31966648064	17831	100	39	25	2786	39	0.0254595015576	AKT1,BCL2L1,BIRC3,CCL12,CCL2,CCND1,CD40,CD80,CDK9,CDKN1B,CFLAR,CSF1,CXCL15,EPAS1,FN1,FTH1,HES1,HSD11B2,IL12B,IL2,IL6,KLRB1C,MET,MMP14,MMP9,MYC,NFKB1,NOS2,PECAM1,PTEN,PTGS2,SELP,SERPINE2,SOD2,TNF,TNFAIP3,TWIST1,UPP1,WT1	BCL2,BMP2,CD86,CLDN5,COL1A1,CXCL10,DCST1,FAS,FASL,GLI1,HES1,HGF,IFNG,ITCH,LTC4S,NOS2,PDK4,PGLYRP1,RIPK2,STK39,TEC,TNF,TNFSF13B,TRP63,TRP73	APOE,CCL5,CCND1,CD40,CD86,CLDN5,COL1A1,CSF1,CXCL10,CXCL15,CXCR4,CYP11A1,EPAS1,FAS,FASL,FN1,HES1,IFNG,IL10,IL12B,IL4,IL6,IRF4,KLF5,LTC4S,MGMT,MMP9,NFKB1,NGB,PGF,PGLYRP1,PTAFR,PTGS2,RORC,SELP,SERPINE2,TLR2,TRP73,UPP1
MYB	-0.307933534929	0.004547872480493041	0.017623005861910533	1.578584778	17831	15	5	3	2786	7	0.0290965732087	ANPEP,GSTM2,IGFBP5,KIT,PTGS2	CDKN1A,CSF1R,CSF3R	ANPEP,CDKN1A,CSF1R,CSF3R,GSTM2,IGFBP5,PTGS2
DMTF1	-2.22761127945	0.69561678158639	0.739945301981601	-0.129234470504	17831	7	1	3	2786	1	-0.0581931464174	CDKN2A	AREG,EGR1,JUNB	AREG
BRCA1	-2.55940961742	0.6392292793457941	0.707718130704272	0.0931579508324	17831	6	1	5	2786	1	-0.0775908618899	CDKN1A	MAD2L1,MDM2,RAD51,SIRT1,TPT1	CDKN1A
WT1	-2.34231791818	0.01399143817534433	0.04048189445399626	1.8707655295	17831	7	1	4	2786	4	-0.0698317757009	VEGFA	CSF1,IGF2,IL10,STIM1	CSF1,IGF2,IL10,VEGFA
ETS2	1.5111357752	0.06862179762547994	0.13062219372569428	0.90051287289	17831	24	13	3	2786	7	0.0727414330218	BCL2L1,CDKN2A,CSF1R,CSF3R,ERG,FLI1,HMOX1,HMOX2,KRT8,NOS2,PCYT1A,STAB1,TLR13	CD4,MDM2,NAB2	CSF1R,CSF3R,ERG,KRT8,SH2D1A,STAB1,TLR13
TRP53	-0.643157895689	1.8858471819384982e-05	0.0002683600266268286	0.920690754828	17831	142	50	49	2786	42	0.00117561911954	AFP,AGTR1A,APAF1,ATF3,BCL2,CASP6,CCNB1,CDKN1A,CHEK1,CXCR2,DDIT4,EDIL3,ELF4,FOXM1,GDF15,GSK3B,HDGF,HGF,HIPK2,HMOX1,HRAS,KLF2,KLF4,KRT19,MCM7,MCTS1,MDM2,MET,MGMT,NDRG1,NOTCH1,PCNA,PER2,PERP,POLK,PRNP,PSEN1,RPS6KA1,RUNX1,SIVA1,SOD2,SRC,TCF4,TERT,THBS1,TNFRSF10B,TRP73,TYMS,UHRF1,UPP1	BAK1,BAX,BBC3,BCL2,BTG2,CASP7,CDK2,CDK5,CDKN1A,CKAP2,DUSP2,DUSP4,DYRK1A,E2F1,FAS,FOS,FOXO3,FOXP3,GADD45A,GTSE1,HSPA1B,INSR,LTF,MAPK1,MDM2,MET,NOTCH1,NUPR1,PER2,PIAS3,PKD1,PLK3,PML,PTGS2,PTK2,RAP2B,REEP5,SESN1,SIAH1B,SIN3A,SLC6A6,SREBF1,TCF7L2,TFF2,THBS1,TPT1,TRP53,TRP53INP1,UPP1	AFP,ATF3,AXL,BIRC5,CASP3,CCNB2,CDKN1A,CDKN1C,CXCR2,DUSP2,DUSP4,EDIL3,EPCAM,FAS,FPR1,GAP43,GDF15,IGF1R,KLF2,KRT19,LIF,LTF,MGMT,MT1,NDRG1,NFKB1,NUPR1,PDGFRB,PERP,PRNP,PTGS2,PTK2,SRC,STEAP3,TCF4,TCF7L2,TFF2,THBS1,TRP73,UHRF1,UPP1,ZFP385A
SP1	1.1126218123	5.643661960761115e-14	6.12337322742581e-12	1.19018240523	17831	230	69	48	2786	82	0.0208898474319	ABCC1,ACACA,ACSBG1,ACSS1,ACTA2,AHR,APP,BACE1,BFSP1,BSG,BTK,CADM1,CCL2,CCND1,CCND2,CCND3,CDH5,CDKN1A,CDKN1C,CES1D,CIRBP,COL1A2,COL5A1,COPS5,COX17,CSF1,CSF1R,CSF2,CSRP2,CTSE,CYP11A1,DMD,ECM1,EGR1,EPOR,GPC4,HGF,HSPA1B,IL2,ITGA5,KCNN3,KRT5,LGALS1,LIPE,MET,MFN2,MGP,MMP9,MYH11,NOS3,NPR1,NRP1,PCYT1A,PEMT,PRKRA,PTDSS1,PTGS1,PTGS2,RAC2,SLC2A1,SLC9A2,SOD3,SP4,SRC,SREBF1,TGM1,TNFSF11,UCP3,VEGFA	ARNTL,ASCL2,CD1D2,CDKN2C,CEBPA,CEND1,COX4I1,DNMT1,EPOR,FMR1,GSTK1,HINFP,HSPA1B,ICAM1,IL10,ITGA6,JAK3,KCNN3,KDM5A,KLF16,LOR,LTF,MET,MGARP,MIF,MRC1,MYB,MYC,NRGN,OPRM1,PARP1,PCYT1A,PLD2,RAC2,REST,RUNX2,SELL,SETDB1,SIRT1,SLC2A3,TEC,TERT,TESC,THRA,TPT1,TXLNG,VEGFA,ZBTB14	ABCB1A,ACTA2,ADCY4,ALDH3A1,ALOX5,ALOX8,APOE,APP,AR,ASAH1,ASCL2,BMP4,BMP7,BTK,CADM1,CCND1,CD14,CD79A,CDH5,CDKN1A,CDKN1C,CEBPD,CES1D,CES2C,COL1A1,COL1A2,COL5A1,CSF1,CSF1R,CSF2,CSRP2,CYP11A1,DCK,ECM1,EPAS1,FASL,FBLN1,GFPT2,GHR,IGFBP3,IL10,IL6,ITGA5,KCNN3,LMNA,LPL,LTF,MERTK,MGARP,MGP,MGST1,MMP9,MRC1,MYB,MYH11,NDRG1,NES,NFATC1,NGB,NKX2-1,NOS3,NPR1,NR1H3,PLAUR,PRKAR2B,PTGS1,PTGS2,SCARB1,SELL,SLC11A1,SOCS3,SOD3,SPARC,SRC,ST8SIA1,SULT1A1,SYN2,TIMP3,TLR2,TRF,UCP3,VEGFA
SP2	-2.41421199975	0.3625780963877951	0.46555885749202086	0.678120451554	17831	8	0	2	2786	2	-0.116386292835		B4GALNT1,PCYT1A	ALOX8,MGP
SP3	-0.0509256531482	5.054344350122355e-06	0.0001370990904970689	1.29109732844	17831	68	24	17	2786	26	0.019870830484	ACACA,ACSBG1,ACTA2,AHR,ANGPT2,BSG,CDH5,CDKN1A,CEBPA,CSF1,DMD,GHR,GPC4,HGF,LIPE,OPRM1,PCYT1A,PRKRA,PTDSS1,PTGS2,SOD3,TXLNG,UCP3,VEGFA	ANGPT2,DNMT1,IL10,ITGA6,KCNN3,MET,MGP,NRGN,OPRM1,RAC2,SETDB1,SLC2A3,SLC9A2,SP1,TERT,TESC,ZFP143	ACTA2,ADCY4,ALOX8,ANGPT2,CDH5,CDKN1A,CES2C,CSF1,DCK,EPAS1,FBLN1,GHR,IL10,IL6,KCNN3,LMNA,LPL,MERTK,MGP,NES,NOS3,PTGS2,SOCS3,SOD3,UCP3,VEGFA
SP4	-2.41363324145	0.6392292793457941	0.707718130704272	0.0931579508324	17831	6	0	2	2786	1	-0.116386292835		NRGN,SLC9A2	VEGFA
CREB1	-2.08219410558	0.3839475661676098	0.4900977756374783	0.2996088283	17831	26	4	8	2786	5	-0.038795430945	FOS,MITF,PTGS2,SLC2A3	ENTPD1,ETV3,FOS,HSPA5,IL10,MIF,NOCT,SLC20A1	ESR1,IL10,NMNAT2,PENK,PTGS2
PER1	-0.544597194701	0.7431937366578221	0.7790968157234174	-0.321879548446	17831	8	2	1	2786	1	0.038795430945	CLOCK,CRY2	ARNTL	SCNN1A
LDB1	-1.61762591383	0.024553016343704333	0.06267612641286918	1.67812045155	17831	8	1	1	2786	4	0.0	EPB42	RUNX1	BMP7,GLP1R,IGF1,LHX6
SNAI2	-2.62669810852	0.05264439628939249	0.11218096651282997	1.67812045155	17831	6	1	5	2786	3	-0.0775908618899	BBC3	CDH1,CTNNB1,DSG2,OCLN,TJP1	CDH1,OCLN,TJP1
NR1I3	-2.73205006972	0.7833363753532029	0.8094475878649764	-0.491804549889	17831	9	0	3	2786	1	-0.116386292835		ATP6V1E1,CPT1A,MCL1	CYP2B10
GATA4	-0.00814210037158	0.2858042915651711	0.39756109788232136	0.678120451554	17831	12	3	2	2786	3	0.023277258567	CCND2,EPOR,ID2	HSPA5,IFI204	BMP4,HESX1,MEF2C
SNAI1	-2.18212676066	5.634530779267842e-05	0.0006113465895505608	1.8156239753	17831	20	7	10	2786	11	-0.0205387575591	CDH1,ID1,LLGL2,MMP15,MMP2,RUNX2,TRP53	CDH1,CLDN3,CTNNB1,CXADR,ITGB4,OCLN,PHGDH,PTGS2,THBD,TJP1	CDH1,CLDN3,FN1,ID1,ITGB4,MMP15,OCLN,PTGS2,TFCP2L1,THBD,TJP1
GATA2	0.266480384088	0.01399143817534433	0.04048189445399626	1.8707655295	17831	7	6	2	2786	4	0.0581931464174	ANGPT2,CSF2,LYL1,RC3H1,SMAD6,SPI1	CEBPA,SPI1	ANGPT2,CSF2,SMAD6,SPI1
GATA3	1.41543947853	0.002800446757265683	0.011686479737051024	1.67812045155	17831	14	9	1	2786	7	0.0931090342679	CDKN2C,DLC1,ERG,FGF10,IFNG,IL13,IL5,RUNX3,TBX21	IL10	ERG,IFNG,IL10,IL13,IL4,IL5,TBX21
GATA1	-1.43514546861	0.2403234986873808	0.3386376572413093	0.803651333637	17831	11	4	3	2786	3	0.0166266132621	EPB42,SIGMAR1,TFDP2,ZFP26	CDC6,FLI1,SPI1	ITGA2B,NFE2,SPI1
FOXA2	0.64888985909	0.0010436431799882065	0.005523672440425386	1.43711235205	17831	26	10	4	2786	11	0.0498798397864	CCL20,HADH,MCHR1,MSX1,OTX1,SOX17,TBX1,TLE4,VTN,WNT7B	IL13,IL33,IL4,SOX2	GCG,HMGCS2,IL13,IL33,IL4,MAP1B,MSX1,PGF,SOX17,TBX1,VTN
POU2AF1	-0.0307831235558	0.005700340728915584	0.02132713686508072	1.67812045155	17831	12	5	2	2786	6	0.0498798397864	ALDH1A7,BTK,CD79B,POU2F1,SPI1	CXCR5,POU2F2	ALDH1A7,BTK,CD79B,CXCR5,SPI1,SPIB
MAX	-1.20973722892	0.23825565124225415	0.3386376572413093	1.09315795083	17831	6	1	2	2786	2	-0.038795430945	CCNB1	CAD,CEBPD	CEBPD,ODC1
RUNX2	-1.81909848145	0.0001766374798377882	0.0014742435817230786	1.35619235667	17831	40	10	15	2786	16	-0.023277258567	ALPL,COL1A1,COL1A2,DDX5,LGALS3,MGP,PTTG1IP,SOX5,SOX9,TNFSF11	ASRGL1,AXIN2,BAX,COL10A1,HES1,IHH,NR2F2,PPARG,SMAD6,SMURF1,SOX9,SPP1,TCF7,TG,TNFSF11	COL1A1,COL1A2,CYP11A1,ENPP1,GDF10,HES1,LEF1,LGALS3,MGP,NR2F2,OSR1,PPARG,SMAD6,TCF7,TG,THBS1
RUNX3	0.132773910996	1.5604999154446196e-05	0.0002634881137171233	2.48547537361	17831	8	5	2	2786	7	0.0498798397864	CCR7,CD4,CLDN7,PIRB,SLC22A17	IFNG,ITGAE	CCR7,CLDN7,IFNG,ITGAE,PIRB,SLC22A17,THBS1
ELK1	-0.227991372049	0.30090426577690393	0.40059034155575557	0.870765529496	17831	7	3	2	2786	2	0.023277258567	FOS,HMOX1,IL6	MYLK,MYLK3	IL6,MYLK
MAF	-0.421233223952	0.08163411487335807	0.14402116201234716	1.45572803022	17831	7	2	1	2786	3	0.038795430945	CCND2,MAF	GCG	CRYAB,GCG,IL4
APC	-0.847857073153	0.5724003413308025	0.6678003982192696	0.356192356666	17831	5	2	2	2786	1	0.0	TCF4,TRP53	MYC,SPP1	TCF4
SREBF1	1.3243732192	0.02261043477687564	0.06057363390841992	1.04069053094	17831	28	15	6	2786	9	0.0498798397864	ABCD2,ACACA,ACSS2,CD5L,CDKN1A,CIDEA,CLU,FBXW7,IL17A,LIPE,NLRP1A,NPC1,PPARGC1A,SLC2A4,THRSP	ABCA3,ADIPOQ,FAS,FASN,GPAM,PLA2G6	ABCD2,ADIPOQ,CD5L,CDKN1A,CLU,FAS,IL17A,MSTN,SCD1
YBX1	0.414213562373	0.5724003413308025	0.6678003982192696	0.356192356666	17831	5	2	0	2786	1	0.116386292835	ABCB1A,SLC2A3		ABCB1A
STAT6	1.08840236166	0.33185732719535327	0.43910390244751013	0.562643234134	17831	13	6	1	2786	3	0.0831330663106	BCL2L1,FCER2A,GATA3,GFI1,IL4,ITGB3	NCOA3	FCER2A,GATA3,IL4
NFATC2	-0.177288408493	0.000401468892532958	0.0024891071337043397	1.76058261175	17831	17	6	3	2786	9	0.038795430945	ACP5,BACE1,CCNA2,EGR3,IL12B,IL4	IFNG,IL10,IL21	CSF2,EGR3,IFNG,IL10,IL12B,IL13,IL21,IL2RA,IL4
VDR	-0.993271391491	0.6392292793457941	0.707718130704272	0.0931579508324	17831	6	1	1	2786	1	0.0	IGFBP3	CTNNB1	IGFBP3
NR3C1	-1.78525390298	0.07140390152680529	0.13212245690476007	1.09315795083	17831	15	4	5	2786	5	-0.012931810315	BRCA1,CDK4,NFKBIA,RUNX2	CCND3,CDK6,HES1,PDHX,SLC10A1	CH25H,HES1,NPAS4,PTGS2,VDR
HIF1A	1.15989608226	0.09100665165532724	0.15926164039682267	1.00004854644	17831	16	10	3	2786	5	0.0626695422957	BACE1,BSG,DLL4,HEY1,HEY2,MDK,MT1,SERPINE1,SNAI1,VEGFA	CITED2,CREBBP,PFKFB3	DLL4,HEY1,MT1,PTGS2,VEGFA
ESRRA	-1.03942788138	1.0	1.0	NA	17831	7	1	2	2786	0	-0.038795430945	PPARGC1A	NRIP1,SPP1	
ARNTL	-2.76039758405	0.1038811200748048	0.18033762444986112	1.09315795083	17831	12	0	4	2786	4	-0.116386292835		NFE2L2,PER1,PER2,VWF	BHLHE41,MAOA,VWF,WNT10A
MYCN	-0.994938395524	0.3625780963877951	0.46555885749202086	0.678120451554	17831	8	3	3	2786	2	0.0	HDAC2,IGFBP2,PTDSS1	IGFBP6,NDRG1,NRGN	IGFBP6,NDRG1
RFX5	0.0	0.0014765086945483787	0.006817072057808472	2.19269362438	17831	7	0.0	0.0	2786	5	0.0			H2-AA,H2-AB1,H2-DMB1,H2-EB1,H2-OA
AHR	0.945850159525	2.7493295572073414e-05	0.0003314469521744406	2.00004854644	17831	16	8	2	2786	10	0.0698317757009	CYP1A1,IL17A,NQO1,PLA2G4A,PTGS2,SNAI2,UGT1A6A,VAV3	GATA4,IL6	CYP1A1,CYP1B1,IL17A,IL6,NQO1,PLA2G4A,PTGS2,SERPINB2,SMOC2,UGT1A6A
EGR1	0.524276004905	0.00114673265105636	0.0059247853637911935	1.04340491564	17831	59	19	14	2786	19	0.0176342867932	CCL2,CDKN1C,CXCL2,IL1B,IL2,IL4,MAP1LC3B,MAPK14,MMP14,MMP9,NR4A1,PPP1R1B,PTGES,PTPRZ1,SERPINE1,STIM1,THBS1,TNF,TRP73	BNIP3,CDK5R1,CREBBP,GGPS1,HSD11B2,ICAM1,ID3,ITGA7,ITGB6,MAPK8,MET,PTEN,TK1,TRP53	ACHE,BIRC5,CCND1,CDKN1C,CXCL2,F3,FAS,GADD45B,IGF1R,IL1B,IL4,ITGA7,MMP9,NDRG1,NGB,PTGES,SYN2,THBS1,TRP73
JUN	1.32953908942	6.074205906916754e-08	2.1968378030015593e-06	1.21549349376	17831	113	36	20	2786	41	0.0332532265243	ALDH1A1,ANGPT2,CAT,CCL12,CCND1,CCND2,CDKN2A,COL3A1,CSF1R,CTSK,CXCL2,CYP11A1,GCLC,HMOX1,IL12B,IL2,IL4,IL6,ITGA5,KRT18,MAF,MET,MMP9,MYOD1,NFKB1,NOS2,NR3C1,PPP1R3B,PTGS2,RAB18,RELB,SERPINE1,SRXN1,TGFB1,TGM1,TRP53	B4GALNT1,BCL3,CCND1,FOS,ICAM1,IFNG,IL11,JUN,LOR,MMP3,NACC1,NEFL,NFE2L2,NOS2,ODC1,PENK,PTPN4,SPP1,TBP,TFF2	ALDH1A1,ALDH3A1,ANGPT2,AQP5,ASAH1,CCL5,CCND1,CD14,CEBPD,COL3A1,CSF1R,CSF2,CTSK,CXCL15,CXCL2,CYP11A1,ESR1,GCLC,IFNG,IL12B,IL1B,IL4,IL6,ITGA5,KRT18,MMP12,MMP19,MMP3,MMP9,MSR1,NFKB1,ODC1,PENK,PLAUR,PLIN2,PTGS2,PTPN4,SOCS3,SRC,TFF2,TRP73
PPARGC1A	-1.17482542752	1.0	1.0	NA	17831	10	2	2	2786	0	0.0	CIDEA,SREBF2	MBP,PDHX	
SOX17	-1.37375471559	0.00342986000842097	0.01404301173259152	2.00004854644	17831	8	3	4	2786	5	-0.0166266132621	FOXA2,FOXJ1,LEF1	CCND1,CTNNB1,LEF1,SFTPC	CCND1,FOXA2,FOXJ1,LEF1,SFTPC
MLXIPL	-1.4047580688	0.2403234986873808	0.3386376572413093	0.803651333637	17831	11	2	4	2786	3	-0.038795430945	ACACA,SCD1	FAS,GCK,GPAM,MAFA	FAS,MSTN,SCD1
RUNX1	-0.556434388527	2.7493295572073414e-05	0.0003314469521744406	2.00004854644	17831	16	6	5	2786	10	0.0105805720759	AI467606,CD79A,CSF1R,FXYD2,IL2,SMAD6	CD40,CDKN2A,IFNG,IGFBP3,SLC22A17	CD40,CD79A,CSF1R,IFNG,IGFBP3,MPL,PIEZO2,SLC22A17,SMAD6,SPI1
NFE2	0.0	1.0	1.0	NA	17831	6	0.0	0.0	2786	0	0.0			
NFIL3	-1.42052018167	0.024553016343704333	0.06267612641286918	1.67812045155	17831	8	2	3	2786	4	-0.023277258567	ID2,PTGS2	ABCB4,EOMES,PTGS2	ABCB1A,BMP4,EOMES,PTGS2
TGFB1I1	-1.41993791489	0.5724003413308025	0.6678003982192696	0.356192356666	17831	5	1	2	2786	1	-0.038795430945	TGFB1	CCL2,TPT1	AR
GTF2I	0.582428676547	0.1322941727848975	0.21748360222971785	0.977680733412	17831	13	5	1	2786	4	0.0775908618899	CCL7,CCND1,FOS,TGFB2,TGFBR2	CSRP2	CCND1,CSRP2,ID1,TGFB2
NR1H3	-0.608900912856	0.009200011836371924	0.030248523765041026	1.56264323413	17831	13	2	2	2786	6	0.0	ARG2,MLXIPL	F3,NOS2	APOE,ARG2,F3,MLXIPL,NR1H3,PLTP
TCF4	0.0880731449476	0.02827785124629606	0.06894712045445218	1.26308295227	17831	16	8	4	2786	6	0.038795430945	ACTA2,CD44,COPS5,EDN1,FN1,PLAUR,PTGS2,SSTR2	CDH1,ID3,MITF,SSTR2	ACTA2,CDH1,EDN1,FN1,PLAUR,PTGS2
SIRT1	-2.58863128004	0.06345801846555456	0.1218618584692508	1.01515543883	17831	19	5	11	2786	6	-0.0436448598131	BCLAF1,PARP1,SREBF1,TIMP1,TRP53	ABCB1A,IL6,MMP9,NOX1,PPARG,RELA,RICTOR,SCNN1A,SIRT6,TRP53,UCP2	ABCB1A,HES1,IL6,MMP9,PPARG,SCNN1A
TCF3	0.711310745257	0.0010436431799882065	0.005523672440425386	1.43711235205	17831	26	11	4	2786	11	0.0543136033229	ACTA2,AICDA,CCND3,CD19,CD5,CD79A,CDKN1A,EPB42,ID1,LEF1,UNG	ADIPOQ,CDH1,FOXO1,TPT1	ACTA2,ADIPOQ,CD19,CD7,CD79A,CDH1,CDKN1A,EBF1,FOXO1,ID1,LEF1
FOS	-0.61406862052	0.0248393865046394	0.06267612641286918	0.823971318017	17831	47	9	7	2786	13	0.0145482866044	IL2,KRT18,NOS2,NR3C1,PPP1R3B,SRC,SRR,SRXN1,TGFB1	FOS,MMP9,NACC1,NEFL,NFE2L2,PENK,TFF2	CCL5,CXCL15,IL1RL1,IL6,KRT18,MMP9,MT1,NFATC1,PENK,SOCS3,SRC,TFF2,TINAGL1
NUPR1	-0.88289645391	0.6392292793457941	0.707718130704272	0.0931579508324	17831	6	2	1	2786	1	0.038795430945	CCNA2,TCF19	HMOX1	GCG
GTF2IRD1	-0.0876644201978	0.17638523292213618	0.25861888881151046	1.35619235667	17831	5	3	1	2786	2	0.0581931464174	CCL7,TGFB2,TGFBR2	CSRP2	CSRP2,TGFB2
PARP1	0.141307259652	0.018780901565313937	0.0515880460718117	1.5406169278	17831	11	4	1	2786	5	0.0698317757009	E2F1,FN1,NKX2-1,NOS2	NFKB1	FN1,IL10,MMP9,NFKB1,NKX2-1
PAX5	-0.300453344928	0.00017476981174423698	0.0014742435817230786	2.16354727872	17831	10	5	3	2786	7	0.0290965732087	BLK,CD72,CD79A,EBF1,PRDX6	AICDA,CSF1R,FLT3	BLK,BLNK,CD19,CD79A,CSF1R,EBF1,FLT3
CUX1	-2.28897690507	0.7833363753532029	0.8094475878649764	-0.491804549889	17831	9	2	4	2786	1	-0.038795430945	CDKN1B,RUNX2	CCNA2,CDKN1A,DCTN6,NCAM1	CDKN1A
PPARD	0.414708543836	0.05686592772539768	0.11218096651282997	1.35619235667	17831	10	6	2	2786	4	0.0581931464174	LPL,PDK4,PPARG,SLC25A20,TGFB1,UCP3	ANGPTL4,INSIG1	FOXO1,LPL,PPARG,UCP3
STAT4	-2.16742880199	0.006840049900725805	0.02319204419464843	2.09315795083	17831	6	1	2	2786	4	-0.038795430945	NOS2	IFNG,TBX21	IFNG,IL18R1,IRF4,TBX21
PPARA	1.71441146658	1.978691440566478e-05	0.0002683600266268286	1.51765577936	17831	38	20	6	2786	17	0.0626695422957	AKR1C18,ALDH3A2,ANGPTL4,CD36,CDKN2A,CIDEA,GSK3B,IL6RA,IL6ST,LPL,NFKBIA,PXMP4,SERPINE1,SERPINE2,SLC25A20,SLC27A1,SPP1,TBX21,UCP2,UCP3	ABCD4,BCL2,CEBPA,CEBPB,CEBPD,TRIB3	ACOT1,AKR1C18,CD36,CEBPD,FABP1,FABP4,IL6,IL6RA,IL6ST,LPL,MMP12,PTGS2,SERPINE2,SLC15A1,TBX21,TRIB3,UCP3
SOX2	-0.4452565118	0.07140390152680529	0.13212245690476007	1.09315795083	17831	15	6	4	2786	5	0.023277258567	EGFR,LEF1,LEFTY1,NKX2-1,SOX2,UTF1	BIRC5,CCND1,CDKN1B,XIST	BIRC5,CCND1,LEF1,NKX2-1,SEMA6A
RFXAP	0.0	0.0014765086945483787	0.006817072057808472	2.19269362438	17831	7	0.0	0.0	2786	5	0.0			H2-AA,H2-AB1,H2-DMB1,H2-EB1,H2-OA
IRF3	-1.69054107629	1.0	1.0	NA	17831	6	2	4	2786	0	-0.038795430945	IL12A,SOCS2	IL12A,PURA,PVR,USP18	
EPAS1	0.104327711658	0.07862879981720422	0.1410119798374654	1.21868883292	17831	11	5	3	2786	4	0.0290965732087	CDH5,FLT1,FXN,KDR,SERPINE1	CITED2,COL10A1,RUNX2	CDH5,EFNA1,FLT1,KDR
IRF1	-1.82613891961	0.0013694688066024762	0.006817072057808472	1.47648659038	17831	23	8	9	2786	10	-0.0068462525197	CIITA,FOXP3,IL12A,IL12B,MAPK14,NOS2,SOCS1,TNF	CCL5,CXCL10,CXCL11,GBP2,IL12B,IL4,MYD88,SELL,TAP2	CCL5,CDKN1A,CIITA,CXCL10,IFNG,IL12B,IL4,PIGR,SELL,UPP1
ESR2	-0.433855414128	0.020300894422987648	0.055066176122353996	1.35619235667	17831	15	8	6	2786	6	0.0166266132621	AKT1,CASP3,CASP8,IGF1R,MAPK1,MAPK8,PTGS1,STAT5A	AR,BCL2,BMP2,MAPK3,PPARG,SLC2A4	AR,CASP3,IGF1R,PPARG,PTGS1,VEGFA
ETV4	0.0291865207785	0.2858042915651711	0.39756109788232136	0.678120451554	17831	12	6	3	2786	3	0.038795430945	CCND2,MMP3,PLAU,PTGS2,TWIST1,VIM	CCND2,ERBB2,TERT	MMP3,MMP9,PTGS2
IRF4	-0.0148994004155	0.05686592772539768	0.11218096651282997	1.35619235667	17831	10	7	3	2786	4	0.046554517134	CDKN2B,CXCL9,IL1B,IL4,PRDM1,RUNX3,ZBTB20	IL10,NFATC2,PRDM1	IL10,IL1B,IL4,SPI1
TBP	0.683222393946	1.0	1.0	NA	17831	6	3	0	2786	0	0.116386292835	FOS,NF1,PRG2		
IRF8	-0.72550763678	0.010593890804159492	0.032841061492894424	1.28580302877	17831	21	7	5	2786	8	0.0193977154725	CDKN2B,FANCC,GAS2,IL12A,IL12B,IL1B,NOS2	CCL5,DAB2,JAK1,NF1,SLC11A1	C1QB,CCL5,DAB2,IFNG,IL12B,IL1B,SLC11A1,SPI1
MEF2C	0.0296376271636	0.054369565825210436	0.11218096651282997	1.19269362438	17831	14	5	3	2786	5	0.0290965732087	DES,IL1RN,MYOZ2,SFRP2,SOCS2	AMPD1,IL10,RUNX2	AMPD1,DES,IL10,IL1RN,SFRP2
MEF2A	-1.01299294793	0.69561678158639	0.739945301981601	-0.129234470504	17831	7	2	2	2786	1	0.0	MMP10,SLC2A4	MMP10,NRF1	MMP10
PRDM1	-0.116195021683	0.15441723943024058	0.24458789019242486	1.09315795083	17831	9	5	2	2786	3	0.0498798397864	BCL6,CXCR5,ID3,MAP3K5,PDCD1	BMP5,PAX5	BCL6,BMP5,CXCR5
FOXC2	-0.0246835959457	0.006840049900725805	0.02319204419464843	2.09315795083	17831	6	3	1	2786	4	0.0581931464174	DLL4,HEY2,TBX1	CXCR4	CXCR4,DLL4,GJA4,TBX1
FOXC1	0.483342173487	0.01399143817534433	0.04048189445399626	1.8707655295	17831	7	5	2	2786	4	0.0498798397864	CXCL12,DLL4,HEY2,SNAI1,TBX1	CXCR4,RUNX2	CXCL12,CXCR4,DLL4,TBX1
HDAC1	-0.940691319089	0.055859362968576874	0.11218096651282997	0.961913417554	17831	23	5	3	2786	7	0.0290965732087	AKAP12,CD1D2,CDC25A,FAS,PPP2CA	AR,NFKBIA,SPP1	AR,CCL5,CDKN1A,FAS,IL12B,IL6,PPARG
RNF2	-0.683140762474	0.5724003413308025	0.6678003982192696	0.356192356666	17831	5	2	2	2786	1	0.0	HOXB6,SOX2	HOXB4,TRP63	SCNN1A
HDAC3	-1.03561272299	0.69561678158639	0.739945301981601	-0.129234470504	17831	7	1	1	2786	1	0.0	JUN	NFKBIA	NR4A2
HDAC2	-1.38447257066	0.15441723943024058	0.24458789019242486	1.09315795083	17831	9	2	2	2786	3	0.0	CCNE1,CD1D2	BMP7,NFKBIA	BMP7,CCNE1,CDKN1A
YY1	-3.02567465198	0.06345801846555456	0.1218618584692508	1.01515543883	17831	19	2	10	2786	6	-0.0775908618899	COL1A1,RGS16	CDH1,CDKN2C,EGF,FOS,HSPA5,ID4,SERPINE1,TCF4,TOP3A,TRP53	CDH1,COL1A1,ID4,RGS16,TCF4,TRF
CLOCK	-1.44888766004	0.0281241593065004	0.06894712045445218	1.41508604572	17831	12	2	4	2786	5	-0.038795430945	SERPINE1,SERPINE2	CRY1,CRY2,PER1,PER2	BHLHE41,SCNN1A,SERPINE2,THBD,VWF
SMAD4	-2.81645611683	0.0003584851501427395	0.0022879787523816023	1.50819545011	17831	27	5	13	2786	12	-0.05172724126	BMPR1B,CDKN1A,CDKN2B,DAPK1,VEGFA	AFP,CDH1,CLDN3,CXADR,ID3,IFI204,IL10,OCLN,SCNN1A,SSTR2,TGFB1,TGFBR2,TNFSF13B	AFP,CDH1,CDKN1A,CLDN3,DAPK1,GADD45B,IL10,NKX2-1,OCLN,PPARG,SCNN1A,VEGFA
SMAD5	-2.01679404724	0.69561678158639	0.739945301981601	-0.129234470504	17831	7	0	2	2786	1	-0.116386292835		ID3,IFI204	SMAD6
SMAD7	-0.625443928547	0.3625780963877951	0.46555885749202086	0.678120451554	17831	8	4	3	2786	2	0.0166266132621	MET,NFKBIA,TGFB1,TNFSF13B	COL1A2,SMAD3,VEGFA	COL1A2,VEGFA
SMAD1	-0.671735766144	0.010325407300249393	0.032841061492894424	1.39801253236	17831	17	4	6	2786	7	-0.023277258567	CDKN1A,COL1A1,SMAD6,TNFRSF11B	BMP2,ID3,IFI204,RUNX1,RUNX2,SPP1	CDKN1A,COL1A1,COL4A1,COL4A2,HEY1,SMAD6,TNFRSF11B
SMAD2	-0.32362632418	0.0008626467749358958	0.0047998551323356255	1.90051287289	17831	12	4	3	2786	7	0.0166266132621	CDKN1A,DAPK1,HES1,RGCC	AFP,BECN1,FOXP3	AFP,CDKN1A,DAPK1,FBLN5,GADD45B,HES1,PPARG
PELP1	-1.30359322861	0.5724003413308025	0.6678003982192696	0.356192356666	17831	5	2	3	2786	1	-0.023277258567	JUN,SRF	NFKB1,NR3C1,NR4A1	NFKB1
TBX2	-2.1789654626	0.17638523292213618	0.25861888881151046	1.35619235667	17831	5	1	4	2786	2	-0.0698317757009	CDKN1B	CDKN1A,CDKN2A,GJA1,MYCN	CDKN1A,GJA1
TBX1	-2.10788134157	0.30090426577690393	0.40059034155575557	0.870765529496	17831	7	2	5	2786	2	-0.0498798397864	FLT4,PITX2	C1QBP,MEF2C,PITX2,RIPPLY3,YWHAE	MEF2C,RIPPLY3
FOXM1	0.266343741918	0.010593890804159492	0.032841061492894424	1.28580302877	17831	21	5	1	2786	8	0.0775908618899	AXIN2,LAMA4,MYC,SNAI1,SNAI2	SOCS3	CDH1,LAMA4,LIF,NR4A2,PTGS2,SCGB1A1,SFTPC,SOCS3
REL	1.11186645595	0.010353674518635576	0.032841061492894424	1.20418926322	17831	25	14	5	2786	9	0.0551303492376	BIRC3,IFNG,IL12A,IL12B,IL1B,IL2,IL4,MYC,NOS2,RC3H1,SOD2,TNF,TNFAIP3,WT1	CCL5,EZH2,FOXP3,MYC,TNF	CCL5,CEBPD,IFNG,IL12B,IL1B,IL21,IL4,NGB,RORC
SOX9	-0.321480653685	0.3445525521495408	0.45313881100879	0.43019293811	17831	19	11	8	2786	4	0.0183767830792	BEST1,BMI1,CDKN1A,CYP26B1,FGF9,FURIN,LXN,MIA,PHEX,PTHLH,VNN1	CDH1,CDKN1A,CTNNB1,PIK3CA,RET,SLC6A19,VEGFA,WWP2	CDH1,CDKN1A,RET,VEGFA
NCOA3	0.999966254521	0.01399143817534433	0.04048189445399626	1.8707655295	17831	7	4	0	2786	4	0.116386292835	KLF4,NFKBIA,PPARG,TBX3		IGFBP3,NPAS2,PPARG,TBX3
NCOA1	0.600223265392	0.0017182495620398672	0.007609390917605126	1.94115485739	17831	10	5	1	2786	6	0.0775908618899	CDKN1A,ITGA5,MEF2C,NFKBIA,TWIST1	ESR1	ADIPOQ,AR,CDKN1A,ESR1,ITGA5,MEF2C
STAT3	-0.486788758733	0.002419907725456659	0.0105023995284819	0.933959355983	17831	67	24	20	2786	20	0.0105805720759	AKT1,BCL2,CAV1,CEBPD,COL1A1,EGR1,FOS,HGF,IGFBP5,IL6,KLF4,LIF,MAF,MMP2,MMP9,MT1,NOS2,RC3H1,SPI1,TCF4,TGFB1,TRP53,TWIST1,VEGFA	BATF,BCL2L1,CAV1,CXCL11,ENTPD1,GFI1,HIF1A,IL12A,JAK3,MMP9,MYC,NOSTRIN,NT5E,PRDM1,PTEN,RELA,SOCS3,SREBF1,STAT3,TWIST2	CAV1,CCND1,CEBPD,COL1A1,IGFBP5,IL10,IL17F,IL21,IL6,LIF,MMP9,MT1,MUC1,NOSTRIN,PCSK1,SOCS3,SPI1,TCF4,TWIST2,VEGFA
STAT1	-0.489051480062	9.425290462857705e-05	0.0008892556654087486	1.53127906322	17831	31	12	9	2786	14	0.0166266132621	CD36,CEBPD,CIITA,CXCL10,FCGR1,GFI1,MDM2,MT1,NOS2,RC3H1,SOCS1,UPP1	CXCL10,GBP2,IL6,IRF1,IRF7,PDCD1,SOCS3,TBX21,TRP53	APP,CD36,CD40,CEBPD,CIITA,CXCL10,FCGR1,IFNG,IL6,MT1,PPARG,SOCS3,TBX21,UPP1
ATF2	0.979723652377	0.5805668784766876	0.6737059498900599	0.0931579508324	17831	12	6	1	2786	2	0.0831330663106	CCND1,CEBPA,FOS,PPARG,RELA,RHOB	ENTPD1	CCND1,PPARG
NR2F2	-1.90073763868	0.05686592772539768	0.11218096651282997	1.35619235667	17831	10	2	3	2786	4	-0.023277258567	MTTP,SLC2A4	ATP1A1,FLT1,VEGFA	AR,FLT1,RARB,VEGFA
USF2	0.437401722465	0.15441723943024058	0.24458789019242486	1.09315795083	17831	9	5	3	2786	3	0.0290965732087	BDNF,COL1A1,HMOX1,LIPE,PIGR	FASN,FMR1,SPP1	COL1A1,MT1,PIGR
USF1	0.628107835766	0.00043433544990298265	0.0025473187197012767	1.8707655295	17831	14	8	4	2786	8	0.038795430945	BDNF,CIITA,COL1A1,GATA5,LIPE,MT1,PIGR,TNFAIP3	CYP1A1,FASN,FMR1,SPP1	CES2C,CIITA,COL1A1,CYP1A1,GATA5,MT1,PIGR,PRND
FOSL1	-2.32813941243	0.69561678158639	0.739945301981601	-0.129234470504	17831	7	1	4	2786	1	-0.0698317757009	PRDM1	FOS,JUN,NFE2L2,THBS1	THBS1
FOSL2	0.985081960879	0.5724003413308025	0.6678003982192696	0.356192356666	17831	5	4	0	2786	1	0.116386292835	ADIPOQ,RELB,TGFB1,TGFB3		ADIPOQ
FOXP3	-0.407635629312	0.018780901565313937	0.0515880460718117	1.5406169278	17831	11	5	4	2786	5	0.012931810315	IFNG,IL17A,IL2RA,SKP2,TNFRSF18	BRCA1,ERBB2,IL2,IL22	IFNG,IL17A,IL2RA,NFKB1,SKP2
NFKB1	1.34975438197	2.385931073600099e-20	5.1774704297122146e-18	1.54402755597	17831	169	61	37	2786	77	0.0285027655922	ADORA2A,BANP,BCL2L1,BIRC3,BTK,CCL12,CCL2,CCND1,CD40,CD80,CEBPB,CFLAR,CSF1,CSF2,CXCL1,CXCL2,DUSP1,EPAS1,FOS,FTH1,GADD45B,HSD11B2,IKBKB,IL12A,IL12B,IL1A,IL1B,IL2,IL2RA,IL4,IL6,ITGAM,LCN2,MAPK14,MMP14,MMP9,MSX1,MYC,MYOZ2,NFKB1,NFKBIA,NFKBIZ,NOS2,PER1,PER2,PTEN,PTGS2,RELB,SELP,SLC2A1,SOD2,SRC,TGFB1,TLR2,TLR4,TNF,TNFAIP3,TNFRSF25,UPP1,VCAM1,WT1	ADIPOQ,BCL2,BIN1,BMP2,CCL20,CCL22,CCL5,CD86,CDK4,COL1A1,DCST1,FAS,FBP1,GCLM,HES1,HSD11B2,IL12B,IL6,KCNIP2,LEF1,LTC4S,MYB,MYC,NOS2,NQO1,PDK4,PMAIP1,PTGS2,PTPN4,REL,RIPK2,SLC2A4,SOX9,STK39,TAPBP,TEC,TNF	ADIPOQ,ADORA2B,AGER,ALDH3A1,ALOX5,APOE,AQP5,BMPR2,BTK,CCL22,CCL5,CCL9,CCND1,CD40,CD7,CD86,CDKN1A,COL1A1,CSF1,CSF2,CXCL10,CXCL13,CXCL15,CXCL2,CYP11A1,EDN1,ELF3,EPAS1,FAS,FASL,FN1,GADD45B,HES1,IFNG,IL10,IL12B,IL1A,IL1B,IL2RA,IL4,IL6,IRF4,ITGAM,KCNIP2,KDR,KLF5,LCN2,LEF1,LIF,LTC4S,MMP3,MMP9,MSX1,MYB,NFKB1,NGB,NOS3,NQO1,NTN1,PIRB,PLA2G4A,PLAUR,PLIN2,PPP1R14A,PTGES,PTGS1,PTGS2,PTPN4,REL,SELP,SRC,TIMP3,TLR2,TLR4,UPP1,VEGFA,VEGFC
NFKB2	-0.934136636087	0.03881384311338974	0.08773545787089139	1.50819545011	17831	9	3	4	2786	4	-0.0166266132621	CCND1,HIF1A,MYC	CCND1,MYC,RELB,SND1	CCND1,CSF2,HES1,REL
SRF	0.979456141669	0.00021572306466860347	0.001671853751181677	1.97768073341	17831	13	7	2	2786	8	0.0646590515749	KCNMB1,MMP14,MMP2,MYH11,MYLK,TAGLN,TGFB1I1	EGR1,MYOD1	ACTA2,ACTG2,KCNMB1,KLF3,MYH11,MYLK,TAGLN,TGFB1I1
RBL1	-2.3334325894	0.6392292793457941	0.707718130704272	0.0931579508324	17831	6	0	2	2786	1	-0.116386292835		HES1,MYC	HES1
RBL2	0.626266026905	0.7833363753532029	0.8094475878649764	-0.491804549889	17831	9	4	1	2786	1	0.0698317757009	CCNA2,PCNA,RAD51,SOX2	BRCA1	BIRC5
MECP2	-1.855597056	0.03995175147497023	0.0884645925517198	1.2996088283	17831	13	1	3	2786	5	-0.0581931464174	IRAK1	IGFBP3,PER1,PER2	DDC,FXYD1,IGFBP3,PLAGL1,S100A9
RXRA	-0.26707837856	0.69561678158639	0.739945301981601	-0.129234470504	17831	7	1	1	2786	1	0.0	SREBF1	MTTP	CYP2B10
SPIC	0.414213562373	9.283483213741895e-05	0.0008892556654087486	2.67812045155	17831	5	2	0	2786	5	0.116386292835	FCER2A,NFKB1		CD5L,FCER2A,FCGR2B,MMP12,NFKB1
ZFP148	-0.43163556832	0.05264439628939249	0.11218096651282997	1.67812045155	17831	6	2	1	2786	3	0.038795430945	GATA1,TAL1	SPI1	CDKN1A,GATA1,SPI1
CITED2	1.22139139611	0.47850954756590547	0.6037009989639621	0.356192356666	17831	10	8	2	2786	2	0.0698317757009	CEBPA,LDHD,MMP9,PDK2,PDK4,PPARG,SMAD3,WNT4	FGF9,LDHB	MMP9,PPARG
ETV5	-1.00011800423	0.006840049900725805	0.02319204419464843	2.09315795083	17831	6	2	2	2786	4	0.0	CAV1,PTGS2	IL17A,IL17F	CAV1,IL17A,IL17F,PTGS2
LEF1	-0.91768762846	0.02827785124629606	0.06894712045445218	1.26308295227	17831	16	6	4	2786	6	0.023277258567	CTNNB1,DLL1,LRP5,OVOL1,PTGS2,RUNX2	CDH1,IL13,IL4,IL5	CDH1,FOXJ1,IL13,IL4,IL5,PTGS2
EP300	-0.992247120948	4.6879877751027994e-08	2.034586694394615e-06	1.64837310816	17831	49	10	10	2786	24	0.0	CDKN1A,CRYAB,FOS,HMOX1,MMP9,MT1,NPR1,PPARG,PTGS2,TNFSF10	CCND1,COL1A2,DNMT1,FLT4,MYB,MYOD1,SPP1,STAT5A,TFF2,TNFSF13B	ALDH3A1,BIRC5,CCNB2,CCND1,CDKN1A,COL1A2,CRYAB,EDN1,F7,FN1,IL6,KLF5,MEF2C,MMP9,MT1,MYB,NPAS2,NPR1,PPARG,PTGS2,RARB,SCD1,SOCS3,TFF2
MYC	-2.24990146493	0.07184539131226585	0.13212245690476007	0.678120451554	17831	44	9	17	2786	11	-0.0358111670261	BCAT1,BCL2,CAR1,CCND2,CDH1,HDAC2,PTMA,RHOA,ZBTB17	CAD,CDKN1A,CDKN2B,CEBPD,EIF4E,FASL,MXI1,MYC,NDRG1,NFIA,NRGN,ODC1,PDGFRB,SLC11A1,TERT,TRP53,ZFP36	BCAT1,CAV1,CDH1,CDKN1A,CEBPD,FASL,NDRG1,ODC1,PDGFRB,SLC11A1,TIMP3
GFI1	-2.88281910494	0.42205262693784884	0.5355872517281474	0.508195450111	17831	9	2	5	2786	2	-0.0498798397864	BAK1,BAX	CDKN1A,CDKN2B,ID2,IL7R,SPI1	CDKN1A,SPI1
FOXO3	-2.70087831064	0.15441723943024058	0.24458789019242486	1.09315795083	17831	9	2	7	2786	3	-0.0646590515749	LCN2,NOL3	CCND1,CCND2,CCNG2,CDKN1B,GADD45A,SIRT1,SOCS3	CCND1,LCN2,SOCS3
MTF1	-0.188929017114	0.17638523292213618	0.25861888881151046	1.35619235667	17831	5	2	1	2786	2	0.038795430945	MT1,PGF	EP300	MT1,PGF
ESR1	-0.856819772785	0.003915843756455175	0.015449783548195872	1.38861383436	17831	22	6	6	2786	9	0.0	IGF1,LTF,PTGS1,SLC2A4,STAT5A,TNFSF11	BMP2,CDKN1A,F12,FASL,NRF1,PPARG	CASP12,CCND1,CDKN1A,FASL,IGF1,LTF,PPARG,PTGS1,VEGFA
ID2	-1.08966827655	0.15441723943024058	0.24458789019242486	1.09315795083	17831	9	4	3	2786	3	0.0166266132621	CCNA2,IL10,RUNX2,TPT1	ALPL,COL1A2,SPI1	COL1A2,IL10,SPI1
ID3	-0.999400775807	0.30090426577690393	0.40059034155575557	0.870765529496	17831	7	4	3	2786	2	0.0166266132621	ADIPOQ,NOTCH1,RUNX2,SMARCC1	ALPL,COL1A2,VCAM1	ADIPOQ,COL1A2
ID1	-2.85595779506	0.011735716195692691	0.03586831569669456	1.67812045155	17831	10	3	7	2786	5	-0.046554517134	RORC,RUNX2,TNF	ALPL,CDKN1A,CDKN2A,IFNG,MYOD1,REL,THBS1	CDKN1A,IFNG,REL,RORC,THBS1
SREBF2	0.999031234225	0.69561678158639	0.739945301981601	-0.129234470504	17831	7	4	0	2786	1	0.116386292835	ACSS2,CDKN1A,MVK,NPC1		CDKN1A
STAT5B	-2.0	0.5724003413308025	0.6678003982192696	0.356192356666	17831	5	0	1	2786	1	-0.116386292835		SLC10A1	AR
STAT5A	-0.595892911842	0.005258466236734713	0.02001907321704268	1.43019293811	17831	19	4	3	2786	8	0.0166266132621	BCL2L1,CDKN2B,DPAGT1,IL2RA	CLNK,IL10,NR3C1	AR,CSF2,GRB10,IL10,IL2RA,PRF1,PSAP,SOCS3
EZH2	-2.99999999999	0.1962249444506077	0.28577726809249576	0.941154857387	17831	10	0	4	2786	3	-0.116386292835		BAD,IL17A,IL17F,TBX21	IL17A,IL17F,TBX21
AATF	-2.37860272555	0.6392292793457941	0.707718130704272	0.0931579508324	17831	6	0	2	2786	1	-0.116386292835		TPT1,TRP53	CDKN1A
ATF3	-1.8472408839	0.0014765086945483787	0.006817072057808472	2.19269362438	17831	7	2	4	2786	5	-0.038795430945	CCND1,TNFRSF10B	ATF3,IL12B,IL6,SORT1	ATF3,CCND1,IL12B,IL6,SORT1
NFATC1	0.773559908542	0.018780901565313937	0.0515880460718117	1.5406169278	17831	11	4	1	2786	5	0.0698317757009	CSF2,IL2,IL4,PAG1	FOXP3	BMP7,CSF2,IL12B,IL2RA,IL4
GABPA	-0.913057785088	0.08163411487335807	0.14402116201234716	1.45572803022	17831	7	3	2	2786	3	0.023277258567	CHRNE,IL7R,SOD3	IL10,SKP2	IL10,SKP2,SOD3
NRF1	-0.229307672089	0.5094576193659909	0.6390306555053181	0.175620111024	17831	17	7	5	2786	3	0.0193977154725	CD47,COX17,COX4I1,FCGR3,HMOX1,IL1RN,MT1	ATP1A1,ATP1B1,FMR1,SIRT6,TFAM	FCGR3,IL1RN,MT1
TGFB1	0.45884202348	0.17638523292213618	0.25861888881151046	1.35619235667	17831	5	3	1	2786	2	0.0581931464174	COL1A2,KLF6,TBX21	FOXP3	COL1A2,TBX21
JUNB	-0.311488638771	0.024553016343704333	0.06267612641286918	1.67812045155	17831	8	4	3	2786	4	0.0166266132621	CTSK,IL4,MYL9,SERPINE1	CCND1,FOXP3,PLAU	CCND1,CTSK,IL4,MYL9
BCL11B	-0.590094624971	0.7431937366578221	0.7790968157234174	-0.321879548446	17831	8	2	2	2786	1	0.0	BCL2L1,RUNX3	AHR,CDKN1B	IL10
CTNNB1	0.277212835626	6.582772221563336e-06	0.00015871795245324933	1.56264323413	17831	39	17	10	2786	18	0.0301742240683	AXIN2,BCL2L1,BMP4,CCND1,CYP2B10,FGFBP1,GJA1,GLUL,GREM2,IHH,MYCN,PPARD,PTGS2,SLC2A1,TCF4,TWIST1,VEGFA	BIRC5,CCL7,CCNE1,E2F1,FOXA2,LEF1,PITX2,PML,RUNX2,WNT1	BIRC5,BMP4,CASP3,CCND1,CCNE1,CDH1,CYP2B10,FAS,FGFBP1,FOXA2,FOXJ1,GJA1,LEF1,PDGFRA,PTGS2,TBX3,TCF4,VEGFA
PITX2	-0.847368161047	0.00020158820369067603	0.0016201718592917295	1.752121033	17831	19	7	7	2786	10	0.0	BMP4,FOXJ1,GAD1,GATA4,MEF2C,TBX4,TBX6	LEF1,MGA,MYOD1,TBX1,TBX2,TBX5,TPT1	BMP4,DEPDC1B,FOXJ1,HESX1,LEF1,MEF2C,PLOD1,TBX1,TBX2,TBX4
FOXO1	-1.28312909602	0.00033250955814239134	0.0022548304411530913	1.33708353372	17831	38	12	13	2786	15	-0.0046554517134	ADIPOR1,AKT1,ALPL,BAX,CCL2,CDKN1A,IKZF1,IL7R,LPL,MYH7,PDK4,TRIB3	ADIPOQ,CASP8,CCND1,CCND2,CCNG2,CDKN1B,EGR1,GCK,NOS3,PIK3R1,PPARG,SELL,SREBF1	ADIPOQ,ANGPT2,CCND1,CCR2,CCR7,CDKN1A,EDN1,FASL,FOXA2,KLF2,LPL,NOS3,PPARG,SELL,TRIB3
ERG	0.731285692505	0.11588277399506298	0.19343509197637437	1.26308295227	17831	8	3	0	2786	3	0.116386292835	ERG,LYL1,VIM		CDH5,ERG,VWF
FOXO4	-2.93424469884	0.30090426577690393	0.40059034155575557	0.870765529496	17831	7	1	4	2786	2	-0.0698317757009	RBL2	ANXA8,CCND1,CCND2,GADD45A	ANXA8,CCND1
MITF	-0.683374208219	0.06345801846555456	0.1218618584692508	1.01515543883	17831	19	8	7	2786	6	0.00775908618899	ACP5,BEST1,CD40,CDKN1A,CLCN7,DCSTAMP,FOS,IRF4	DKK3,ITGA4,OSTM1,PIK3R1,SDC1,SLC2A2,TRPM1	CD40,CDKN1A,CTSK,DKK3,IRF4,TBX2
TAL1	0.270903916018	0.03881384311338974	0.08773545787089139	1.50819545011	17831	9	6	2	2786	4	0.0581931464174	CCND1,EPB42,ERG,SMAD6,TCF3,TFDP2	PDZK1IP1,RUNX1	CCND1,ERG,PDZK1IP1,SMAD6
SMARCA2	0.717382058713	0.5724003413308025	0.6678003982192696	0.356192356666	17831	5	3	0	2786	1	0.116386292835	CALM1,CD44,CDH1		CDH1
MYBL2	-0.977245593253	0.006726982878945196	0.02319204419464843	1.830123545	17831	9	2	2	2786	5	0.0	IGFBP5,SFTPA1	COL5A2,ERBB2	ADORA2B,COL5A2,ELN,IGFBP5,SFTPA1
SMARCA4	0.546237473929	0.16346401556981577	0.2570412418742755	0.870765529496	17831	14	5	2	2786	4	0.0498798397864	CALM1,CD44,CDH1,HMOX1,NFKBIA	ADAMTS1,EPB42	CDH1,CDKN1A,IL4,SPARC
SOX4	0.293729284866	0.05264439628939249	0.11218096651282997	1.67812045155	17831	6	4	1	2786	3	0.0698317757009	CTNNB1,EZH2,MECOM,TCF4	SPI1	CALD1,SPI1,TCF4
XBP1	-0.731639282117	0.1322941727848975	0.21748360222971785	0.977680733412	17831	13	5	6	2786	4	-0.0105805720759	BHLHA15,FOXO1,HERPUD1,IRF4,PRDM1	ERN1,FASN,PAX5,SETD7,STARD5,TMBIM6	FOXO1,IRF4,POU2AF1,VEGFA
CEBPB	0.810798344369	9.771303520127995e-06	0.00021203728638677748	1.6337263322	17831	33	11	4	2786	16	0.0543136033229	CEBPA,CLU,FOS,FOXF1,H2-K1,IL1B,PPARG,PPARGC1A,PTGS2,RUNX2,SERPINE1	BCL2,CSF1R,MYC,SCGB1A1	ALDH3A1,ATF3,CDKN1A,CLU,CR2,CSF1R,CXCR4,FOXF1,IL1B,IL6,MAFB,PPARG,PTGS1,PTGS2,SCGB1A1,SOCS3
CEBPA	1.86538759118	0.00034683109957076074	0.0022806772305107603	1.67812045155	17831	20	11	1	2786	10	0.0969885773624	CFLAR,CLU,CRABP2,IL12B,IL4,LPIN1,NFKB1,NOS2,PTGS2,SCGB1A1,SLC2A4	BCL2	ALDH3A1,CLU,IL12B,IL4,MSTN,NFKB1,NR1H3,PTGS2,SCGB1A1,SPI1
GFI1B	0.0644843272323	0.30090426577690393	0.40059034155575557	0.870765529496	17831	7	4	1	2786	2	0.0698317757009	ELF4,MEIS1,RCOR2,SOCS3	SOCS1	MEIS1,SOCS3
MYOD1	0.287412170039	0.003911167687277162	0.015449783548195872	1.17562011102	17831	34	9	6	2786	12	0.023277258567	ACTC1,CCND3,CDKN1A,CDKN1C,DES,MAF,RB1,SGCG,TRP73	ACACB,ARNT,FOSL1,IFI204,ITGA7,SMAD7	ACTA2,ACTC1,ALDH1A1,BMP5,CCND1,CDKN1A,CDKN1C,CDO1,CDON,DES,ITGA7,TRP73
TWIST1	-0.963656202925	5.634530779267842e-05	0.0006113465895505608	1.8156239753	17831	20	8	8	2786	11	0.0	ESR1,FGF10,FGFR2,IL6RA,MME,PDGFRA,POSTN,TRP53	CDH1,CDKN1A,IL12RB2,RUNX3,SOX9,TBX21,TNF,ZYX	CDH1,CDKN1A,ESR1,FGFR2,IL12RB2,IL6RA,MME,PDGFRA,POSTN,TBX21,TEK
SPI1	1.44620918795	1.5785002204251625e-05	0.0002634881137171233	1.5906576103	17831	34	17	5	2786	16	0.0634834324554	AIF1,BCL2L11,CSF1R,FCER1G,FES,FLT3,IGHM,IL1B,IRF8,ITGA2B,MED1,NCF1,NCF4,OPRM1,PIRB,TLR4,TNF	CCL5,H2-AB1,MRC1,PTPRC,SCN8A	AIF1,CCL5,CSF1R,FCER1G,FES,FLT3,H2-AB1,IL1B,ITGA2B,MEF2C,MRC1,NCF1,NFKB1,PIRB,PTPRO,TLR4
RB1	0.783141233621	0.07140390152680529	0.13212245690476007	1.09315795083	17831	15	5	1	2786	5	0.0775908618899	CCND1,CDKN1A,DNMT1,SP1,SPI1	FOSL1	BIRC5,CCND1,CDKN1A,IGF2,SPI1
EOMES	-0.0319963383031	0.002603079349623261	0.011075847428789169	2.35619235667	17831	5	2	1	2786	4	0.038795430945	IL17A,RORC	SOX2	EBF1,IL17A,PRF1,RORC
TFDP1	-1.16325034184	0.17638523292213618	0.25861888881151046	1.35619235667	17831	5	2	2	2786	2	0.0	CDKN1A,TRP53	CCND1,MYBL2	CCND1,CDKN1A
KLF5	0.994187379359	0.11588277399506298	0.19343509197637437	1.26308295227	17831	8	5	1	2786	3	0.0775908618899	EGR1,NOS2,PDGFA,SERPINE1,VEGFA	RUNX2	LTF,PDGFA,VEGFA
KLF4	-0.0223880175996	0.6257867968805193	0.707718130704272	-0.0223192665875	17831	13	7	3	2786	2	0.046554517134	AGRP,CCND2,CDH1,CDKN2B,CEBPB,LEFTY1,TSIX	RLIM,SERPINE1,SNAI2	CDH1,PTGS2
TRP63	-2.73204366195	0.006726982878945196	0.02319204419464843	1.830123545	17831	9	0	3	2786	5	-0.116386292835		IRF6,PTK2,SATB1	CDKN1A,PTK2,SATB1,SMARCD3,VEGFA
MSX1	-0.890249719005	0.23825565124225415	0.3386376572413093	1.09315795083	17831	6	2	2	2786	2	0.0	BMP4,SRF	PTCH1,TAGLN	BMP4,TAGLN
PLAG1	0.292318816455	0.17638523292213618	0.25861888881151046	1.35619235667	17831	5	2	0	2786	2	0.116386292835	EGR1,IGF2		FAS,IGF2
MTA1	-1.11809728941	0.5724003413308025	0.6678003982192696	0.356192356666	17831	5	3	2	2786	1	0.023277258567	CDKN1A,CLOCK,PTEN	CDKN1A,TIMP2	CDKN1A
SIN3A	-1.10752658373	1.0	1.0	NA	17831	7	1	1	2786	0	0.0	REST	SP3	
NR3C2	0.414211401594	0.30090426577690393	0.40059034155575557	0.870765529496	17831	7	2	0	2786	2	0.116386292835	MLLT3,SCNN1A		RASL12,SCNN1A
RFXANK	0.0	0.0014765086945483787	0.006817072057808472	2.19269362438	17831	7	0.0	0.0	2786	5	0.0			H2-AA,H2-AB1,H2-DMB1,H2-EB1,H2-OA
DNMT3A	-1.57626738864	0.029742223094609357	0.0693985205540885	1.94115485739	17831	5	1	2	2786	3	-0.038795430945	VTN	MDM2,RB1	IFNG,MT1,VTN
ZBTB7A	-0.627247116736	0.6392292793457941	0.707718130704272	0.0931579508324	17831	6	3	3	2786	1	0.0	BCL2L11,CCNA2,NFATC1	CDKN2A,CREB3,NFATC1	NFATC1
NR4A2	-3.12223374696	0.7431937366578221	0.7790968157234174	-0.321879548446	17831	8	0	5	2786	1	-0.116386292835		FOXP3,GCH1,KCNB1,SPP1,TNC	PTPRU
FLI1	-0.0675255406886	0.07862879981720422	0.1410119798374654	1.21868883292	17831	11	7	4	2786	4	0.0317417162277	CCL2,ERG,FLI1,ITGA2B,LYL1,SMAD6,UPP1	EZH2,INPP5D,RB1,TERT	ERG,ITGA2B,SMAD6,UPP1
PPARG	0.317205135647	1.7973061682898493e-05	0.0002683600266268286	1.43419486867	17831	45	16	11	2786	19	0.0215530171916	ANGPTL4,CAV1,CIDEA,FABP4,HGF,HMOX1,IFNG,MUC1,PLIN2,PLIN5,SCNN1G,SLC27A1,SORBS1,TMEM159,UCP2,UCP3	CCND1,COPS5,CSF1,EGR1,IL2,IL4,INSR,MAF,PAQR7,PTGS2,TRP53	ADIPOQ,CAV1,CCND1,CIDEC,CSF1,CSF2,FABP4,FGF1,IFNG,IL4,KLF5,MSTN,MUC1,PLIN2,PLIN5,PTGS2,SCARB1,TMEM159,UCP3
NR4A1	-2.73115061715	0.029742223094609357	0.0693985205540885	1.94115485739	17831	5	0	3	2786	3	-0.116386292835		EDN1,FASL,KCNB1	AR,EDN1,FASL
BMI1	-1.7787817322	0.3625780963877951	0.46555885749202086	0.678120451554	17831	8	2	4	2786	2	-0.038795430945	CDKN2A,NFKB1	CDKN1A,CDKN2A,E4F1,IKZF1	CDKN1A,NFKB1
REST	-1.25766401976	0.6392292793457941	0.707718130704272	0.0931579508324	17831	6	2	3	2786	1	-0.023277258567	NPAS4,OPRM1	BDNF,KCNN4,SCN8A	NPAS4
SMAD3	-1.36390647977	0.00023493742650602215	0.0017579800535105796	1.37555768153	17831	37	12	14	2786	15	-0.00895279175653	ACTA2,CDKN2B,COL1A2,DAPK1,FN1,LGALS9,NEDD9,RIF1,RUNX2,SERPINE1,TAGLN,VEGFA	CCL2,CDH1,CLDN3,CXADR,FOXP3,IL2,MYC,OCLN,PPARGC1A,SIRT1,SMAD7,SSTR2,TNFSF13B,TPT1	ACTA2,ANGPTL2,CDH1,CLDN3,COL1A2,DAPK1,ENPP1,FBLN5,FN1,GADD45B,MMP9,OCLN,PPARG,TAGLN,VEGFA
POU4F1	-0.947865685879	0.69561678158639	0.739945301981601	-0.129234470504	17831	7	3	2	2786	1	0.023277258567	BAX,BCL2,CDKN1A	BCL2L1,RUNX3	CDKN1A
ELF1	-0.65385723869	0.07862879981720422	0.1410119798374654	1.21868883292	17831	11	4	3	2786	4	0.0166266132621	CSF1R,EPHA7,FLI1,LYL1	DNTT,FCER1G,TOLLIP	CSF1R,DNTT,FCER1A,FCER1G
AR	0.207456120887	0.11588277399506298	0.19343509197637437	1.26308295227	17831	8	4	1	2786	3	0.0698317757009	CCR2,RUNX2,SCNN1A,TNF	SOX2	CCR2,FOXA1,SCNN1A
SKIL	0.235282471526	0.5724003413308025	0.6678003982192696	0.356192356666	17831	5	3	2	2786	1	0.023277258567	AFP,ITCH,TPT1	ADAM12,TRP53	AFP
EBF1	0.170311465362	0.11588277399506298	0.19343509197637437	1.26308295227	17831	8	5	2	2786	3	0.0498798397864	BLK,CD79A,PAX5,PPARG,ZFP521	ZFP423,ZFP521	BLK,CD79A,PPARG
DACH1	-2.67708580556	0.17638523292213618	0.25861888881151046	1.35619235667	17831	5	0	3	2786	2	-0.116386292835		CCND1,CXCL15,SOX2	CCND1,CXCL15
TRP73	-1.53660710214	0.5500486893831403	0.6678003982192696	0.0931579508324	17831	18	3	5	2786	3	-0.0290965732087	CDKN1A,PSRC1,TRP53	BAX,BBC3,FOXO3,PMAIP1,PTEN	CDKN1A,CDKN1C,PDGFRB
PBX1	0.157686201174	0.17638523292213618	0.25861888881151046	1.35619235667	17831	5	4	1	2786	2	0.0698317757009	CDH1,CDKN2B,FGF10,PBX1	CYP17A1	CDH1,PBX1
NFIC	-1.44944212188	0.05686592772539768	0.11218096651282997	1.35619235667	17831	10	2	3	2786	4	-0.023277258567	COL1A1,KLF4	MT1,PDGFA,PDGFRA	COL1A1,MT1,PDGFA,PDGFRA
E2F4	-1.6085274118	1.0	1.0	NA	17831	9	2	4	2786	0	-0.038795430945	MAP1LC3B,RAD51	BRCA1,E2F2,MYBL2,RB1	
E2F3	0.314744756282	0.17638523292213618	0.25861888881151046	1.35619235667	17831	5	2	0	2786	2	0.116386292835	CDKN2A,IGF2		DDB2,IGF2
E2F2	0.924439198758	0.5724003413308025	0.6678003982192696	0.356192356666	17831	5	4	0	2786	1	0.116386292835	CDKN2A,CHEK1,FGFR2,MCM5		FGFR2
E2F1	-1.25045914098	0.053693040459452196	0.11218096651282997	0.708494100597	17831	47	16	16	2786	12	0.0	BCL2,BIN1,BMI1,CDKN1A,CDKN2A,DNMT1,EGR1,HINFP,MCL1,MYCN,MYH10,NOX4,PURA,SIVA1,TAPBP,TRP53	ATM,BID,CCND1,CDKN2C,DDB2,FBN2,HMGA1,NPAT,NRP1,PCNA,PDK4,POLA1,RB1,TAPBP,TLR3,VEGFA	CCND1,CDKN1A,DDB2,FBN2,MERTK,MXD3,NFKB1,PDGFRA,TGFB2,TLR3,TRP73,VEGFA
NOTCH1	0.442744914008	1.5186444885467167e-05	0.0002634881137171233	1.8707655295	17831	21	12	5	2786	12	0.0479237676379	CCND1,CDKN1A,EFNB2,GATA2,HEY1,NFKB1,NRARP,RBPJ,RUNX2,SCGB3A2,SPI1,TCF3	CASP3,CCNE1,CTNNB1,HES5,SMARCC1	CASP3,CCND1,CCNE1,CDKN1A,DLL4,DTX1,EFNB2,HES5,HEY1,NFKB1,SCGB3A2,SPI1
TFAP2A	-1.02186245373	0.11588277399506298	0.19343509197637437	1.26308295227	17831	8	2	3	2786	3	-0.023277258567	ITPR1,MEIS1	CEBPA,HOXA7,VEGFA	APOE,MEIS1,VEGFA
CREBBP	0.78233675496	0.0015842851138234638	0.007162288952076909	1.30888664189	17831	31	10	4	2786	12	0.0498798397864	CREBBP,CRYAB,CYP11A1,FOS,HMOX1,MT1,NFKB1,SETDB1,SPIB,TNF	BIRC5,FOXP3,FTH1,TRP53	BIRC5,CRYAB,CYP11A1,ESR1,F7,FOSB,IL6,MT1,NFKB1,NPAS2,SOCS3,SPIB
ATF4	-0.689073287259	0.05686592772539768	0.11218096651282997	1.35619235667	17831	10	3	3	2786	4	0.0	CDKN1A,DDR2,IL6	CDKN1B,HSPA5,SPHK2	CDKN1A,DDR2,IL6,TRIB3
BCL6	0.657582148778	0.0008033887879146119	0.004587772815196599	1.77122985595	17831	15	8	3	2786	8	0.0529028603795	BATF,BCL6,CDKN1B,CSF1R,GADD45A,GATA3,MYC,PRDM1	CDKN1A,CDKN2B,GATA3	BCL6,CDKN1A,CSF1R,GATA3,IFNG,IL17A,RORC,TBX21
POU2F2	0.341537248225	1.5482245232253385e-06	4.7994960219985496e-05	2.2996088283	17831	13	4	1	2786	10	0.0698317757009	BTK,CD36,CRISP3,IL5	CXCR5	BTK,CD36,CD79A,CD79B,CRISP3,CXCR5,IFNG,IL4,IL5,LPL
BCL3	-1.79989325095	0.03995175147497023	0.0884645925517198	1.2996088283	17831	13	1	2	2786	5	-0.038795430945	TNFAIP3	NFKB1,TNF	CCND1,CTSL,CXCL10,IFNG,NFKB1
POU2F1	-0.0295073653294	0.007005966384989589	0.023389149316042166	1.48547537361	17831	16	5	2	2786	7	0.0498798397864	BTK,GADD45A,IL2,IL5,NOS2	MAD2L1,THRB	ALDH3A1,BTK,CD79A,CD79B,IL4,IL5,LPL
