upstream_regulator	activation_zscore	enrichment_p_value	enrichment_p.BH_value	log2_fold_enrichment	genes_in_background	target_genes	genes_activated	genes_inhibited	candidate_genes	overlapping_genes	bias_term	activated_gene_names	inhibited_gene_names	overlapping_gene_names
FOXA1	-2.41421286312	8.782822594849258e-05	0.0008892556654087486	2.45572803022	17831	7	0	2	2786	6	-0.116386292835		AFP,GCG	AFP,GCG,SCGB1A1,SFTPA1,SFTPC,SFTPD
ETS1	2.55507539036	4.365428951611002e-09	3.157660274998625e-07	1.70613482772	17831	51	24	6	2786	26	0.0698317757009	ANGPT2,ANPEP,BMP4,CCL2,CDKN2A,CSF1R,CSF3R,ERG,FLI1,HMOX1,IGHM,IKZF1,IL10,IL5,IL7R,ITGA2B,KDR,NPR1,PCYT1A,PRDM1,PTGS2,RETNLA,RNF11,VWF	CD3D,CD4,RUNX2,SELL,SPP1,TGFBR2	ANGPT2,ANPEP,BMP4,CDH5,CSF1R,CSF3R,EBF1,ERG,IL10,IL5,ITGA2B,KDR,KRT8,LTBR,MMP3,MMP9,NOS3,NPR1,NR2F2,PTGS2,SELL,SH2D1A,TBX21,THBD,VEGFA,VWF
WT1	-2.34231791818	0.01399143817534433	0.04048189445399626	1.8707655295	17831	7	1	4	2786	4	-0.0698317757009	VEGFA	CSF1,IGF2,IL10,STIM1	CSF1,IGF2,IL10,VEGFA
SNAI1	-2.18212676066	5.634530779267842e-05	0.0006113465895505608	1.8156239753	17831	20	7	10	2786	11	-0.0205387575591	CDH1,ID1,LLGL2,MMP15,MMP2,RUNX2,TRP53	CDH1,CLDN3,CTNNB1,CXADR,ITGB4,OCLN,PHGDH,PTGS2,THBD,TJP1	CDH1,CLDN3,FN1,ID1,ITGB4,MMP15,OCLN,PTGS2,TFCP2L1,THBD,TJP1
STAT4	-2.16742880199	0.006840049900725805	0.02319204419464843	2.09315795083	17831	6	1	2	2786	4	-0.038795430945	NOS2	IFNG,TBX21	IFNG,IL18R1,IRF4,TBX21
SMAD4	-2.81645611683	0.0003584851501427395	0.0022879787523816023	1.50819545011	17831	27	5	13	2786	12	-0.05172724126	BMPR1B,CDKN1A,CDKN2B,DAPK1,VEGFA	AFP,CDH1,CLDN3,CXADR,ID3,IFI204,IL10,OCLN,SCNN1A,SSTR2,TGFB1,TGFBR2,TNFSF13B	AFP,CDH1,CDKN1A,CLDN3,DAPK1,GADD45B,IL10,NKX2-1,OCLN,PPARG,SCNN1A,VEGFA
ID1	-2.85595779506	0.011735716195692691	0.03586831569669456	1.67812045155	17831	10	3	7	2786	5	-0.046554517134	RORC,RUNX2,TNF	ALPL,CDKN1A,CDKN2A,IFNG,MYOD1,REL,THBS1	CDKN1A,IFNG,REL,RORC,THBS1
TRP63	-2.73204366195	0.006726982878945196	0.02319204419464843	1.830123545	17831	9	0	3	2786	5	-0.116386292835		IRF6,PTK2,SATB1	CDKN1A,PTK2,SATB1,SMARCD3,VEGFA
