upstream_regulator	activation_zscore	enrichment_p_value	enrichment_p.BH_value	log2_fold_enrichment	genes_in_background	target_genes	genes_activated	genes_inhibited	candidate_genes	overlapping_genes	bias_term	activated_gene_names	inhibited_gene_names	overlapping_gene_names
TBX21	-0.614078228004	0.00030449790634883917	0.002131485344441874	2.26308295227	17831	8	3	3	2786	6	0.0	IL21,IL4,S1PR5	IFNG,IL7,SPP1	GATA3,IFNG,IL21,IL23R,IL4,S1PR5
FOXA1	-2.41421286312	8.782822594849258e-05	0.0008892556654087486	2.45572803022	17831	7	0	2	2786	6	-0.116386292835		AFP,GCG	AFP,GCG,SCGB1A1,SFTPA1,SFTPC,SFTPD
GATA6	-0.785422142154	0.0004155460704150711	0.002504819368890845	2.02604375497	17831	11	4	4	2786	7	0.0	NKX2-1,SFTPA1,SFTPC,WNT7B	CAV1,MYLK,NOX1,TTF1	CAV1,MYLK,NKX2-1,PPP1R14A,RBPJL,SFTPA1,SFTPC
NKX2-1	1.23087766435	0.006840049900725805	0.02319204419464843	2.09315795083	17831	6	5	0	2786	4	0.116386292835	FOXJ1,SCGB1A1,SFTPC,SOX17,WNT7B		FOXJ1,SCGB1A1,SFTPC,SOX17
NFE2L2	0.15928772805	0.000247985232769641	0.00179375985036707	1.32056844694	17831	41	19	13	2786	16	0.0218224299065	AREG,CD36,CEBPB,COX17,CYP2A5,FMO3,GCLC,HMOX1,MT1,NFATC1,NQO1,PPARG,PRDX1,RUNX2,SCARB1,SLC40A1,SLC7A11,SRXN1,UGT1A6A	BCL2,FAS,FOS,IL10,KEAP1,MDM2,NFKB1,SLC40A1,SQSTM1,TGFB1,TNFSF11,TXNIP,TXNRD1	AREG,CD36,FAS,FMO3,GCLC,IL10,MGST1,MT1,NFATC1,NFKB1,NQO1,PPARG,SCARB1,SLC40A1,SLC7A11,UGT1A6A
RBPJ	-0.0352802757709	0.00011141377915661568	0.0010073662532077334	1.94115485739	17831	15	6	3	2786	9	0.038795430945	CR2,HES1,NFATC1,PRDM1,SOX9,TYROBP	FOS,PLCG2,RLIM	BIRC5,CDKN1A,CR2,HES1,HESX1,NFATC1,NODAL,PLCG2,TYROBP
ETS1	2.55507539036	4.365428951611002e-09	3.157660274998625e-07	1.70613482772	17831	51	24	6	2786	26	0.0698317757009	ANGPT2,ANPEP,BMP4,CCL2,CDKN2A,CSF1R,CSF3R,ERG,FLI1,HMOX1,IGHM,IKZF1,IL10,IL5,IL7R,ITGA2B,KDR,NPR1,PCYT1A,PRDM1,PTGS2,RETNLA,RNF11,VWF	CD3D,CD4,RUNX2,SELL,SPP1,TGFBR2	ANGPT2,ANPEP,BMP4,CDH5,CSF1R,CSF3R,EBF1,ERG,IL10,IL5,ITGA2B,KDR,KRT8,LTBR,MMP3,MMP9,NOS3,NPR1,NR2F2,PTGS2,SELL,SH2D1A,TBX21,THBD,VEGFA,VWF
RELA	0.717230542514	1.2713487446978359e-08	6.89706693998576e-07	1.31966648064	17831	100	39	25	2786	39	0.0254595015576	AKT1,BCL2L1,BIRC3,CCL12,CCL2,CCND1,CD40,CD80,CDK9,CDKN1B,CFLAR,CSF1,CXCL15,EPAS1,FN1,FTH1,HES1,HSD11B2,IL12B,IL2,IL6,KLRB1C,MET,MMP14,MMP9,MYC,NFKB1,NOS2,PECAM1,PTEN,PTGS2,SELP,SERPINE2,SOD2,TNF,TNFAIP3,TWIST1,UPP1,WT1	BCL2,BMP2,CD86,CLDN5,COL1A1,CXCL10,DCST1,FAS,FASL,GLI1,HES1,HGF,IFNG,ITCH,LTC4S,NOS2,PDK4,PGLYRP1,RIPK2,STK39,TEC,TNF,TNFSF13B,TRP63,TRP73	APOE,CCL5,CCND1,CD40,CD86,CLDN5,COL1A1,CSF1,CXCL10,CXCL15,CXCR4,CYP11A1,EPAS1,FAS,FASL,FN1,HES1,IFNG,IL10,IL12B,IL4,IL6,IRF4,KLF5,LTC4S,MGMT,MMP9,NFKB1,NGB,PGF,PGLYRP1,PTAFR,PTGS2,RORC,SELP,SERPINE2,TLR2,TRP73,UPP1
MYB	-0.307933534929	0.004547872480493041	0.017623005861910533	1.578584778	17831	15	5	3	2786	7	0.0290965732087	ANPEP,GSTM2,IGFBP5,KIT,PTGS2	CDKN1A,CSF1R,CSF3R	ANPEP,CDKN1A,CSF1R,CSF3R,GSTM2,IGFBP5,PTGS2
WT1	-2.34231791818	0.01399143817534433	0.04048189445399626	1.8707655295	17831	7	1	4	2786	4	-0.0698317757009	VEGFA	CSF1,IGF2,IL10,STIM1	CSF1,IGF2,IL10,VEGFA
TRP53	-0.643157895689	1.8858471819384982e-05	0.0002683600266268286	0.920690754828	17831	142	50	49	2786	42	0.00117561911954	AFP,AGTR1A,APAF1,ATF3,BCL2,CASP6,CCNB1,CDKN1A,CHEK1,CXCR2,DDIT4,EDIL3,ELF4,FOXM1,GDF15,GSK3B,HDGF,HGF,HIPK2,HMOX1,HRAS,KLF2,KLF4,KRT19,MCM7,MCTS1,MDM2,MET,MGMT,NDRG1,NOTCH1,PCNA,PER2,PERP,POLK,PRNP,PSEN1,RPS6KA1,RUNX1,SIVA1,SOD2,SRC,TCF4,TERT,THBS1,TNFRSF10B,TRP73,TYMS,UHRF1,UPP1	BAK1,BAX,BBC3,BCL2,BTG2,CASP7,CDK2,CDK5,CDKN1A,CKAP2,DUSP2,DUSP4,DYRK1A,E2F1,FAS,FOS,FOXO3,FOXP3,GADD45A,GTSE1,HSPA1B,INSR,LTF,MAPK1,MDM2,MET,NOTCH1,NUPR1,PER2,PIAS3,PKD1,PLK3,PML,PTGS2,PTK2,RAP2B,REEP5,SESN1,SIAH1B,SIN3A,SLC6A6,SREBF1,TCF7L2,TFF2,THBS1,TPT1,TRP53,TRP53INP1,UPP1	AFP,ATF3,AXL,BIRC5,CASP3,CCNB2,CDKN1A,CDKN1C,CXCR2,DUSP2,DUSP4,EDIL3,EPCAM,FAS,FPR1,GAP43,GDF15,IGF1R,KLF2,KRT19,LIF,LTF,MGMT,MT1,NDRG1,NFKB1,NUPR1,PDGFRB,PERP,PRNP,PTGS2,PTK2,SRC,STEAP3,TCF4,TCF7L2,TFF2,THBS1,TRP73,UHRF1,UPP1,ZFP385A
SP1	1.1126218123	5.643661960761115e-14	6.12337322742581e-12	1.19018240523	17831	230	69	48	2786	82	0.0208898474319	ABCC1,ACACA,ACSBG1,ACSS1,ACTA2,AHR,APP,BACE1,BFSP1,BSG,BTK,CADM1,CCL2,CCND1,CCND2,CCND3,CDH5,CDKN1A,CDKN1C,CES1D,CIRBP,COL1A2,COL5A1,COPS5,COX17,CSF1,CSF1R,CSF2,CSRP2,CTSE,CYP11A1,DMD,ECM1,EGR1,EPOR,GPC4,HGF,HSPA1B,IL2,ITGA5,KCNN3,KRT5,LGALS1,LIPE,MET,MFN2,MGP,MMP9,MYH11,NOS3,NPR1,NRP1,PCYT1A,PEMT,PRKRA,PTDSS1,PTGS1,PTGS2,RAC2,SLC2A1,SLC9A2,SOD3,SP4,SRC,SREBF1,TGM1,TNFSF11,UCP3,VEGFA	ARNTL,ASCL2,CD1D2,CDKN2C,CEBPA,CEND1,COX4I1,DNMT1,EPOR,FMR1,GSTK1,HINFP,HSPA1B,ICAM1,IL10,ITGA6,JAK3,KCNN3,KDM5A,KLF16,LOR,LTF,MET,MGARP,MIF,MRC1,MYB,MYC,NRGN,OPRM1,PARP1,PCYT1A,PLD2,RAC2,REST,RUNX2,SELL,SETDB1,SIRT1,SLC2A3,TEC,TERT,TESC,THRA,TPT1,TXLNG,VEGFA,ZBTB14	ABCB1A,ACTA2,ADCY4,ALDH3A1,ALOX5,ALOX8,APOE,APP,AR,ASAH1,ASCL2,BMP4,BMP7,BTK,CADM1,CCND1,CD14,CD79A,CDH5,CDKN1A,CDKN1C,CEBPD,CES1D,CES2C,COL1A1,COL1A2,COL5A1,CSF1,CSF1R,CSF2,CSRP2,CYP11A1,DCK,ECM1,EPAS1,FASL,FBLN1,GFPT2,GHR,IGFBP3,IL10,IL6,ITGA5,KCNN3,LMNA,LPL,LTF,MERTK,MGARP,MGP,MGST1,MMP9,MRC1,MYB,MYH11,NDRG1,NES,NFATC1,NGB,NKX2-1,NOS3,NPR1,NR1H3,PLAUR,PRKAR2B,PTGS1,PTGS2,SCARB1,SELL,SLC11A1,SOCS3,SOD3,SPARC,SRC,ST8SIA1,SULT1A1,SYN2,TIMP3,TLR2,TRF,UCP3,VEGFA
SP3	-0.0509256531482	5.054344350122355e-06	0.0001370990904970689	1.29109732844	17831	68	24	17	2786	26	0.019870830484	ACACA,ACSBG1,ACTA2,AHR,ANGPT2,BSG,CDH5,CDKN1A,CEBPA,CSF1,DMD,GHR,GPC4,HGF,LIPE,OPRM1,PCYT1A,PRKRA,PTDSS1,PTGS2,SOD3,TXLNG,UCP3,VEGFA	ANGPT2,DNMT1,IL10,ITGA6,KCNN3,MET,MGP,NRGN,OPRM1,RAC2,SETDB1,SLC2A3,SLC9A2,SP1,TERT,TESC,ZFP143	ACTA2,ADCY4,ALOX8,ANGPT2,CDH5,CDKN1A,CES2C,CSF1,DCK,EPAS1,FBLN1,GHR,IL10,IL6,KCNN3,LMNA,LPL,MERTK,MGP,NES,NOS3,PTGS2,SOCS3,SOD3,UCP3,VEGFA
SNAI1	-2.18212676066	5.634530779267842e-05	0.0006113465895505608	1.8156239753	17831	20	7	10	2786	11	-0.0205387575591	CDH1,ID1,LLGL2,MMP15,MMP2,RUNX2,TRP53	CDH1,CLDN3,CTNNB1,CXADR,ITGB4,OCLN,PHGDH,PTGS2,THBD,TJP1	CDH1,CLDN3,FN1,ID1,ITGB4,MMP15,OCLN,PTGS2,TFCP2L1,THBD,TJP1
GATA2	0.266480384088	0.01399143817534433	0.04048189445399626	1.8707655295	17831	7	6	2	2786	4	0.0581931464174	ANGPT2,CSF2,LYL1,RC3H1,SMAD6,SPI1	CEBPA,SPI1	ANGPT2,CSF2,SMAD6,SPI1
GATA3	1.41543947853	0.002800446757265683	0.011686479737051024	1.67812045155	17831	14	9	1	2786	7	0.0931090342679	CDKN2C,DLC1,ERG,FGF10,IFNG,IL13,IL5,RUNX3,TBX21	IL10	ERG,IFNG,IL10,IL13,IL4,IL5,TBX21
FOXA2	0.64888985909	0.0010436431799882065	0.005523672440425386	1.43711235205	17831	26	10	4	2786	11	0.0498798397864	CCL20,HADH,MCHR1,MSX1,OTX1,SOX17,TBX1,TLE4,VTN,WNT7B	IL13,IL33,IL4,SOX2	GCG,HMGCS2,IL13,IL33,IL4,MAP1B,MSX1,PGF,SOX17,TBX1,VTN
POU2AF1	-0.0307831235558	0.005700340728915584	0.02132713686508072	1.67812045155	17831	12	5	2	2786	6	0.0498798397864	ALDH1A7,BTK,CD79B,POU2F1,SPI1	CXCR5,POU2F2	ALDH1A7,BTK,CD79B,CXCR5,SPI1,SPIB
RUNX2	-1.81909848145	0.0001766374798377882	0.0014742435817230786	1.35619235667	17831	40	10	15	2786	16	-0.023277258567	ALPL,COL1A1,COL1A2,DDX5,LGALS3,MGP,PTTG1IP,SOX5,SOX9,TNFSF11	ASRGL1,AXIN2,BAX,COL10A1,HES1,IHH,NR2F2,PPARG,SMAD6,SMURF1,SOX9,SPP1,TCF7,TG,TNFSF11	COL1A1,COL1A2,CYP11A1,ENPP1,GDF10,HES1,LEF1,LGALS3,MGP,NR2F2,OSR1,PPARG,SMAD6,TCF7,TG,THBS1
RUNX3	0.132773910996	1.5604999154446196e-05	0.0002634881137171233	2.48547537361	17831	8	5	2	2786	7	0.0498798397864	CCR7,CD4,CLDN7,PIRB,SLC22A17	IFNG,ITGAE	CCR7,CLDN7,IFNG,ITGAE,PIRB,SLC22A17,THBS1
NFATC2	-0.177288408493	0.000401468892532958	0.0024891071337043397	1.76058261175	17831	17	6	3	2786	9	0.038795430945	ACP5,BACE1,CCNA2,EGR3,IL12B,IL4	IFNG,IL10,IL21	CSF2,EGR3,IFNG,IL10,IL12B,IL13,IL21,IL2RA,IL4
RFX5	0.0	0.0014765086945483787	0.006817072057808472	2.19269362438	17831	7	0.0	0.0	2786	5	0.0			H2-AA,H2-AB1,H2-DMB1,H2-EB1,H2-OA
AHR	0.945850159525	2.7493295572073414e-05	0.0003314469521744406	2.00004854644	17831	16	8	2	2786	10	0.0698317757009	CYP1A1,IL17A,NQO1,PLA2G4A,PTGS2,SNAI2,UGT1A6A,VAV3	GATA4,IL6	CYP1A1,CYP1B1,IL17A,IL6,NQO1,PLA2G4A,PTGS2,SERPINB2,SMOC2,UGT1A6A
EGR1	0.524276004905	0.00114673265105636	0.0059247853637911935	1.04340491564	17831	59	19	14	2786	19	0.0176342867932	CCL2,CDKN1C,CXCL2,IL1B,IL2,IL4,MAP1LC3B,MAPK14,MMP14,MMP9,NR4A1,PPP1R1B,PTGES,PTPRZ1,SERPINE1,STIM1,THBS1,TNF,TRP73	BNIP3,CDK5R1,CREBBP,GGPS1,HSD11B2,ICAM1,ID3,ITGA7,ITGB6,MAPK8,MET,PTEN,TK1,TRP53	ACHE,BIRC5,CCND1,CDKN1C,CXCL2,F3,FAS,GADD45B,IGF1R,IL1B,IL4,ITGA7,MMP9,NDRG1,NGB,PTGES,SYN2,THBS1,TRP73
JUN	1.32953908942	6.074205906916754e-08	2.1968378030015593e-06	1.21549349376	17831	113	36	20	2786	41	0.0332532265243	ALDH1A1,ANGPT2,CAT,CCL12,CCND1,CCND2,CDKN2A,COL3A1,CSF1R,CTSK,CXCL2,CYP11A1,GCLC,HMOX1,IL12B,IL2,IL4,IL6,ITGA5,KRT18,MAF,MET,MMP9,MYOD1,NFKB1,NOS2,NR3C1,PPP1R3B,PTGS2,RAB18,RELB,SERPINE1,SRXN1,TGFB1,TGM1,TRP53	B4GALNT1,BCL3,CCND1,FOS,ICAM1,IFNG,IL11,JUN,LOR,MMP3,NACC1,NEFL,NFE2L2,NOS2,ODC1,PENK,PTPN4,SPP1,TBP,TFF2	ALDH1A1,ALDH3A1,ANGPT2,AQP5,ASAH1,CCL5,CCND1,CD14,CEBPD,COL3A1,CSF1R,CSF2,CTSK,CXCL15,CXCL2,CYP11A1,ESR1,GCLC,IFNG,IL12B,IL1B,IL4,IL6,ITGA5,KRT18,MMP12,MMP19,MMP3,MMP9,MSR1,NFKB1,ODC1,PENK,PLAUR,PLIN2,PTGS2,PTPN4,SOCS3,SRC,TFF2,TRP73
SOX17	-1.37375471559	0.00342986000842097	0.01404301173259152	2.00004854644	17831	8	3	4	2786	5	-0.0166266132621	FOXA2,FOXJ1,LEF1	CCND1,CTNNB1,LEF1,SFTPC	CCND1,FOXA2,FOXJ1,LEF1,SFTPC
RUNX1	-0.556434388527	2.7493295572073414e-05	0.0003314469521744406	2.00004854644	17831	16	6	5	2786	10	0.0105805720759	AI467606,CD79A,CSF1R,FXYD2,IL2,SMAD6	CD40,CDKN2A,IFNG,IGFBP3,SLC22A17	CD40,CD79A,CSF1R,IFNG,IGFBP3,MPL,PIEZO2,SLC22A17,SMAD6,SPI1
NR1H3	-0.608900912856	0.009200011836371924	0.030248523765041026	1.56264323413	17831	13	2	2	2786	6	0.0	ARG2,MLXIPL	F3,NOS2	APOE,ARG2,F3,MLXIPL,NR1H3,PLTP
TCF3	0.711310745257	0.0010436431799882065	0.005523672440425386	1.43711235205	17831	26	11	4	2786	11	0.0543136033229	ACTA2,AICDA,CCND3,CD19,CD5,CD79A,CDKN1A,EPB42,ID1,LEF1,UNG	ADIPOQ,CDH1,FOXO1,TPT1	ACTA2,ADIPOQ,CD19,CD7,CD79A,CDH1,CDKN1A,EBF1,FOXO1,ID1,LEF1
PAX5	-0.300453344928	0.00017476981174423698	0.0014742435817230786	2.16354727872	17831	10	5	3	2786	7	0.0290965732087	BLK,CD72,CD79A,EBF1,PRDX6	AICDA,CSF1R,FLT3	BLK,BLNK,CD19,CD79A,CSF1R,EBF1,FLT3
STAT4	-2.16742880199	0.006840049900725805	0.02319204419464843	2.09315795083	17831	6	1	2	2786	4	-0.038795430945	NOS2	IFNG,TBX21	IFNG,IL18R1,IRF4,TBX21
PPARA	1.71441146658	1.978691440566478e-05	0.0002683600266268286	1.51765577936	17831	38	20	6	2786	17	0.0626695422957	AKR1C18,ALDH3A2,ANGPTL4,CD36,CDKN2A,CIDEA,GSK3B,IL6RA,IL6ST,LPL,NFKBIA,PXMP4,SERPINE1,SERPINE2,SLC25A20,SLC27A1,SPP1,TBX21,UCP2,UCP3	ABCD4,BCL2,CEBPA,CEBPB,CEBPD,TRIB3	ACOT1,AKR1C18,CD36,CEBPD,FABP1,FABP4,IL6,IL6RA,IL6ST,LPL,MMP12,PTGS2,SERPINE2,SLC15A1,TBX21,TRIB3,UCP3
RFXAP	0.0	0.0014765086945483787	0.006817072057808472	2.19269362438	17831	7	0.0	0.0	2786	5	0.0			H2-AA,H2-AB1,H2-DMB1,H2-EB1,H2-OA
IRF1	-1.82613891961	0.0013694688066024762	0.006817072057808472	1.47648659038	17831	23	8	9	2786	10	-0.0068462525197	CIITA,FOXP3,IL12A,IL12B,MAPK14,NOS2,SOCS1,TNF	CCL5,CXCL10,CXCL11,GBP2,IL12B,IL4,MYD88,SELL,TAP2	CCL5,CDKN1A,CIITA,CXCL10,IFNG,IL12B,IL4,PIGR,SELL,UPP1
IRF8	-0.72550763678	0.010593890804159492	0.032841061492894424	1.28580302877	17831	21	7	5	2786	8	0.0193977154725	CDKN2B,FANCC,GAS2,IL12A,IL12B,IL1B,NOS2	CCL5,DAB2,JAK1,NF1,SLC11A1	C1QB,CCL5,DAB2,IFNG,IL12B,IL1B,SLC11A1,SPI1
FOXC2	-0.0246835959457	0.006840049900725805	0.02319204419464843	2.09315795083	17831	6	3	1	2786	4	0.0581931464174	DLL4,HEY2,TBX1	CXCR4	CXCR4,DLL4,GJA4,TBX1
FOXC1	0.483342173487	0.01399143817534433	0.04048189445399626	1.8707655295	17831	7	5	2	2786	4	0.0498798397864	CXCL12,DLL4,HEY2,SNAI1,TBX1	CXCR4,RUNX2	CXCL12,CXCR4,DLL4,TBX1
SMAD4	-2.81645611683	0.0003584851501427395	0.0022879787523816023	1.50819545011	17831	27	5	13	2786	12	-0.05172724126	BMPR1B,CDKN1A,CDKN2B,DAPK1,VEGFA	AFP,CDH1,CLDN3,CXADR,ID3,IFI204,IL10,OCLN,SCNN1A,SSTR2,TGFB1,TGFBR2,TNFSF13B	AFP,CDH1,CDKN1A,CLDN3,DAPK1,GADD45B,IL10,NKX2-1,OCLN,PPARG,SCNN1A,VEGFA
SMAD1	-0.671735766144	0.010325407300249393	0.032841061492894424	1.39801253236	17831	17	4	6	2786	7	-0.023277258567	CDKN1A,COL1A1,SMAD6,TNFRSF11B	BMP2,ID3,IFI204,RUNX1,RUNX2,SPP1	CDKN1A,COL1A1,COL4A1,COL4A2,HEY1,SMAD6,TNFRSF11B
SMAD2	-0.32362632418	0.0008626467749358958	0.0047998551323356255	1.90051287289	17831	12	4	3	2786	7	0.0166266132621	CDKN1A,DAPK1,HES1,RGCC	AFP,BECN1,FOXP3	AFP,CDKN1A,DAPK1,FBLN5,GADD45B,HES1,PPARG
FOXM1	0.266343741918	0.010593890804159492	0.032841061492894424	1.28580302877	17831	21	5	1	2786	8	0.0775908618899	AXIN2,LAMA4,MYC,SNAI1,SNAI2	SOCS3	CDH1,LAMA4,LIF,NR4A2,PTGS2,SCGB1A1,SFTPC,SOCS3
REL	1.11186645595	0.010353674518635576	0.032841061492894424	1.20418926322	17831	25	14	5	2786	9	0.0551303492376	BIRC3,IFNG,IL12A,IL12B,IL1B,IL2,IL4,MYC,NOS2,RC3H1,SOD2,TNF,TNFAIP3,WT1	CCL5,EZH2,FOXP3,MYC,TNF	CCL5,CEBPD,IFNG,IL12B,IL1B,IL21,IL4,NGB,RORC
NCOA3	0.999966254521	0.01399143817534433	0.04048189445399626	1.8707655295	17831	7	4	0	2786	4	0.116386292835	KLF4,NFKBIA,PPARG,TBX3		IGFBP3,NPAS2,PPARG,TBX3
NCOA1	0.600223265392	0.0017182495620398672	0.007609390917605126	1.94115485739	17831	10	5	1	2786	6	0.0775908618899	CDKN1A,ITGA5,MEF2C,NFKBIA,TWIST1	ESR1	ADIPOQ,AR,CDKN1A,ESR1,ITGA5,MEF2C
STAT3	-0.486788758733	0.002419907725456659	0.0105023995284819	0.933959355983	17831	67	24	20	2786	20	0.0105805720759	AKT1,BCL2,CAV1,CEBPD,COL1A1,EGR1,FOS,HGF,IGFBP5,IL6,KLF4,LIF,MAF,MMP2,MMP9,MT1,NOS2,RC3H1,SPI1,TCF4,TGFB1,TRP53,TWIST1,VEGFA	BATF,BCL2L1,CAV1,CXCL11,ENTPD1,GFI1,HIF1A,IL12A,JAK3,MMP9,MYC,NOSTRIN,NT5E,PRDM1,PTEN,RELA,SOCS3,SREBF1,STAT3,TWIST2	CAV1,CCND1,CEBPD,COL1A1,IGFBP5,IL10,IL17F,IL21,IL6,LIF,MMP9,MT1,MUC1,NOSTRIN,PCSK1,SOCS3,SPI1,TCF4,TWIST2,VEGFA
STAT1	-0.489051480062	9.425290462857705e-05	0.0008892556654087486	1.53127906322	17831	31	12	9	2786	14	0.0166266132621	CD36,CEBPD,CIITA,CXCL10,FCGR1,GFI1,MDM2,MT1,NOS2,RC3H1,SOCS1,UPP1	CXCL10,GBP2,IL6,IRF1,IRF7,PDCD1,SOCS3,TBX21,TRP53	APP,CD36,CD40,CEBPD,CIITA,CXCL10,FCGR1,IFNG,IL6,MT1,PPARG,SOCS3,TBX21,UPP1
USF1	0.628107835766	0.00043433544990298265	0.0025473187197012767	1.8707655295	17831	14	8	4	2786	8	0.038795430945	BDNF,CIITA,COL1A1,GATA5,LIPE,MT1,PIGR,TNFAIP3	CYP1A1,FASN,FMR1,SPP1	CES2C,CIITA,COL1A1,CYP1A1,GATA5,MT1,PIGR,PRND
NFKB1	1.34975438197	2.385931073600099e-20	5.1774704297122146e-18	1.54402755597	17831	169	61	37	2786	77	0.0285027655922	ADORA2A,BANP,BCL2L1,BIRC3,BTK,CCL12,CCL2,CCND1,CD40,CD80,CEBPB,CFLAR,CSF1,CSF2,CXCL1,CXCL2,DUSP1,EPAS1,FOS,FTH1,GADD45B,HSD11B2,IKBKB,IL12A,IL12B,IL1A,IL1B,IL2,IL2RA,IL4,IL6,ITGAM,LCN2,MAPK14,MMP14,MMP9,MSX1,MYC,MYOZ2,NFKB1,NFKBIA,NFKBIZ,NOS2,PER1,PER2,PTEN,PTGS2,RELB,SELP,SLC2A1,SOD2,SRC,TGFB1,TLR2,TLR4,TNF,TNFAIP3,TNFRSF25,UPP1,VCAM1,WT1	ADIPOQ,BCL2,BIN1,BMP2,CCL20,CCL22,CCL5,CD86,CDK4,COL1A1,DCST1,FAS,FBP1,GCLM,HES1,HSD11B2,IL12B,IL6,KCNIP2,LEF1,LTC4S,MYB,MYC,NOS2,NQO1,PDK4,PMAIP1,PTGS2,PTPN4,REL,RIPK2,SLC2A4,SOX9,STK39,TAPBP,TEC,TNF	ADIPOQ,ADORA2B,AGER,ALDH3A1,ALOX5,APOE,AQP5,BMPR2,BTK,CCL22,CCL5,CCL9,CCND1,CD40,CD7,CD86,CDKN1A,COL1A1,CSF1,CSF2,CXCL10,CXCL13,CXCL15,CXCL2,CYP11A1,EDN1,ELF3,EPAS1,FAS,FASL,FN1,GADD45B,HES1,IFNG,IL10,IL12B,IL1A,IL1B,IL2RA,IL4,IL6,IRF4,ITGAM,KCNIP2,KDR,KLF5,LCN2,LEF1,LIF,LTC4S,MMP3,MMP9,MSX1,MYB,NFKB1,NGB,NOS3,NQO1,NTN1,PIRB,PLA2G4A,PLAUR,PLIN2,PPP1R14A,PTGES,PTGS1,PTGS2,PTPN4,REL,SELP,SRC,TIMP3,TLR2,TLR4,UPP1,VEGFA,VEGFC
SRF	0.979456141669	0.00021572306466860347	0.001671853751181677	1.97768073341	17831	13	7	2	2786	8	0.0646590515749	KCNMB1,MMP14,MMP2,MYH11,MYLK,TAGLN,TGFB1I1	EGR1,MYOD1	ACTA2,ACTG2,KCNMB1,KLF3,MYH11,MYLK,TAGLN,TGFB1I1
SPIC	0.414213562373	9.283483213741895e-05	0.0008892556654087486	2.67812045155	17831	5	2	0	2786	5	0.116386292835	FCER2A,NFKB1		CD5L,FCER2A,FCGR2B,MMP12,NFKB1
ETV5	-1.00011800423	0.006840049900725805	0.02319204419464843	2.09315795083	17831	6	2	2	2786	4	0.0	CAV1,PTGS2	IL17A,IL17F	CAV1,IL17A,IL17F,PTGS2
EP300	-0.992247120948	4.6879877751027994e-08	2.034586694394615e-06	1.64837310816	17831	49	10	10	2786	24	0.0	CDKN1A,CRYAB,FOS,HMOX1,MMP9,MT1,NPR1,PPARG,PTGS2,TNFSF10	CCND1,COL1A2,DNMT1,FLT4,MYB,MYOD1,SPP1,STAT5A,TFF2,TNFSF13B	ALDH3A1,BIRC5,CCNB2,CCND1,CDKN1A,COL1A2,CRYAB,EDN1,F7,FN1,IL6,KLF5,MEF2C,MMP9,MT1,MYB,NPAS2,NPR1,PPARG,PTGS2,RARB,SCD1,SOCS3,TFF2
ESR1	-0.856819772785	0.003915843756455175	0.015449783548195872	1.38861383436	17831	22	6	6	2786	9	0.0	IGF1,LTF,PTGS1,SLC2A4,STAT5A,TNFSF11	BMP2,CDKN1A,F12,FASL,NRF1,PPARG	CASP12,CCND1,CDKN1A,FASL,IGF1,LTF,PPARG,PTGS1,VEGFA
ID1	-2.85595779506	0.011735716195692691	0.03586831569669456	1.67812045155	17831	10	3	7	2786	5	-0.046554517134	RORC,RUNX2,TNF	ALPL,CDKN1A,CDKN2A,IFNG,MYOD1,REL,THBS1	CDKN1A,IFNG,REL,RORC,THBS1
STAT5A	-0.595892911842	0.005258466236734713	0.02001907321704268	1.43019293811	17831	19	4	3	2786	8	0.0166266132621	BCL2L1,CDKN2B,DPAGT1,IL2RA	CLNK,IL10,NR3C1	AR,CSF2,GRB10,IL10,IL2RA,PRF1,PSAP,SOCS3
ATF3	-1.8472408839	0.0014765086945483787	0.006817072057808472	2.19269362438	17831	7	2	4	2786	5	-0.038795430945	CCND1,TNFRSF10B	ATF3,IL12B,IL6,SORT1	ATF3,CCND1,IL12B,IL6,SORT1
CTNNB1	0.277212835626	6.582772221563336e-06	0.00015871795245324933	1.56264323413	17831	39	17	10	2786	18	0.0301742240683	AXIN2,BCL2L1,BMP4,CCND1,CYP2B10,FGFBP1,GJA1,GLUL,GREM2,IHH,MYCN,PPARD,PTGS2,SLC2A1,TCF4,TWIST1,VEGFA	BIRC5,CCL7,CCNE1,E2F1,FOXA2,LEF1,PITX2,PML,RUNX2,WNT1	BIRC5,BMP4,CASP3,CCND1,CCNE1,CDH1,CYP2B10,FAS,FGFBP1,FOXA2,FOXJ1,GJA1,LEF1,PDGFRA,PTGS2,TBX3,TCF4,VEGFA
PITX2	-0.847368161047	0.00020158820369067603	0.0016201718592917295	1.752121033	17831	19	7	7	2786	10	0.0	BMP4,FOXJ1,GAD1,GATA4,MEF2C,TBX4,TBX6	LEF1,MGA,MYOD1,TBX1,TBX2,TBX5,TPT1	BMP4,DEPDC1B,FOXJ1,HESX1,LEF1,MEF2C,PLOD1,TBX1,TBX2,TBX4
FOXO1	-1.28312909602	0.00033250955814239134	0.0022548304411530913	1.33708353372	17831	38	12	13	2786	15	-0.0046554517134	ADIPOR1,AKT1,ALPL,BAX,CCL2,CDKN1A,IKZF1,IL7R,LPL,MYH7,PDK4,TRIB3	ADIPOQ,CASP8,CCND1,CCND2,CCNG2,CDKN1B,EGR1,GCK,NOS3,PIK3R1,PPARG,SELL,SREBF1	ADIPOQ,ANGPT2,CCND1,CCR2,CCR7,CDKN1A,EDN1,FASL,FOXA2,KLF2,LPL,NOS3,PPARG,SELL,TRIB3
MYBL2	-0.977245593253	0.006726982878945196	0.02319204419464843	1.830123545	17831	9	2	2	2786	5	0.0	IGFBP5,SFTPA1	COL5A2,ERBB2	ADORA2B,COL5A2,ELN,IGFBP5,SFTPA1
CEBPB	0.810798344369	9.771303520127995e-06	0.00021203728638677748	1.6337263322	17831	33	11	4	2786	16	0.0543136033229	CEBPA,CLU,FOS,FOXF1,H2-K1,IL1B,PPARG,PPARGC1A,PTGS2,RUNX2,SERPINE1	BCL2,CSF1R,MYC,SCGB1A1	ALDH3A1,ATF3,CDKN1A,CLU,CR2,CSF1R,CXCR4,FOXF1,IL1B,IL6,MAFB,PPARG,PTGS1,PTGS2,SCGB1A1,SOCS3
CEBPA	1.86538759118	0.00034683109957076074	0.0022806772305107603	1.67812045155	17831	20	11	1	2786	10	0.0969885773624	CFLAR,CLU,CRABP2,IL12B,IL4,LPIN1,NFKB1,NOS2,PTGS2,SCGB1A1,SLC2A4	BCL2	ALDH3A1,CLU,IL12B,IL4,MSTN,NFKB1,NR1H3,PTGS2,SCGB1A1,SPI1
MYOD1	0.287412170039	0.003911167687277162	0.015449783548195872	1.17562011102	17831	34	9	6	2786	12	0.023277258567	ACTC1,CCND3,CDKN1A,CDKN1C,DES,MAF,RB1,SGCG,TRP73	ACACB,ARNT,FOSL1,IFI204,ITGA7,SMAD7	ACTA2,ACTC1,ALDH1A1,BMP5,CCND1,CDKN1A,CDKN1C,CDO1,CDON,DES,ITGA7,TRP73
TWIST1	-0.963656202925	5.634530779267842e-05	0.0006113465895505608	1.8156239753	17831	20	8	8	2786	11	0.0	ESR1,FGF10,FGFR2,IL6RA,MME,PDGFRA,POSTN,TRP53	CDH1,CDKN1A,IL12RB2,RUNX3,SOX9,TBX21,TNF,ZYX	CDH1,CDKN1A,ESR1,FGFR2,IL12RB2,IL6RA,MME,PDGFRA,POSTN,TBX21,TEK
SPI1	1.44620918795	1.5785002204251625e-05	0.0002634881137171233	1.5906576103	17831	34	17	5	2786	16	0.0634834324554	AIF1,BCL2L11,CSF1R,FCER1G,FES,FLT3,IGHM,IL1B,IRF8,ITGA2B,MED1,NCF1,NCF4,OPRM1,PIRB,TLR4,TNF	CCL5,H2-AB1,MRC1,PTPRC,SCN8A	AIF1,CCL5,CSF1R,FCER1G,FES,FLT3,H2-AB1,IL1B,ITGA2B,MEF2C,MRC1,NCF1,NFKB1,PIRB,PTPRO,TLR4
EOMES	-0.0319963383031	0.002603079349623261	0.011075847428789169	2.35619235667	17831	5	2	1	2786	4	0.038795430945	IL17A,RORC	SOX2	EBF1,IL17A,PRF1,RORC
TRP63	-2.73204366195	0.006726982878945196	0.02319204419464843	1.830123545	17831	9	0	3	2786	5	-0.116386292835		IRF6,PTK2,SATB1	CDKN1A,PTK2,SATB1,SMARCD3,VEGFA
RFXANK	0.0	0.0014765086945483787	0.006817072057808472	2.19269362438	17831	7	0.0	0.0	2786	5	0.0			H2-AA,H2-AB1,H2-DMB1,H2-EB1,H2-OA
PPARG	0.317205135647	1.7973061682898493e-05	0.0002683600266268286	1.43419486867	17831	45	16	11	2786	19	0.0215530171916	ANGPTL4,CAV1,CIDEA,FABP4,HGF,HMOX1,IFNG,MUC1,PLIN2,PLIN5,SCNN1G,SLC27A1,SORBS1,TMEM159,UCP2,UCP3	CCND1,COPS5,CSF1,EGR1,IL2,IL4,INSR,MAF,PAQR7,PTGS2,TRP53	ADIPOQ,CAV1,CCND1,CIDEC,CSF1,CSF2,FABP4,FGF1,IFNG,IL4,KLF5,MSTN,MUC1,PLIN2,PLIN5,PTGS2,SCARB1,TMEM159,UCP3
SMAD3	-1.36390647977	0.00023493742650602215	0.0017579800535105796	1.37555768153	17831	37	12	14	2786	15	-0.00895279175653	ACTA2,CDKN2B,COL1A2,DAPK1,FN1,LGALS9,NEDD9,RIF1,RUNX2,SERPINE1,TAGLN,VEGFA	CCL2,CDH1,CLDN3,CXADR,FOXP3,IL2,MYC,OCLN,PPARGC1A,SIRT1,SMAD7,SSTR2,TNFSF13B,TPT1	ACTA2,ANGPTL2,CDH1,CLDN3,COL1A2,DAPK1,ENPP1,FBLN5,FN1,GADD45B,MMP9,OCLN,PPARG,TAGLN,VEGFA
NOTCH1	0.442744914008	1.5186444885467167e-05	0.0002634881137171233	1.8707655295	17831	21	12	5	2786	12	0.0479237676379	CCND1,CDKN1A,EFNB2,GATA2,HEY1,NFKB1,NRARP,RBPJ,RUNX2,SCGB3A2,SPI1,TCF3	CASP3,CCNE1,CTNNB1,HES5,SMARCC1	CASP3,CCND1,CCNE1,CDKN1A,DLL4,DTX1,EFNB2,HES5,HEY1,NFKB1,SCGB3A2,SPI1
CREBBP	0.78233675496	0.0015842851138234638	0.007162288952076909	1.30888664189	17831	31	10	4	2786	12	0.0498798397864	CREBBP,CRYAB,CYP11A1,FOS,HMOX1,MT1,NFKB1,SETDB1,SPIB,TNF	BIRC5,FOXP3,FTH1,TRP53	BIRC5,CRYAB,CYP11A1,ESR1,F7,FOSB,IL6,MT1,NFKB1,NPAS2,SOCS3,SPIB
BCL6	0.657582148778	0.0008033887879146119	0.004587772815196599	1.77122985595	17831	15	8	3	2786	8	0.0529028603795	BATF,BCL6,CDKN1B,CSF1R,GADD45A,GATA3,MYC,PRDM1	CDKN1A,CDKN2B,GATA3	BCL6,CDKN1A,CSF1R,GATA3,IFNG,IL17A,RORC,TBX21
POU2F2	0.341537248225	1.5482245232253385e-06	4.7994960219985496e-05	2.2996088283	17831	13	4	1	2786	10	0.0698317757009	BTK,CD36,CRISP3,IL5	CXCR5	BTK,CD36,CD79A,CD79B,CRISP3,CXCR5,IFNG,IL4,IL5,LPL
POU2F1	-0.0295073653294	0.007005966384989589	0.023389149316042166	1.48547537361	17831	16	5	2	2786	7	0.0498798397864	BTK,GADD45A,IL2,IL5,NOS2	MAD2L1,THRB	ALDH3A1,BTK,CD79A,CD79B,IL4,IL5,LPL
