node	log2fold	enrichment_p_value	node_size
GO_REGULATION_OF_NITRIC_OXIDE_BIOSYNTHETIC_PROCESS	0.958293101875	0.008755813622845986	14
GO_CELLULAR_COMPONENT_MAINTENANCE	1.57496446232	0.004614159375752905	7
GO_REGULATION_OF_LEUKOCYTE_PROLIFERATION	0.637025430456	0.0030329070560925347	38
GO_RECEPTOR_INTERNALIZATION	1.22383872687	0.0008811275721666514	15
GO_NEGATIVE_REGULATION_OF_DENDRITE_MORPHOGENESIS	1.55902291845	0.009314932663859243	6
GO_EPITHELIAL_CILIUM_MOVEMENT	1.84442513732	0.00022369117687744453	9
GO_REGULATION_OF_CYCLIC_NUCLEOTIDE_METABOLIC_PROCESS	1.19210736879	1.2144865421768046e-06	34
GO_TYPE_B_PANCREATIC_CELL_DEVELOPMENT	1.80003101796	0.0033249526834681666	6
GO_LYMPHOID_PROGENITOR_CELL_DIFFERENTIATION	1.67450013587	0.011862120699284977	5
GO_REGULATION_OF_PROTEIN_KINASE_B_SIGNALING	1.00891917495	0.0001070878646611154	29
GO_NEURAL_TUBE_DEVELOPMENT	0.849586842433	0.0002611180986950629	35
GO_ENDOTHELIAL_CELL_MIGRATION	1.15093817982	0.0011298258454444556	16
GO_POSITIVE_REGULATION_OF_VASCULATURE_DEVELOPMENT	1.5547608916	2.257084711689112e-14	52
GO_VENTRICULAR_SEPTUM_MORPHOGENESIS	1.61560644682	0.000149180559566916	12
GO_SYNAPTIC_SIGNALING	0.591358900575	0.0006349764546224631	59
GO_REGULATION_OF_CALCIUM_ION_TRANSPORT	1.01308557472	5.015924403874379e-07	49
GO_POSITIVE_REGULATION_OF_CELL_SUBSTRATE_ADHESION	1.32491569808	3.472171947464597e-07	31
GO_REGIONALIZATION	1.11000173771	5.258287778246954e-11	71
GO_MORPHOGENESIS_OF_AN_EPITHELIAL_SHEET	1.20501485257	0.0021953423013764337	13
GO_EPITHELIAL_CELL_DEVELOPMENT	1.17360189994	2.4486637478640944e-09	53
GO_EXOCYTOSIS	0.812003659625	1.8136707661714735e-06	66
GO_REGULATION_OF_CELLULAR_RESPONSE_TO_GROWTH_FACTOR_STIMULUS	1.20920786582	5.53710811457921e-12	67
GO_ACUTE_PHASE_RESPONSE	1.54896925379	0.0004664563959390593	11
GO_POSITIVE_REGULATION_OF_CALCIUM_ION_TRANSPORT	1.26510919974	6.806003389286133e-07	32
GO_PHAGOCYTOSIS	1.1199112842	5.234272275102943e-08	48
GO_POSITIVE_REGULATION_OF_LEUKOCYTE_PROLIFERATION	0.66069433635	0.010195927942665333	26
GO_REGULATION_OF_PRODUCTION_OF_MOLECULAR_MEDIATOR_OF_IMMUNE_RESPONSE	0.894281343755	0.0017824213788610547	23
GO_POSITIVE_REGULATION_OF_ENDOTHELIAL_CELL_MIGRATION	1.52765874755	3.629496605225947e-08	28
GO_REGULATION_OF_SMOOTH_MUSCLE_CELL_PROLIFERATION	1.24316082427	6.87953372038609e-07	33
GO_REGULATION_OF_WOUND_HEALING	1.56128952543	1.0150402504400918e-13	49
GO_POSITIVE_REGULATION_OF_INFLAMMATORY_RESPONSE	1.60235035012	1.094697950758007e-11	39
GO_ENDOTHELIAL_CELL_PROLIFERATION	1.38499351868	0.0039846136027857516	9
GO_REGULATION_OF_SMOOTH_MUSCLE_CONTRACTION	1.52249704243	1.05987147696897e-05	18
GO_REGULATION_OF_CARDIAC_CONDUCTION	0.908965389512	0.009530050732393155	15
GO_REGULATION_OF_PHOSPHOLIPASE_A2_ACTIVITY	1.82650322932	0.006801890831374138	5
GO_REGULATION_OF_COAGULATION	1.82650322932	7.517192025336751e-15	40
GO_CILIUM_OR_FLAGELLUM_DEPENDENT_CELL_MOTILITY	1.80003101796	0.0033249526834681666	6
GO_TISSUE_MIGRATION	1.30885066356	3.841037678108432e-06	26
GO_REGULATION_OF_CALCIUM_MEDIATED_SIGNALING	1.1137851814	0.00042154569592932036	20
GO_REGULATION_OF_GLOMERULUS_DEVELOPMENT	1.67450013587	0.011862120699284977	5
GO_REGULATION_OF_CANONICAL_WNT_SIGNALING_PATHWAY	0.615606446821	0.0013283402429878047	48
GO_REGULATION_OF_KIDNEY_DEVELOPMENT	1.41816038262	3.544448285263266e-05	18
GO_ACID_SECRETION	1.1890733087	0.0011744488470665103	15
GO_REGULATION_OF_CELL_SUBSTRATE_ADHESION	1.28347951771	9.885942201170429e-11	53
GO_SUPEROXIDE_ANION_GENERATION	1.93753454171	0.0017416609634292772	6
GO_REGULATION_OF_HEMOPOIESIS	0.703883942656	4.5819760525115875e-05	62
GO_HOMOTYPIC_CELL_CELL_ADHESION	1.12430305331	0.002758848147836543	14
GO_MORPHOGENESIS_OF_A_BRANCHING_STRUCTURE	1.35257204099	3.0670055097959568e-12	56
GO_HEART_FORMATION	1.93753454171	0.0017416609634292772	6
GO_CARDIAC_MUSCLE_ADAPTATION	1.67450013587	0.011862120699284977	5
GO_ETHANOLAMINE_CONTAINING_COMPOUND_METABOLIC_PROCESS	0.996428230762	0.001350094883143526	20
GO_AMINE_METABOLIC_PROCESS	0.911999449602	0.00048496495294707043	28
GO_STRIATED_MUSCLE_CELL_DIFFERENTIATION	0.71632031157	0.0016227544024060266	35
GO_NEURON_PROJECTION_GUIDANCE	1.36255612956	8.911921032971776e-13	58
GO_POTASSIUM_ION_TRANSPORT	0.981477889296	0.00012089193145478539	30
GO_ARGININE_METABOLIC_PROCESS	1.55902291845	0.009314932663859243	6
GO_BLOOD_COAGULATION_FIBRIN_CLOT_FORMATION	1.82650322932	0.00011348347971167907	10
GO_ENDOCARDIAL_CUSHION_FORMATION	1.89689255721	0.0008762258904918314	7
GO_CILIUM_MORPHOGENESIS	1.17647327193	5.679745885774133e-10	57
GO_HEART_VALVE_FORMATION	1.80003101796	0.0033249526834681666	6
GO_ISOPRENOID_METABOLIC_PROCESS	0.926038902871	0.0008117254654881632	25
GO_MESENCHYME_MORPHOGENESIS	1.63267996018	5.173024219710831e-06	17
GO_MUSCLE_ORGAN_MORPHOGENESIS	1.16754014716	0.00034021933537424016	19
GO_POSITIVE_REGULATION_OF_MUSCLE_TISSUE_DEVELOPMENT	1.08953763515	0.0025851616162047846	15
GO_NEGATIVE_REGULATION_OF_HEMOPOIESIS	0.874798786361	0.0009387993939146116	27
GO_LUNG_EPITHELIUM_DEVELOPMENT	1.30526632621	0.001620048307345845	12
GO_NEGATIVE_REGULATION_OF_OSTEOCLAST_DIFFERENTIATION	1.67450013587	0.00035420520333432915	10
GO_STEM_CELL_PROLIFERATION	1.0020747939	0.0037746420066822766	16
GO_CAMP_METABOLIC_PROCESS	1.67450013587	0.0014111336001649878	8
GO_REGULATION_OF_INSULIN_LIKE_GROWTH_FACTOR_RECEPTOR_SIGNALING_PATHWAY	1.55902291845	0.009314932663859243	6
GO_GRANULOCYTE_MIGRATION	1.61791660751	4.1669061480903575e-08	25
GO_LEUKOTRIENE_METABOLIC_PROCESS	1.81200365962	5.770907179592522e-05	11
GO_REGULATION_OF_INTERLEUKIN_8_PRODUCTION	1.02680187981	0.004143519109154376	15
GO_CARTILAGE_DEVELOPMENT	1.18096066292	3.6810447636227573e-07	38
GO_OSSIFICATION	1.02444260693	5.222051909175315e-09	65
GO_RESPONSE_TO_CARBOHYDRATE	0.6629121616	0.005256074880004998	31
GO_REGULATION_OF_SMOOTH_MUSCLE_CELL_MIGRATION	1.90582568198	3.14568763005103e-11	27
GO_FATTY_ACID_METABOLIC_PROCESS	0.572138418245	0.0019271253409085458	51
GO_RESPONSE_TO_RETINOIC_ACID	1.21930551012	2.2334724425794295e-06	31
GO_NEGATIVE_REGULATION_OF_MAP_KINASE_ACTIVITY	0.800031017959	0.011059703532776103	18
GO_ADRENAL_GLAND_DEVELOPMENT	1.39439221668	0.010468040327266373	7
GO_POSITIVE_REGULATION_OF_INTRACELLULAR_PROTEIN_TRANSPORT	0.595723022491	0.0016274096987663024	49
GO_MULTICELLULAR_ORGANISM_METABOLIC_PROCESS	1.92352768371	1.3126301007451517e-16	41
GO_REGULATION_OF_POTASSIUM_ION_TRANSMEMBRANE_TRANSPORT	1.05979029176	0.0023983550445564887	16
GO_G_PROTEIN_COUPLED_PURINERGIC_NUCLEOTIDE_RECEPTOR_SIGNALING_PATHWAY	1.80003101796	0.0033249526834681666	6
GO_REGULATION_OF_HOMOTYPIC_CELL_CELL_ADHESION	0.501553782457	0.004746583052452483	53
GO_GAS_TRANSPORT	1.99642823076	0.0034693181182599755	5
GO_NERVE_DEVELOPMENT	1.1199112842	0.0014671424451109662	16
GO_RESPONSE_TO_BMP	1.33054573466	2.7591278141567594e-06	26
GO_AMELOGENESIS	1.55902291845	0.009314932663859243	6
GO_FIBRIL_ORGANIZATION	1.82650322932	0.00011348347971167907	10
GO_MICROTUBULE_BASED_MOVEMENT	0.748500717319	0.00022643241683886574	45
GO_BRANCHING_INVOLVED_IN_SALIVARY_GLAND_MORPHOGENESIS	2.03707021526	5.2839956922544405e-05	9
GO_POSITIVE_REGULATION_OF_LIPID_STORAGE	1.57496446232	0.004614159375752905	7
GO_LYMPH_VESSEL_MORPHOGENESIS	2.21506851724	3.789245535443368e-05	8
GO_REGULATION_OF_CALCIUM_ION_TRANSPORT_INTO_CYTOSOL	0.846681111258	0.005196361033582035	20
GO_PHAGOCYTOSIS_RECOGNITION	1.78141533979	0.0016422174244740853	7
GO_CORONARY_VASCULATURE_DEVELOPMENT	1.48185505793	0.00014759531091263384	14
GO_PLASMA_MEMBRANE_ORGANIZATION	0.805394202726	4.1785184414570434e-05	49
GO_REGULATION_OF_POSITIVE_CHEMOTAXIS	1.35257204099	0.007697173902734693	8
GO_LONG_CHAIN_FATTY_ACID_METABOLIC_PROCESS	1.30104174035	2.3214705624313444e-05	22
GO_MATING	1.38499351868	0.0039846136027857516	9
GO_CARDIAC_CHAMBER_DEVELOPMENT	1.37681958723	5.3297373983772774e-11	48
GO_REGULATION_OF_SYNAPSE_ORGANIZATION	0.974060417734	0.0006039240841380167	24
GO_REGULATION_OF_PLATELET_ACTIVATION	1.86714521382	5.777679467264933e-07	16
GO_CARDIAC_VENTRICLE_MORPHOGENESIS	1.48185505793	3.4455865315629077e-06	21
GO_NEGATIVE_REGULATION_OF_TRANSMEMBRANE_TRANSPORT	0.831225639562	0.010667790064371865	17
GO_POSITIVE_REGULATION_OF_STEROL_TRANSPORT	1.48185505793	0.007105401645777789	7
GO_DIGESTIVE_SYSTEM_PROCESS	1.39439221668	0.00031985583278068596	14
GO_POSITIVE_REGULATION_OF_HEART_GROWTH	1.2594626366	0.007800102323723894	9
GO_WATER_HOMEOSTASIS	1.61036979846	3.029537216951744e-07	22
GO_RESPONSE_TO_ESTROGEN	0.755118596083	0.00017308288040100272	46
GO_B_CELL_MEDIATED_IMMUNITY	1.06152325898	0.0017513471675155844	17
GO_REGULATION_OF_CELL_FATE_COMMITMENT	1.67450013587	0.00035420520333432915	10
GO_NEGATIVE_REGULATION_OF_TOLL_LIKE_RECEPTOR_SIGNALING_PATHWAY	1.35257204099	0.0029587109400026107	10
GO_REGULATION_OF_PHOSPHOLIPASE_C_ACTIVITY	1.05000927097	0.008583200152982761	12
GO_POSITIVE_REGULATION_OF_PHOSPHATIDYLINOSITOL_3_KINASE_SIGNALING	1.58335224782	2.5099573608589915e-07	23
GO_EAR_MORPHOGENESIS	0.781415339791	0.007476771958601714	21
GO_PLATELET_DERIVED_GROWTH_FACTOR_RECEPTOR_SIGNALING_PATHWAY	1.17199979535	0.003994692589600902	12
GO_REGULATION_OF_LIPID_KINASE_ACTIVITY	1.33346321804	0.00034195721535550534	15
GO_ACTIN_FILAMENT_ORGANIZATION	0.76255631254	0.0005454425760925185	38
GO_RENAL_TUBULE_DEVELOPMENT	1.26732475437	2.3783057283367827e-05	23
GO_MULTICELLULAR_ORGANISMAL_MACROMOLECULE_METABOLIC_PROCESS	1.98644414219	1.3286658799946096e-15	36
GO_CELLULAR_RESPONSE_TO_GLUCAGON_STIMULUS	1.13393175451	0.007218966563511408	11
GO_MESENCHYMAL_CELL_DIFFERENTIATION	1.62005235185	2.1695121551529744e-15	52
GO_FATTY_ACID_DERIVATIVE_BIOSYNTHETIC_PROCESS	1.80003101796	2.9326512366557596e-07	18
GO_ORGANIC_ACID_CATABOLIC_PROCESS	0.553036623389	0.009237516512642416	37
GO_REGULATION_OF_MYOBLAST_DIFFERENTIATION	1.01153512315	0.010793978893031882	12
GO_PROTEIN_ACTIVATION_CASCADE	1.67450013587	2.950748807381184e-08	24
GO_CELL_JUNCTION_ASSEMBLY	1.20883656353	4.854782434214217e-08	42
GO_RENAL_SYSTEM_VASCULATURE_DEVELOPMENT	2.33346321804	1.674004485574349e-09	15
GO_REGULATION_OF_MORPHOGENESIS_OF_A_BRANCHING_STRUCTURE	1.33569822242	0.000136714979828115	17
GO_REGULATION_OF_HUMORAL_IMMUNE_RESPONSE	1.48185505793	0.00014759531091263384	14
GO_LEUKOCYTE_CHEMOTAXIS	1.54019904416	1.852369599234621e-11	41
GO_REGULATION_OF_STEROL_TRANSPORT	1.2415407286	0.005667632594732171	10
GO_POSITIVE_REGULATION_OF_MESENCHYMAL_CELL_PROLIFERATION	1.2594626366	0.007800102323723894	9
GO_APOPTOTIC_CELL_CLEARANCE	1.61036979846	0.00029411297109085353	11
GO_POSITIVE_REGULATION_OF_EXOCYTOSIS	1.20319441695	7.805825966948557e-05	22
GO_REGULATION_OF_SODIUM_ION_TRANSPORT	1.0656908932	0.0006870386877970147	20
GO_NEGATIVE_REGULATION_OF_LOCOMOTION	1.45659510553	8.938428980996919e-22	92
GO_NEGATIVE_REGULATION_OF_MUSCLE_CELL_DIFFERENTIATION	0.948675099314	0.012010644565289441	13
GO_INTESTINAL_ABSORPTION	1.39439221668	0.010468040327266373	7
GO_REGULATION_OF_LYASE_ACTIVITY	0.919612633711	0.006995301314715182	16
GO_POSITIVE_REGULATION_OF_CHOLESTEROL_EFFLUX	1.55902291845	0.009314932663859243	6
GO_POSITIVE_REGULATION_OF_PROTEIN_AUTOPHOSPHORYLATION	1.74850071732	0.0002059571375747085	10
GO_DETECTION_OF_BIOTIC_STIMULUS	1.39439221668	0.010468040327266373	7
GO_CHOLESTEROL_EFFLUX	1.39439221668	0.010468040327266373	7
GO_MULTI_MULTICELLULAR_ORGANISM_PROCESS	1.01153512315	6.764103437479212e-07	48
GO_ARACHIDONIC_ACID_METABOLIC_PROCESS	1.82650322932	2.1350404721555662e-06	15
GO_REGULATION_OF_NEUTROPHIL_MIGRATION	1.29598851262	0.004141461277940026	10
GO_CARDIAC_SEPTUM_DEVELOPMENT	1.27964051853	3.965329422556187e-06	27
GO_CELLULAR_RESPONSE_TO_LIPOPROTEIN_PARTICLE_STIMULUS	1.80003101796	0.0033249526834681666	6
GO_VASCULAR_PROCESS_IN_CIRCULATORY_SYSTEM	1.36464487329	7.58622485033937e-11	48
GO_MULTICELLULAR_ORGANISMAL_SIGNALING	1.08953763515	8.519184212868527e-05	26
GO_CELLULAR_RESPONSE_TO_AMINO_ACID_STIMULUS	1.08953763515	0.0025851616162047846	15
GO_PRIMARY_ALCOHOL_METABOLIC_PROCESS	1.04646891326	0.01187407223935901	11
GO_LEUKOCYTE_MIGRATION	1.36925078213	1.2989610938472266e-18	87
GO_REGULATION_OF_MUSCLE_SYSTEM_PROCESS	0.961213538178	6.886191334923477e-06	43
GO_REGULATION_OF_MONONUCLEAR_CELL_MIGRATION	2.13393175451	2.7692905372698374e-06	11
GO_REGULATION_OF_ENDOTHELIAL_CELL_MIGRATION	1.63099849724	9.505653803241709e-15	49
GO_REGULATION_OF_EPITHELIAL_CELL_APOPTOTIC_PROCESS	1.45210771454	5.143273660413544e-06	21
GO_METANEPHRIC_NEPHRON_MORPHOGENESIS	1.48185505793	0.007105401645777789	7
GO_CHONDROCYTE_DIFFERENTIATION	1.1770004764	0.0006310004778758382	17
GO_GLANDULAR_EPITHELIAL_CELL_DEVELOPMENT	1.67450013587	0.0028423441150215306	7
GO_CELL_FATE_DETERMINATION	1.27595075938	0.003036467606445937	11
GO_NOTCH_SIGNALING_PATHWAY	1.00891917495	0.0001070878646611154	29
GO_CARDIAC_ATRIUM_DEVELOPMENT	1.53699661212	0.0009174345699972464	10
GO_STEROL_HOMEOSTASIS	1.12430305331	0.002758848147836543	14
GO_POSITIVE_REGULATION_OF_CHEMOKINE_PRODUCTION	1.63702543046	1.3623147773208105e-06	19
GO_POSITIVE_REGULATION_OF_EPITHELIAL_CELL_MIGRATION	1.41146573004	8.993144276366049e-10	40
GO_REGULATION_OF_CARDIAC_MUSCLE_TISSUE_DEVELOPMENT	1.41146573004	0.0001678695661892454	15
GO_RESPONSE_TO_TOXIC_SUBSTANCE	0.822057324289	1.2185428952832914e-05	54
GO_EXTRACELLULAR_MATRIX_ASSEMBLY	2.14398541918	2.1934708072010632e-05	9
GO_LIPOPOLYSACCHARIDE_MEDIATED_SIGNALING_PATHWAY	1.42074354363	0.00042131898668608706	13
GO_EPHRIN_RECEPTOR_SIGNALING_PATHWAY	0.748500717319	0.011558482584314151	20
GO_CORPUS_CALLOSUM_DEVELOPMENT	1.67450013587	0.011862120699284977	5
GO_ADHERENS_JUNCTION_ORGANIZATION	1.20883656353	0.00010565438360447336	21
GO_LEUKOCYTE_MIGRATION_INVOLVED_IN_INFLAMMATORY_RESPONSE	2.53699661212	8.278276135936766e-08	10
GO_POSITIVE_REGULATION_OF_FILOPODIUM_ASSEMBLY	1.2821827131	0.010753983355084233	8
GO_REGULATION_OF_BONE_REMODELING	1.2270411589	0.004125145452591349	11
GO_CELLULAR_RESPONSE_TO_ACID_CHEMICAL	1.07934186805	1.8782256638986098e-07	47
GO_AXON_EXTENSION	1.35257204099	0.001156024054167409	12
GO_REGULATION_OF_VASCULAR_PERMEABILITY	1.47286627471	0.001396912723101361	10
GO_MACROPHAGE_ACTIVATION_INVOLVED_IN_IMMUNE_RESPONSE	1.80003101796	0.0033249526834681666	6
GO_CARDIAC_EPITHELIAL_TO_MESENCHYMAL_TRANSITION	1.93753454171	7.796555141758881e-06	12
GO_RESPONSE_TO_GLUCAGON	0.982622431237	0.009745769996433427	13
GO_RESPONSE_TO_PLATELET_DERIVED_GROWTH_FACTOR	1.67450013587	0.0014111336001649878	8
GO_REGULATION_OF_EPITHELIAL_CELL_MIGRATION	1.51177063584	2.833348930283312e-17	67
GO_RESPONSE_TO_ESTRADIOL	0.743762798312	0.0018051268017749255	32
GO_ORGANIC_HYDROXY_COMPOUND_TRANSPORT	1.11576917673	1.842796984420113e-06	37
GO_MIDGUT_DEVELOPMENT	1.80003101796	0.0033249526834681666	6
GO_NEGATIVE_REGULATION_OF_AXON_GUIDANCE	1.97406041773	1.3825416059913373e-07	16
GO_CARDIAC_MUSCLE_TISSUE_DEVELOPMENT	1.16168742091	1.9673475633368168e-07	41
GO_MICROTUBULE_BUNDLE_FORMATION	1.46150641254	2.6982777271787475e-06	22
GO_URETER_DEVELOPMENT	1.67450013587	0.011862120699284977	5
GO_REGULATION_OF_PHOSPHOLIPASE_ACTIVITY	1.2594626366	5.841780045735789e-05	21
GO_AMINOGLYCAN_BIOSYNTHETIC_PROCESS	1.13844723563	1.1861798136102264e-05	30
GO_MESENCHYMAL_CELL_PROLIFERATION	1.93753454171	0.0017416609634292772	6
GO_RESPIRATORY_GASEOUS_EXCHANGE	1.29598851262	0.0004758973883062604	15
GO_POSITIVE_REGULATION_OF_MYELOID_LEUKOCYTE_CYTOKINE_PRODUCTION_INVOLVED_IN_IMMUNE_RESPONSE	2.0224234393	0.0004222511966734643	7
GO_REGULATION_OF_MACROPHAGE_CYTOKINE_PRODUCTION	1.89689255721	0.0008762258904918314	7
GO_NEGATIVE_REGULATION_OF_GROWTH	1.08180198637	2.0722566977637145e-09	62
GO_EPITHELIAL_TUBE_BRANCHING_INVOLVED_IN_LUNG_MORPHOGENESIS	1.53699661212	0.0009174345699972464	10
GO_POSITIVE_REGULATION_OF_OSTEOBLAST_DIFFERENTIATION	1.67450013587	2.950748807381184e-08	24
GO_NEGATIVE_REGULATION_OF_EXTRINSIC_APOPTOTIC_SIGNALING_PATHWAY	0.77179733723	0.00576453300734946	23
GO_METANEPHRIC_NEPHRON_DEVELOPMENT	1.78997735329	1.5013927431069422e-05	13
GO_FATTY_ACID_DERIVATIVE_METABOLIC_PROCESS	1.59649762387	1.799510816818562e-08	27
GO_AXONEME_ASSEMBLY	1.85507238152	3.0050064000432375e-07	17
GO_REGULATION_OF_MESENCHYMAL_CELL_PROLIFERATION	1.46804925841	0.0002852860444230055	13
GO_OSTEOBLAST_DIFFERENTIATION	0.809429715961	0.0016346856764116245	28
GO_POSITIVE_REGULATION_OF_PROTEIN_SERINE_THREONINE_KINASE_ACTIVITY	0.726967555769	2.3677895273603543e-05	63
GO_NEGATIVE_REGULATION_OF_BLOOD_VESSEL_ENDOTHELIAL_CELL_MIGRATION	1.35257204099	0.007697173902734693	8
GO_POSITIVE_REGULATION_OF_MAST_CELL_ACTIVATION	1.67450013587	0.005773679476560327	6
GO_OVULATION_CYCLE_PROCESS	0.952034111404	0.0020459031506149367	20
GO_IRON_ION_IMPORT	1.82650322932	0.006801890831374138	5
GO_PROTEIN_LOCALIZATION_TO_CELL_PERIPHERY	0.663611819732	0.004043069226199257	33
GO_POSITIVE_REGULATION_OF_STAT_CASCADE	1.2594626366	5.841780045735789e-05	21
GO_TISSUE_HOMEOSTASIS	0.896892557211	0.00012927657289036416	35
GO_NEGATIVE_REGULATION_OF_RECEPTOR_ACTIVITY	1.2594626366	0.007800102323723894	9
GO_POSITIVE_REGULATION_OF_BLOOD_CIRCULATION	1.08953763515	0.0003964022350883638	21
GO_POSITIVE_REGULATION_OF_HORMONE_SECRETION	0.767609540266	0.00994513093320455	20
GO_PITUITARY_GLAND_DEVELOPMENT	1.60411080798	0.0005816307404283587	10
GO_INNER_DYNEIN_ARM_ASSEMBLY	2.48185505793	1.5875517142171835e-05	7
GO_ENDOCRINE_SYSTEM_DEVELOPMENT	1.31460419079	6.404871304653473e-07	30
GO_VASCULAR_SMOOTH_MUSCLE_CONTRACTION	1.67450013587	0.011862120699284977	5
GO_REGULATION_OF_CHEMOTAXIS	1.64554876218	6.872167887831134e-22	74
GO_POSITIVE_REGULATION_OF_FIBROBLAST_PROLIFERATION	1.1770004764	0.0006310004778758382	17
GO_REGULATION_OF_ION_HOMEOSTASIS	0.816519140747	0.00016973002437111848	40
GO_POSITIVE_REGULATION_OF_AXONOGENESIS	1.11262124827	0.00030940641570720827	21
GO_POSITIVE_REGULATION_OF_LIPID_METABOLIC_PROCESS	1.0020747939	5.358294266078157e-05	32
GO_MOTOR_NEURON_AXON_GUIDANCE	1.42657262243	0.0053419801359256116	8
GO_G_PROTEIN_COUPLED_RECEPTOR_SIGNALING_PATHWAY_COUPLED_TO_CYCLIC_NUCLEOTIDE_SECOND_MESSENGER	0.720303825488	0.007832319996756584	24
GO_REGULATION_OF_CELL_ADHESION_MEDIATED_BY_INTEGRIN	1.54521711893	2.568381208073979e-05	16
GO_REGULATION_OF_PATHWAY_RESTRICTED_SMAD_PROTEIN_PHOSPHORYLATION	1.41816038262	3.544448285263266e-05	18
GO_CONNECTIVE_TISSUE_DEVELOPMENT	1.14725313301	9.874464084825145e-09	51
GO_NEGATIVE_REGULATION_OF_EPITHELIAL_TO_MESENCHYMAL_TRANSITION	1.74161433173	0.00010403711256606168	11
GO_POSITIVE_REGULATION_OF_TOLL_LIKE_RECEPTOR_SIGNALING_PATHWAY	1.67450013587	0.0007051620959022355	9
GO_PHAGOCYTOSIS_ENGULFMENT	1.82650322932	0.00011348347971167907	10
GO_MYELOID_CELL_ACTIVATION_INVOLVED_IN_IMMUNE_RESPONSE	1.31193005649	0.0006407128522823246	14
GO_CELL_MATRIX_ADHESION	1.29307102924	3.4602042818598827e-08	38
GO_CELLULAR_RESPONSE_TO_INTERLEUKIN_1	1.04444974563	0.0006360349495569239	21
GO_RESPONSE_TO_PURINE_CONTAINING_COMPOUND	0.977062905895	2.2370476412003056e-05	37
GO_ORGAN_OR_TISSUE_SPECIFIC_IMMUNE_RESPONSE	1.67450013587	0.005773679476560327	6
GO_ACTOMYOSIN_STRUCTURE_ORGANIZATION	1.23709482357	2.3947988526640945e-05	24
GO_REGULATION_OF_MYELOID_LEUKOCYTE_DIFFERENTIATION	0.82650322932	0.0023689270398020864	25
GO_GLUTATHIONE_DERIVATIVE_METABOLIC_PROCESS	1.58703729462	0.002301632099916351	8
GO_REGULATION_OF_RAS_PROTEIN_SIGNAL_TRANSDUCTION	0.753934603369	0.0003300140876454031	42
GO_REGULATION_OF_LEUKOCYTE_MIGRATION	1.36416001526	3.118710333951498e-11	50
GO_CELLULAR_DEFENSE_RESPONSE	1.0173878494	0.007828355982465411	13
GO_POSITIVE_REGULATION_OF_MAST_CELL_ACTIVATION_INVOLVED_IN_IMMUNE_RESPONSE	1.93753454171	0.0017416609634292772	6
GO_SMOOTH_MUSCLE_CONTRACTION	1.17199979535	0.003994692589600902	12
GO_NEGATIVE_REGULATION_OF_MYELOID_CELL_DIFFERENTIATION	1.15992696305	0.00018397470002919406	21
GO_PEPTIDE_SECRETION	1.05301175913	0.0062209510594362786	13
GO_FATTY_ACID_BIOSYNTHETIC_PROCESS	0.850071700458	0.0022611330962427787	24
GO_POSITIVE_REGULATION_OF_CELL_ADHESION_MEDIATED_BY_INTEGRIN	1.67450013587	0.0014111336001649878	8
GO_REGULATION_OF_CELL_JUNCTION_ASSEMBLY	0.968231338932	0.0022685214363430267	19
GO_REGULATION_OF_LIPOPROTEIN_LIPASE_ACTIVITY	1.80003101796	0.0033249526834681666	6
GO_NEGATIVE_REGULATION_OF_LIPASE_ACTIVITY	1.55902291845	0.009314932663859243	6
GO_POSITIVE_REGULATION_OF_CYTOPLASMIC_TRANSPORT	0.630873203475	0.0003773985114564951	57
GO_CELL_CELL_SIGNALING_INVOLVED_IN_CARDIAC_CONDUCTION	1.48185505793	0.007105401645777789	7
GO_REGULATION_OF_MULTICELLULAR_ORGANISMAL_METABOLIC_PROCESS	1.50457513443	0.00036716910408830236	12
GO_POSITIVE_REGULATION_OF_LIPID_TRANSPORT	1.29598851262	0.0004758973883062604	15
GO_PROTEIN_LOCALIZATION_TO_CELL_SURFACE	1.67450013587	0.0007051620959022355	9
GO_POSITIVE_REGULATION_OF_TISSUE_REMODELING	1.45210771454	0.0027298585439410094	9
GO_RESPONSE_TO_XENOBIOTIC_STIMULUS	1.29598851262	5.730182783903923e-05	20
GO_CELL_GROWTH	0.808517483847	0.000961651818868765	31
GO_REGULATION_OF_PEPTIDE_TRANSPORT	0.56444659041	0.005550615658690378	41
GO_REGULATION_OF_MONOOXYGENASE_ACTIVITY	1.03404252256	0.0022078343277641696	17
GO_NEGATIVE_REGULATION_OF_TRANSMEMBRANE_RECEPTOR_PROTEIN_SERINE_THREONINE_KINASE_SIGNALING_PATHWAY	0.805744669153	0.004214679204507774	23
GO_SODIUM_ION_HOMEOSTASIS	1.67450013587	0.0014111336001649878	8
GO_EMBRYONIC_SKELETAL_SYSTEM_DEVELOPMENT	0.931996358167	0.0006014487057271785	26
GO_REGULATION_OF_DENDRITIC_SPINE_DEVELOPMENT	0.908965389512	0.009530050732393155	15
GO_CARDIAC_VENTRICLE_DEVELOPMENT	1.26510919974	6.806003389286133e-07	32
GO_REGULATION_OF_LEUKOCYTE_DEGRANULATION	1.17199979535	0.003994692589600902	12
GO_REGULATION_OF_WNT_SIGNALING_PATHWAY_PLANAR_CELL_POLARITY_PATHWAY	1.67450013587	0.005773679476560327	6
GO_MUSCLE_ORGAN_DEVELOPMENT	0.834964808068	5.261117629530057e-06	57
GO_ORGANIC_HYDROXY_COMPOUND_CATABOLIC_PROCESS	1.15093817982	0.0011298258454444556	16
GO_NEGATIVE_REGULATION_OF_PROTEOLYSIS	0.530453766258	0.003950001226060717	50
GO_REGULATION_OF_EPITHELIAL_CELL_PROLIFERATION	1.31619965132	1.0303812850290999e-18	94
GO_SPECIFICATION_OF_SYMMETRY	1.5004707361	1.5960067916624977e-10	39
GO_EYE_DEVELOPMENT	0.843781220752	3.6567955133765464e-07	70
GO_REGULATION_OF_ORGAN_MORPHOGENESIS	0.842897667571	2.99743065313642e-06	59
GO_NEGATIVE_REGULATION_OF_STEM_CELL_DIFFERENTIATION	1.46504677025	5.956688631833362e-05	16
GO_COLUMNAR_CUBOIDAL_EPITHELIAL_CELL_DEVELOPMENT	1.08953763515	0.0067419067163877605	12
GO_AMMONIUM_ION_METABOLIC_PROCESS	0.867145213817	0.0002470028142720875	34
GO_NEGATIVE_REGULATION_OF_ENDOTHELIAL_CELL_MIGRATION	1.63010601652	1.0098964104614641e-05	16
GO_REGULATION_OF_BMP_SIGNALING_PATHWAY	1.29117149632	1.7372711002651004e-05	23
GO_MONOCARBOXYLIC_ACID_TRANSPORT	1.15744169966	1.2347738009334778e-05	29
GO_REGULATION_OF_TISSUE_REMODELING	1.36783879764	3.887842350545013e-05	19
GO_POSITIVE_REGULATION_OF_NUCLEOCYTOPLASMIC_TRANSPORT	0.923179248732	0.000267825457600586	30
GO_CILIUM_MOVEMENT	2.06152325898	1.4764739815141859e-08	17
GO_NEGATIVE_REGULATION_OF_NERVOUS_SYSTEM_DEVELOPMENT	0.939901556253	1.6435344566939072e-07	61
GO_POSITIVE_REGULATION_OF_PROTEIN_SECRETION	1.05301175913	8.399679641116852e-08	52
GO_REGULATION_OF_ALCOHOL_BIOSYNTHETIC_PROCESS	1.24565683707	0.0016339483336979734	13
GO_CELLULAR_RESPONSE_TO_BIOTIC_STIMULUS	1.21259603156	8.052946275027427e-10	53
GO_NEGATIVE_REGULATION_OF_CELL_DEVELOPMENT	1.14398541918	5.702861009822361e-13	81
GO_POSITIVE_REGULATION_OF_INTERLEUKIN_8_PRODUCTION	1.31193005649	0.0006407128522823246	14
GO_NEURAL_TUBE_FORMATION	0.758892323165	0.007640468433044321	22
GO_REGULATION_OF_MEMBRANE_DEPOLARIZATION	1.30526632621	0.001620048307345845	12
GO_REGULATION_OF_PHAGOCYTOSIS	1.48546631148	3.8817260874131423e-07	25
GO_NEGATIVE_REGULATION_OF_CELL_ACTIVATION	0.933742962546	3.679774074876862e-05	38
GO_ATRIAL_SEPTUM_DEVELOPMENT	1.78141533979	0.0016422174244740853	7
GO_METANEPHROS_MORPHOGENESIS	1.35257204099	0.007697173902734693	8
GO_CELLULAR_MODIFIED_AMINO_ACID_METABOLIC_PROCESS	0.709265554036	0.000660944035461748	42
GO_VENTRICULAR_SEPTUM_DEVELOPMENT	1.15093817982	0.0011298258454444556	16
GO_REGULATION_OF_ADENYLATE_CYCLASE_ACTIVITY	1.08953763515	0.0025851616162047846	15
GO_REGULATION_OF_MAST_CELL_ACTIVATION	1.2594626366	0.002226915127541728	12
GO_CALCIUM_MEDIATED_SIGNALING	1.2308934844	1.7781424696973445e-05	25
GO_REGULATION_OF_PSEUDOPODIUM_ASSEMBLY	1.67450013587	0.011862120699284977	5
GO_SYNAPSE_ORGANIZATION	0.967547110775	5.4844004773421776e-05	34
GO_NEGATIVE_REGULATION_OF_CELL_CELL_ADHESION	0.839923745082	0.0007830703993925117	30
GO_PROSTANOID_BIOSYNTHETIC_PROCESS	1.76760954027	0.0008174123885079517	8
GO_NEGATIVE_REGULATION_OF_EPITHELIAL_CELL_PROLIFERATION	1.42657262243	6.173902050844125e-10	40
GO_REGULATION_OF_LEUKOCYTE_DIFFERENTIATION	0.712568176708	0.0002693156313770952	48
GO_POSITIVE_REGULATION_OF_AXON_EXTENSION	1.04646891326	0.01187407223935901	11
GO_EAR_DEVELOPMENT	1.05782877543	5.471801916079529e-07	45
GO_REGULATION_OF_MACROPHAGE_DERIVED_FOAM_CELL_DIFFERENTIATION	1.52249704243	0.0018091894851970428	9
GO_REGULATION_OF_METAL_ION_TRANSPORT	0.966680887368	2.664881895339828e-09	75
GO_POSITIVE_CHEMOTAXIS	1.51695885889	0.00018856056389353438	13
GO_REGULATION_OF_CATION_CHANNEL_ACTIVITY	1.03978459996	0.0011825607894614325	19
GO_POSITIVE_REGULATION_OF_RESPONSE_TO_EXTERNAL_STIMULUS	1.24707891214	6.281731999417758e-16	87
GO_REGULATION_OF_CELL_SIZE	0.852837377133	5.223672716414971e-05	43
GO_ASTROCYTE_DEVELOPMENT	1.48185505793	0.007105401645777789	7
GO_RENAL_VESICLE_DEVELOPMENT	1.82650322932	0.006801890831374138	5
GO_HOMOPHILIC_CELL_ADHESION_VIA_PLASMA_MEMBRANE_ADHESION_MOLECULES	1.16548648839	3.0622742911514566e-05	26
GO_NEURON_FATE_COMMITMENT	1.04646891326	0.01187407223935901	11
GO_ADAPTIVE_IMMUNE_RESPONSE	0.583001781389	0.003965786126153334	42
GO_MAMMARY_GLAND_EPITHELIUM_DEVELOPMENT	1.14725313301	0.0008268588462621843	17
GO_POSITIVE_REGULATION_OF_LEUKOCYTE_MIGRATION	1.36783879764	6.48634949651766e-09	38
GO_REGULATION_OF_PHOSPHATIDYLINOSITOL_3_KINASE_SIGNALING	1.02049599072	2.3601645004888994e-05	34
GO_ACTIVATION_OF_PROTEIN_KINASE_ACTIVITY	0.604110807983	0.0007610890740581465	55
GO_NEGATIVE_REGULATION_OF_ENDOTHELIAL_CELL_PROLIFERATION	1.77403580943	3.931893386206757e-06	15
GO_EYE_MORPHOGENESIS	0.888624941228	0.0005217756593256274	29
GO_POSITIVE_REGULATION_OF_COAGULATION	2.05301175913	8.675820214107238e-07	13
GO_SMOOTH_MUSCLE_CELL_DIFFERENTIATION	1.97406041773	1.3825416059913373e-07	16
GO_BLOOD_COAGULATION_INTRINSIC_PATHWAY	1.67450013587	0.0028423441150215306	7
GO_REGULATION_OF_RHO_PROTEIN_SIGNAL_TRANSDUCTION	1.07410759458	2.357482270800628e-05	31
GO_ODONTOGENESIS	1.26569459031	2.216397918466487e-06	29
GO_NEGATIVE_REGULATION_OF_EPIDERMAL_CELL_DIFFERENTIATION	1.67450013587	0.011862120699284977	5
GO_POSITIVE_REGULATION_OF_SMOOTHENED_SIGNALING_PATHWAY	1.42657262243	0.0053419801359256116	8
GO_REGULATION_OF_MACROPHAGE_CHEMOTAXIS	2.03707021526	5.2839956922544405e-05	9
GO_ACTION_POTENTIAL	0.996428230762	0.001350094883143526	20
GO_SPECIFICATION_OF_ORGAN_IDENTITY	1.82650322932	0.006801890831374138	5
GO_PROTEIN_HETEROTRIMERIZATION	1.55902291845	0.009314932663859243	6
GO_REGULATION_OF_SMOOTHENED_SIGNALING_PATHWAY	1.17199979535	0.00046314876036607894	18
GO_HEART_PROCESS	1.11059925068	0.0001670772782301824	23
GO_REGULATION_OF_SYSTEMIC_ARTERIAL_BLOOD_PRESSURE_BY_RENIN_ANGIOTENSIN	1.57496446232	0.004614159375752905	7
GO_AXIS_SPECIFICATION	0.81390319254	0.00825468103778559	19
GO_REGULATION_OF_CYTOSOLIC_CALCIUM_ION_CONCENTRATION	0.7772597103	0.0003156587514194641	40
GO_ORGANIC_ACID_BIOSYNTHETIC_PROCESS	0.62486936815	0.0009191700010217688	50
GO_NEGATIVE_REGULATION_OF_COAGULATION	1.96400675307	7.226815626518915e-10	22
GO_CARDIAC_CHAMBER_MORPHOGENESIS	1.58703729462	9.118563985908875e-12	40
GO_REGULATION_OF_CATION_TRANSMEMBRANE_TRANSPORT	0.787881935293	0.00016098157842603714	43
GO_TRABECULA_FORMATION	1.52249704243	0.0018091894851970428	9
GO_POSITIVE_REGULATION_OF_NUCLEOTIDE_METABOLIC_PROCESS	0.990001961603	0.0001794570825208071	28
GO_REGULATION_OF_FIBROBLAST_GROWTH_FACTOR_RECEPTOR_SIGNALING_PATHWAY	1.60411080798	0.0005816307404283587	10
GO_RESPONSE_TO_ACID_CHEMICAL	0.901910631978	4.3321891212082734e-08	72
GO_EMBRYONIC_DIGIT_MORPHOGENESIS	1.35257204099	7.298580549821965e-05	18
GO_NEGATIVE_REGULATION_OF_WOUND_HEALING	1.79479436959	1.5906874026982623e-09	25
GO_CELL_CHEMOTAXIS	1.50166353901	2.823274106509946e-14	55
GO_MESODERM_MORPHOGENESIS	0.919612633711	0.006995301314715182	16
GO_DIENCEPHALON_DEVELOPMENT	1.05782877543	0.003289356344072968	15
GO_RHO_PROTEIN_SIGNAL_TRANSDUCTION	1.24823538117	0.00048140663896302066	16
GO_POSITIVE_REGULATION_OF_DEVELOPMENTAL_GROWTH	0.867145213817	0.00016493496546492452	36
GO_REGULATED_EXOCYTOSIS	1.07215555693	2.1476541911869306e-08	55
GO_ORGAN_REGENERATION	0.896892557211	0.0026964033210189918	21
GO_BENZENE_CONTAINING_COMPOUND_METABOLIC_PROCESS	1.48185505793	0.007105401645777789	7
GO_ARTERY_DEVELOPMENT	1.69587378667	2.3480586588065828e-11	34
GO_REGULATION_OF_CHEMOKINE_PRODUCTION	1.25000230735	0.00014385484510100261	19
GO_MAMMARY_GLAND_MORPHOGENESIS	1.50457513443	3.953193628187867e-05	16
GO_REGULATION_OF_REACTIVE_OXYGEN_SPECIES_BIOSYNTHETIC_PROCESS	0.84161012171	0.012123229892646052	16
GO_NEGATIVE_REGULATION_OF_RESPONSE_TO_EXTERNAL_STIMULUS	1.10943719259	2.883761885155955e-11	73
GO_REGULATION_OF_MITOCHONDRIAL_DEPOLARIZATION	1.55902291845	0.009314932663859243	6
GO_REGULATION_OF_BLOOD_VESSEL_ENDOTHELIAL_CELL_MIGRATION	1.47286627471	6.594696785799311e-06	20
GO_REGULATION_OF_FIBROBLAST_MIGRATION	1.29598851262	0.004141461277940026	10
GO_POSITIVE_REGULATION_OF_STEM_CELL_DIFFERENTIATION	1.24823538117	0.00048140663896302066	16
GO_HEART_VALVE_DEVELOPMENT	1.51695885889	0.00018856056389353438	13
GO_NEGATIVE_REGULATION_OF_SMOOTH_MUSCLE_CELL_MIGRATION	1.76760954027	0.0008174123885079517	8
GO_REGULATION_OF_ENDOTHELIAL_CELL_PROLIFERATION	1.58910864464	4.739029238356468e-12	41
GO_MUSCLE_CELL_DEVELOPMENT	1.01153512315	7.909404455566889e-05	30
GO_REGULATION_OF_KERATINOCYTE_PROLIFERATION	1.38499351868	0.0039846136027857516	9
GO_REGULATION_OF_OSSIFICATION	1.07934186805	1.8782256638986098e-07	47
GO_AXONEMAL_DYNEIN_COMPLEX_ASSEMBLY	2.1890733087	4.765125377069388e-06	10
GO_POSITIVE_REGULATION_OF_LIPID_BIOSYNTHETIC_PROCESS	0.908965389512	0.009530050732393155	15
GO_EMBRYONIC_VISCEROCRANIUM_MORPHOGENESIS	1.67450013587	0.011862120699284977	5
GO_REGULATION_OF_VASCULATURE_DEVELOPMENT	1.52660144076	1.2405728244934116e-22	88
GO_POSITIVE_REGULATION_OF_CARDIAC_MUSCLE_CELL_PROLIFERATION	1.67450013587	0.0014111336001649878	8
GO_REGULATION_OF_VASOCONSTRICTION	1.1770004764	0.0006310004778758382	17
GO_SOMITOGENESIS	1.14725313301	0.0008268588462621843	17
GO_POSITIVE_REGULATION_OF_ACTIN_FILAMENT_BUNDLE_ASSEMBLY	1.05301175913	0.0062209510594362786	13
GO_COMPLEMENT_ACTIVATION	1.58139073148	3.1795148289453365e-05	15
GO_EMBRYONIC_HEART_TUBE_MORPHOGENESIS	1.73108366424	2.654913960521271e-09	26
GO_NEGATIVE_REGULATION_OF_LEUKOCYTE_CHEMOTAXIS	2.1890733087	0.0014940456383482508	5
GO_MORPHOGENESIS_OF_EMBRYONIC_EPITHELIUM	0.924478388883	0.00013317157074419612	33
GO_RESPIRATORY_SYSTEM_DEVELOPMENT	1.29946070453	6.448923596500901e-13	64
GO_DIGESTIVE_TRACT_MORPHOGENESIS	1.22383872687	0.0008811275721666514	15
GO_ENDOTHELIAL_CELL_DEVELOPMENT	1.2724016923	0.000883582752189357	14
GO_MAMMARY_GLAND_DEVELOPMENT	0.823643575181	0.0013900513028016295	28
GO_EPITHELIAL_CELL_DIFFERENTIATION_INVOLVED_IN_KIDNEY_DEVELOPMENT	2.0224234393	4.746021684584154e-07	14
GO_MEMBRANE_INVAGINATION	1.37904425235	0.0015469700394276974	11
GO_CYCLIC_NUCLEOTIDE_BIOSYNTHETIC_PROCESS	1.67450013587	0.00035420520333432915	10
GO_POSITIVE_REGULATION_OF_EMBRYONIC_DEVELOPMENT	1.37904425235	0.0015469700394276974	11
GO_HEMIDESMOSOME_ASSEMBLY	1.80003101796	0.0033249526834681666	6
GO_POSITIVE_REGULATION_OF_CYTOSOLIC_CALCIUM_ION_CONCENTRATION_INVOLVED_IN_PHOSPHOLIPASE_C_ACTIVATING_G_PROTEIN_COUPLED_SIGNALING_PATHWAY	2.45210771454	8.912717547571823e-05	6
GO_POSITIVE_REGULATION_OF_PEPTIDYL_TYROSINE_PHOSPHORYLATION	1.07839707755	6.261859010516996e-07	43
GO_CATECHOLAMINE_METABOLIC_PROCESS	1.52249704243	0.0018091894851970428	9
GO_CYCLIC_NUCLEOTIDE_METABOLIC_PROCESS	1.43349203637	0.0010663103990883678	11
GO_REGULATION_OF_PODOSOME_ASSEMBLY	1.86714521382	0.0004420907339212686	8
GO_RESPONSE_TO_CORTICOSTEROID	1.09959129982	8.590353051941491e-08	48
GO_CELL_ACTIVATION_INVOLVED_IN_IMMUNE_RESPONSE	0.700495344408	0.005291961089441172	28
GO_POSITIVE_REGULATION_OF_CARDIAC_MUSCLE_TISSUE_DEVELOPMENT	1.41146573004	0.002061524385239632	10
GO_AMINE_CATABOLIC_PROCESS	1.57496446232	0.004614159375752905	7
GO_REGULATION_OF_REACTIVE_OXYGEN_SPECIES_METABOLIC_PROCESS	0.604110807983	0.010866528633895001	30
GO_CARDIAC_CHAMBER_FORMATION	2.35257204099	0.0026284101333883887	4
GO_NEGATIVE_REGULATION_OF_CATION_TRANSMEMBRANE_TRANSPORT	1.15512597678	0.0015457214584974977	15
GO_POSITIVE_REGULATION_OF_REGULATED_SECRETORY_PATHWAY	1.43746093857	0.00021959952817845405	14
GO_NEGATIVE_REGULATION_OF_ESTABLISHMENT_OF_PROTEIN_LOCALIZATION	0.562025406616	0.00834264837668504	37
GO_ATRIOVENTRICULAR_VALVE_MORPHOGENESIS	1.76760954027	0.0008174123885079517	8
GO_POSITIVE_REGULATION_OF_BLOOD_VESSEL_ENDOTHELIAL_CELL_MIGRATION	1.49007556474	0.0007157445530757205	11
GO_REGENERATION	0.789142701816	0.0005184541066691253	36
GO_NEGATIVE_REGULATION_OF_CELL_MATRIX_ADHESION	1.50457513443	0.00036716910408830236	12
GO_POSITIVE_REGULATION_OF_PROTEIN_DEPOLYMERIZATION	1.57496446232	0.004614159375752905	7
GO_LEFT_RIGHT_PATTERN_FORMATION	1.82650322932	0.00011348347971167907	10
GO_SECONDARY_METABOLIC_PROCESS	1.20056894754	0.010523384977177482	9
GO_NEGATIVE_REGULATION_OF_CELL_GROWTH	0.971481873632	5.62927944852609e-06	43
GO_POSITIVE_REGULATION_OF_EPITHELIAL_CELL_DIFFERENTIATION	1.05301175913	0.0062209510594362786	13
GO_B_CELL_PROLIFERATION	1.35257204099	0.007697173902734693	8
GO_DETECTION_OF_MOLECULE_OF_BACTERIAL_ORIGIN	1.67450013587	0.011862120699284977	5
GO_STEROL_TRANSPORT	1.08953763515	0.0067419067163877605	12
GO_CELLULAR_AMINO_ACID_CATABOLIC_PROCESS	0.741614331733	0.008856071062932961	22
GO_POSITIVE_REGULATION_OF_ENDOTHELIAL_CELL_DIFFERENTIATION	1.97406041773	0.00021966171849180396	8
GO_TOLL_LIKE_RECEPTOR_4_SIGNALING_PATHWAY	1.39439221668	0.010468040327266373	7
GO_FAT_SOLUBLE_VITAMIN_METABOLIC_PROCESS	1.35257204099	0.007697173902734693	8
GO_CAMP_BIOSYNTHETIC_PROCESS	1.67450013587	0.0028423441150215306	7
GO_REGULATION_OF_ESTABLISHMENT_OF_PLANAR_POLARITY_INVOLVED_IN_NEURAL_TUBE_CLOSURE	1.55902291845	0.009314932663859243	6
GO_ADAPTIVE_IMMUNE_RESPONSE_BASED_ON_SOMATIC_RECOMBINATION_OF_IMMUNE_RECEPTORS_BUILT_FROM_IMMUNOGLOBULIN_SUPERFAMILY_DOMAINS	0.809429715961	0.0016346856764116245	28
GO_REGULATION_OF_GASTRULATION	1.73108366424	2.6792681475061298e-05	13
GO_CREATINE_METABOLIC_PROCESS	2.08953763515	0.006904165499132436	4
GO_POSITIVE_REGULATION_OF_ADENYLATE_CYCLASE_ACTIVITY	1.17199979535	0.003994692589600902	12
GO_REGULATION_OF_PROTEIN_TARGETING	0.614628679897	0.00041108923033498075	59
GO_RENAL_SYSTEM_PROCESS_INVOLVED_IN_REGULATION_OF_SYSTEMIC_ARTERIAL_BLOOD_PRESSURE	2.08953763515	9.798355823568988e-05	8
GO_POSITIVE_REGULATION_OF_CALCIUM_ION_TRANSPORT_INTO_CYTOSOL	0.982622431237	0.009745769996433427	13
GO_REGULATION_OF_LIPID_BIOSYNTHETIC_PROCESS	0.756962296067	0.0034346003264063515	27
GO_SMOOTHENED_SIGNALING_PATHWAY	1.08953763515	0.0007372137995368229	19
GO_POSITIVE_REGULATION_OF_CELL_MORPHOGENESIS_INVOLVED_IN_DIFFERENTIATION	0.824395566358	0.00021586312657119442	38
GO_POSITIVE_REGULATION_OF_ENDOTHELIAL_CELL_PROLIFERATION	1.49865030048	1.0631044323564825e-07	27
GO_POSITIVE_REGULATION_OF_LEUKOCYTE_DIFFERENTIATION	0.700495344408	0.005291961089441172	28
GO_CELL_CELL_JUNCTION_ASSEMBLY	1.31835632565	5.107402388429585e-06	25
GO_REGULATION_OF_SMOOTH_MUSCLE_CELL_DIFFERENTIATION	1.93753454171	0.00011368428615597457	9
GO_CELLULAR_RESPONSE_TO_CAMP	1.05000927097	0.008583200152982761	12
GO_ANTIMICROBIAL_HUMORAL_RESPONSE	1.58703729462	0.002301632099916351	8
GO_REGULATION_OF_NEUTROPHIL_CHEMOTAXIS	1.38499351868	0.0039846136027857516	9
GO_LYMPHANGIOGENESIS	2.31193005649	6.169325193019767e-05	7
GO_POSITIVE_REGULATION_OF_TRANSPORTER_ACTIVITY	1.18417450929	0.00014005281380629215	21
GO_PEPTIDYL_TYROSINE_MODIFICATION	0.931657975372	3.116149189041923e-06	49
GO_REGULATION_OF_PLASMA_LIPOPROTEIN_PARTICLE_LEVELS	1.43746093857	0.00021959952817845405	14
GO_POSITIVE_REGULATION_OF_PROTEIN_MATURATION	1.78141533979	0.0016422174244740853	7
GO_ARTERY_MORPHOGENESIS	1.76760954027	5.5908973173680075e-09	24
GO_REGULATION_OF_DENDRITE_MORPHOGENESIS	0.844425137317	0.007918816007705071	18
GO_NEGATIVE_REGULATION_OF_CATION_CHANNEL_ACTIVITY	1.67450013587	0.0001786661449222258	11
GO_POSITIVE_REGULATION_OF_TRANSMEMBRANE_RECEPTOR_PROTEIN_SERINE_THREONINE_KINASE_SIGNALING_PATHWAY	1.32491569808	3.472171947464597e-07	31
GO_REGULATION_OF_AXONOGENESIS	1.13844723563	1.726604055707592e-08	50
GO_ORGAN_FORMATION	1.53699661212	0.0009174345699972464	10
GO_REGULATION_OF_INFLAMMATORY_RESPONSE	1.14687081022	1.891297896902533e-12	77
GO_REGULATION_OF_MEMBRANE_INVAGINATION	1.55902291845	0.009314932663859243	6
GO_REGULATION_OF_EXTENT_OF_CELL_GROWTH	1.29598851262	1.1196224076866852e-07	35
GO_CARDIAC_MUSCLE_TISSUE_MORPHOGENESIS	1.0224234393	0.005689947752651617	14
GO_REGULATION_OF_EXOCYTOSIS	0.725484064594	0.0012438852919617288	36
GO_PRODUCTION_OF_MOLECULAR_MEDIATOR_INVOLVED_IN_INFLAMMATORY_RESPONSE	2.15992696305	0.00017765927038068205	7
GO_RESPONSE_TO_TRANSFORMING_GROWTH_FACTOR_BETA	1.30253135849	1.2686974638202868e-10	51
GO_LIPOXYGENASE_PATHWAY	2.21506851724	3.789245535443368e-05	8
GO_POSITIVE_REGULATION_OF_CYTOKINE_SECRETION	1.29203049905	2.1648474444621303e-06	28
GO_REGULATION_OF_SYNAPSE_STRUCTURE_OR_ACTIVITY	0.657012709146	0.0016181922384079829	41
GO_REGULATION_OF_TOLL_LIKE_RECEPTOR_SIGNALING_PATHWAY	1.18264703955	0.0008604413324057338	16
GO_PURINERGIC_NUCLEOTIDE_RECEPTOR_SIGNALING_PATHWAY	1.75696229607	0.00040932278779500793	9
GO_REGULATION_OF_DEVELOPMENTAL_GROWTH	1.07725930538	2.1464888483681714e-11	78
GO_DIGESTIVE_SYSTEM_DEVELOPMENT	1.38359893661	6.950681001401154e-11	47
GO_ENDODERMAL_CELL_DIFFERENTIATION	1.63267996018	5.173024219710831e-06	17
GO_METANEPHRIC_MESENCHYME_DEVELOPMENT	1.67450013587	0.005773679476560327	6
GO_NEURAL_CREST_CELL_DIFFERENTIATION	1.60174379344	4.82612167443342e-09	29
GO_MACROPHAGE_ACTIVATION	1.72340973636	6.964833343541451e-06	15
GO_POSITIVE_REGULATION_OF_ERK1_AND_ERK2_CASCADE	1.19141724917	3.5552070153139833e-08	44
GO_POSITIVE_REGULATION_OF_CALCIUM_ION_TRANSMEMBRANE_TRANSPORT	1.02680187981	0.004143519109154376	15
GO_POSITIVE_REGULATION_OF_DENDRITE_DEVELOPMENT	0.903981981998	0.006230119338347475	17
GO_CELL_COMMUNICATION_INVOLVED_IN_CARDIAC_CONDUCTION	1.67450013587	2.3361699094623214e-05	14
GO_POSITIVE_REGULATION_OF_SMOOTH_MUSCLE_CELL_MIGRATION	2.03707021526	8.204718320983432e-09	18
GO_AMMONIUM_TRANSPORT	1.15512597678	0.0015457214584974977	15
GO_BONE_DEVELOPMENT	0.979913143979	1.6592286874490166e-05	38
GO_REGULATION_OF_CARDIAC_MUSCLE_CELL_PROLIFERATION	1.67450013587	0.0001786661449222258	11
GO_PANCREAS_DEVELOPMENT	1.58703729462	1.298169412904914e-07	24
GO_PEPTIDYL_TYROSINE_AUTOPHOSPHORYLATION	1.37193736585	0.00024171230247388014	15
GO_REGULATION_OF_CELL_SHAPE	1.08953763515	6.664020614095407e-07	42
GO_REGULATION_OF_STEM_CELL_PROLIFERATION	1.51011331797	2.9069808643957347e-08	29
GO_REGULATION_OF_ENDOTHELIAL_CELL_DIFFERENTIATION	1.73108366424	2.6792681475061298e-05	13
GO_POSITIVE_REGULATION_OF_LYASE_ACTIVITY	1.05301175913	0.0062209510594362786	13
GO_CELLULAR_RESPONSE_TO_RETINOIC_ACID	1.2685077762	7.858178467335465e-05	20
GO_POSITIVE_REGULATION_OF_PRODUCTION_OF_MOLECULAR_MEDIATOR_OF_IMMUNE_RESPONSE	1.11810678735	0.001072278087193494	17
GO_EMBRYO_IMPLANTATION	1.42074354363	0.00042131898668608706	13
GO_REGULATION_OF_SMALL_GTPASE_MEDIATED_SIGNAL_TRANSDUCTION	0.828828282266	6.714639976010232e-07	69
GO_CELL_MIGRATION_INVOLVED_IN_GASTRULATION	1.82650322932	0.006801890831374138	5
GO_VASODILATION	1.45210771454	0.0027298585439410094	9
GO_POSITIVE_REGULATION_OF_NEURON_DIFFERENTIATION	0.990429490141	1.1771780678244713e-09	75
GO_REGULATION_OF_PROTEIN_ACTIVATION_CASCADE	1.73590068054	5.272415275703893e-05	12
GO_AORTA_MORPHOGENESIS	2.01153512315	3.6391712697077063e-06	12
GO_MOLTING_CYCLE	0.855072381517	0.008973864622711556	17
GO_REGULATION_OF_PHOSPHOLIPID_METABOLIC_PROCESS	1.45210771454	5.143273660413544e-06	21
GO_ANATOMICAL_STRUCTURE_MATURATION	1.08953763515	0.009324861176319196	11
GO_REGULATION_OF_PHOSPHATIDYLINOSITOL_3_KINASE_ACTIVITY	1.48185505793	0.00014759531091263384	14
GO_CELL_JUNCTION_ORGANIZATION	1.23126574477	1.0452060492283256e-10	57
GO_ENDOCARDIAL_CUSHION_MORPHOGENESIS	1.59649762387	0.0011544465584103448	9
GO_GLIAL_CELL_DEVELOPMENT	0.937534541709	0.0037779328136540806	18
GO_BLOOD_VESSEL_REMODELING	1.903981982	1.525204950407923e-07	17
GO_RESPONSE_TO_TEMPERATURE_STIMULUS	0.816519140747	0.0007246555593012157	32
GO_AMEBOIDAL_TYPE_CELL_MIGRATION	1.26330470289	1.9139809967397023e-09	47
GO_POSITIVE_REGULATION_OF_NF_KAPPAB_IMPORT_INTO_NUCLEUS	1.52249704243	0.0018091894851970428	9
GO_REGULATION_OF_PROTEIN_MATURATION	1.43571327629	8.59034307800794e-07	25
GO_HUMORAL_IMMUNE_RESPONSE_MEDIATED_BY_CIRCULATING_IMMUNOGLOBULIN	1.67450013587	4.590762525560286e-05	13
GO_REGULATION_OF_CGMP_METABOLIC_PROCESS	1.58703729462	0.002301632099916351	8
GO_REGULATION_OF_SYSTEMIC_ARTERIAL_BLOOD_PRESSURE	1.50457513443	4.903459845795754e-07	24
GO_POSITIVE_REGULATION_OF_ENDOTHELIAL_CELL_APOPTOTIC_PROCESS	1.80003101796	0.0033249526834681666	6
GO_STRIATED_MUSCLE_CONTRACTION	0.996428230762	0.00036110951707492067	25
GO_DETOXIFICATION	1.37904425235	8.367665433017695e-06	22
GO_POSITIVE_REGULATION_OF_MUSCLE_CELL_DIFFERENTIATION	0.937534541709	0.0018401313353083547	21
GO_POSITIVE_REGULATION_OF_SMOOTH_MUSCLE_CELL_PROLIFERATION	1.19450719476	0.0002580126857952587	19
GO_IRON_ION_HOMEOSTASIS	0.84161012171	0.012123229892646052	16
GO_BONE_MORPHOGENESIS	1.08953763515	0.0005403311938430642	20
GO_POSITIVE_REGULATION_OF_TYROSINE_PHOSPHORYLATION_OF_STAT3_PROTEIN	1.56758493196	0.0001213661982181635	13
GO_MYELOID_LEUKOCYTE_MEDIATED_IMMUNITY	1.13393175451	0.007218966563511408	11
GO_REGULATION_OF_TOLL_LIKE_RECEPTOR_4_SIGNALING_PATHWAY	1.75696229607	0.00040932278779500793	9
GO_VENTRICULAR_CARDIAC_MUSCLE_TISSUE_DEVELOPMENT	1.16548648839	0.0029058787239291278	13
GO_REGULATION_OF_MUSCLE_CELL_DIFFERENTIATION	0.89022882693	0.00011573787835197262	36
GO_REGULATION_OF_GLOMERULAR_FILTRATION	2.15992696305	0.00017765927038068205	7
GO_MYELOID_LEUKOCYTE_ACTIVATION	1.31694813126	2.620956368211661e-07	32
GO_PURINERGIC_RECEPTOR_SIGNALING_PATHWAY	1.53699661212	0.0009174345699972464	10
GO_SMOOTH_MUSCLE_TISSUE_DEVELOPMENT	1.39439221668	0.010468040327266373	7
GO_LEUKOCYTE_PROLIFERATION	0.952034111404	0.0020459031506149367	20
GO_EPITHELIAL_CELL_CELL_ADHESION	1.89689255721	0.0008762258904918314	7
GO_ACTIVATION_OF_ADENYLATE_CYCLASE_ACTIVITY	1.13844723563	0.010000406886297301	10
GO_TRANSFORMING_GROWTH_FACTOR_BETA_RECEPTOR_SIGNALING_PATHWAY	1.03891156208	9.330507674003078e-05	28
GO_MACROPHAGE_CHEMOTAXIS	2.15992696305	0.00017765927038068205	7
GO_NEGATIVE_REGULATION_OF_SECRETION	0.759389033461	0.0009218859647417075	35
GO_REGULATION_OF_OSTEOCLAST_DIFFERENTIATION	1.11810678735	0.001072278087193494	17
GO_CELL_SUBSTRATE_JUNCTION_ASSEMBLY	1.29598851262	0.0004758973883062604	15
GO_REGULATION_OF_BIOMINERAL_TISSUE_DEVELOPMENT	1.2594626366	5.841780045735789e-05	21
GO_REGULATION_OF_CALCIUM_ION_TRANSMEMBRANE_TRANSPORT	0.738630473295	0.007757149193100615	23
GO_RESPONSE_TO_FUNGUS	1.56758493196	0.0001213661982181635	13
GO_POSITIVE_REGULATION_OF_WOUND_HEALING	1.60049955443	2.2144481542734323e-06	19
GO_REGULATION_OF_CELLULAR_RESPONSE_TO_TRANSFORMING_GROWTH_FACTOR_BETA_STIMULUS	0.965548917878	0.0004042724185314042	26
GO_EPITHELIAL_TO_MESENCHYMAL_TRANSITION_INVOLVED_IN_ENDOCARDIAL_CUSHION_FORMATION	1.82650322932	0.006801890831374138	5
GO_RECEPTOR_MEDIATED_ENDOCYTOSIS	1.2676831434	9.35404600700281e-13	66
GO_SECOND_MESSENGER_MEDIATED_SIGNALING	1.19387429497	4.7837776044242783e-08	43
GO_POTASSIUM_ION_IMPORT	1.39439221668	0.010468040327266373	7
GO_UROGENITAL_SYSTEM_DEVELOPMENT	1.37354617008	1.0441204362298673e-20	97
GO_POSITIVE_REGULATION_OF_STEM_CELL_PROLIFERATION	1.30253135849	0.00019052702937948497	17
GO_POSITIVE_REGULATION_OF_PHAGOCYTOSIS	1.35257204099	0.0001820269876905527	16
GO_EMBRYONIC_HINDLIMB_MORPHOGENESIS	1.2821827131	0.010753983355084233	8
GO_NEGATIVE_REGULATION_OF_ION_TRANSPORT	1.03891156208	9.330507674003078e-05	28
GO_FAT_CELL_DIFFERENTIATION	0.942696246824	0.000330313677861098	28
GO_NEGATIVE_REGULATION_OF_AXONOGENESIS	1.30104174035	2.3214705624313444e-05	22
GO_EMBRYONIC_ORGAN_MORPHOGENESIS	1.13076029788	2.4754142649400492e-11	71
GO_RESPONSE_TO_AMINO_ACID	0.800031017959	0.0037133472204552574	24
GO_GLUTATHIONE_METABOLIC_PROCESS	1.2701098808	0.0002618913438693043	17
GO_NEGATIVE_REGULATION_OF_CELL_ADHESION	1.17604662841	7.267613580529829e-11	63
GO_PROTEIN_TRANSPORT_ALONG_MICROTUBULE	1.2594626366	0.007800102323723894	9
GO_NEGATIVE_REGULATION_OF_PEPTIDASE_ACTIVITY	0.793647401168	0.0002057840034137125	41
GO_CARDIAC_MUSCLE_CELL_ACTION_POTENTIAL	1.35257204099	0.001156024054167409	12
GO_OLFACTORY_LOBE_DEVELOPMENT	1.20056894754	0.010523384977177482	9
GO_STEM_CELL_DIFFERENTIATION	1.47187096936	1.2897727757778566e-15	63
GO_ENDOCARDIAL_CUSHION_DEVELOPMENT	1.72340973636	6.964833343541451e-06	15
GO_REGULATION_OF_LIPID_STORAGE	1.04646891326	0.01187407223935901	11
GO_MOTILE_CILIUM_ASSEMBLY	1.80003101796	0.0033249526834681666	6
GO_UNSATURATED_FATTY_ACID_BIOSYNTHETIC_PROCESS	1.74850071732	1.4083001731124862e-07	20
GO_RESPONSE_TO_CALCIUM_ION	0.835781042908	0.001774410817076582	26
GO_ALCOHOL_CATABOLIC_PROCESS	1.08953763515	0.0035510477982761916	14
GO_MYOFIBRIL_ASSEMBLY	1.05000927097	0.008583200152982761	12
GO_PROTEIN_KINASE_B_SIGNALING	1.17973544413	0.005502948882516114	11
GO_REGULATION_OF_MACROPHAGE_ACTIVATION	1.60411080798	0.0005816307404283587	10
GO_REGULATION_OF_OSTEOBLAST_DIFFERENTIATION	1.02680187981	6.352700400817302e-05	30
GO_REGULATION_OF_MEMBRANE_PROTEIN_ECTODOMAIN_PROTEOLYSIS	1.2821827131	0.010753983355084233	8
GO_GRANULOCYTE_ACTIVATION	1.48185505793	0.007105401645777789	7
GO_REGULATION_OF_LIPID_METABOLIC_PROCESS	0.640869357994	0.0004976264206293823	53
GO_CALCIUM_INDEPENDENT_CELL_CELL_ADHESION_VIA_PLASMA_MEMBRANE_CELL_ADHESION_MOLECULES	2.08953763515	9.798355823568988e-05	8
GO_REGULATION_OF_POTASSIUM_ION_TRANSMEMBRANE_TRANSPORTER_ACTIVITY	1.33054573466	0.0008614562581747266	13
GO_RESPONSE_TO_CAMP	0.800031017959	0.006385253023585918	21
GO_REGULATION_OF_BLOOD_PRESSURE	1.40891002514	3.349019189490568e-11	47
GO_AORTA_DEVELOPMENT	1.71297428369	4.797752223985944e-07	19
GO_REGULATION_OF_EMBRYONIC_DEVELOPMENT	1.30526632621	6.107368974148996e-08	36
GO_MACROMOLECULAR_COMPLEX_REMODELING	2.14398541918	2.1934708072010632e-05	9
GO_POSITIVE_REGULATION_OF_LEUKOCYTE_CHEMOTAXIS	1.54521711893	2.6782832967125305e-09	32
GO_KIDNEY_EPITHELIUM_DEVELOPMENT	1.38031703147	7.671208255907796e-10	42
GO_PARAXIAL_MESODERM_DEVELOPMENT	1.57496446232	0.004614159375752905	7
GO_POSITIVE_REGULATION_OF_NEUROBLAST_PROLIFERATION	1.78141533979	0.0016422174244740853	7
GO_CELLULAR_RESPONSE_TO_CALCIUM_ION	1.23392754449	0.0011995309820209132	14
GO_NEGATIVE_REGULATION_OF_APOPTOTIC_SIGNALING_PATHWAY	0.547388217972	0.008991830938226995	38
GO_NEGATIVE_REGULATION_OF_CALCIUM_ION_TRANSPORT	1.21506851724	0.003007177338680804	12
GO_REGULATION_OF_LIPASE_ACTIVITY	1.30010462109	2.8851466459737027e-06	27
GO_CARDIOCYTE_DIFFERENTIATION	1.12560688986	3.8159089840534214e-05	27
GO_MESONEPHRIC_TUBULE_MORPHOGENESIS	1.40441097251	6.730999975760221e-05	17
GO_ACTIVATION_OF_MAPK_ACTIVITY	0.636365006988	0.00998705847482785	28
GO_NEPHRIC_DUCT_DEVELOPMENT	1.78141533979	0.0016422174244740853	7
GO_REGULATION_OF_CALCIUM_ION_IMPORT	0.905113064016	0.001996914591198362	22
GO_MYELOID_LEUKOCYTE_DIFFERENTIATION	0.943316894303	0.0006680507251118202	25
GO_REGULATION_OF_CELL_MATRIX_ADHESION	1.07115910584	0.00010826451306883317	26
GO_POSITIVE_REGULATION_OF_CELL_ACTIVATION	0.565201493384	0.0016227730088107532	54
GO_ODONTOGENESIS_OF_DENTIN_CONTAINING_TOOTH	1.06152325898	0.0017513471675155844	17
GO_PROTEIN_LIPID_COMPLEX_SUBUNIT_ORGANIZATION	1.54896925379	0.0004664563959390593	11
GO_AGING	0.667836405594	0.0002709040516489963	54
GO_CELL_PROJECTION_ASSEMBLY	1.13452508993	4.280050119161226e-12	76
GO_REGULATION_OF_NITRIC_OXIDE_SYNTHASE_ACTIVITY	1.05559030323	0.004519136376057431	14
GO_FC_GAMMA_RECEPTOR_SIGNALING_PATHWAY	0.772680529814	0.011352321459569487	19
GO_LUNG_MORPHOGENESIS	1.29598851262	0.0004758973883062604	15
GO_MYELOID_CELL_DIFFERENTIATION	0.602350350119	0.004209896274754592	39
GO_REGULATION_OF_SMAD_PROTEIN_IMPORT_INTO_NUCLEUS	1.55902291845	0.009314932663859243	6
GO_NEGATIVE_REGULATION_OF_DEVELOPMENTAL_GROWTH	1.49007556474	5.045711596756102e-09	33
GO_POSITIVE_REGULATION_OF_JUN_KINASE_ACTIVITY	0.919612633711	0.006995301314715182	16
GO_POSITIVE_REGULATION_OF_CALCIUM_ION_DEPENDENT_EXOCYTOSIS	1.57496446232	0.004614159375752905	7
GO_SKELETAL_SYSTEM_MORPHOGENESIS	0.837998868158	8.20571637224498e-05	42
GO_REGULATION_OF_CYTOKINE_SECRETION	1.27716463833	1.4667500119760002e-08	41
GO_POSITIVE_REGULATION_OF_BMP_SIGNALING_PATHWAY	1.54896925379	0.0004664563959390593	11
GO_SEGMENT_SPECIFICATION	1.86714521382	0.0004420907339212686	8
GO_REGULATION_OF_MAST_CELL_ACTIVATION_INVOLVED_IN_IMMUNE_RESPONSE	1.43349203637	0.0010663103990883678	11
GO_POSITIVE_REGULATION_OF_CYTOSKELETON_ORGANIZATION	0.625256616855	0.004420465158625192	36
GO_REGULATION_OF_LIPID_TRANSPORT	0.930339040304	0.002494387192660676	20
GO_HINDLIMB_MORPHOGENESIS	1.2594626366	0.007800102323723894	9
GO_POSITIVE_REGULATION_OF_MACROPHAGE_CHEMOTAXIS	2.21506851724	3.789245535443368e-05	8
GO_SUPEROXIDE_METABOLIC_PROCESS	1.2415407286	0.005667632594732171	10
GO_LACTATE_TRANSMEMBRANE_TRANSPORT	1.80003101796	0.0033249526834681666	6
GO_PHOSPHATIDYLCHOLINE_METABOLIC_PROCESS	1.1770004764	0.0006310004778758382	17
GO_EMBRYONIC_HEART_TUBE_DEVELOPMENT	1.69874768212	3.281789032712274e-10	30
GO_ESTABLISHMENT_OR_MAINTENANCE_OF_MONOPOLAR_CELL_POLARITY	1.67450013587	0.0028423441150215306	7
GO_CENTRAL_NERVOUS_SYSTEM_NEURON_DEVELOPMENT	1.08953763515	0.00188521342873419	16
GO_EMBRYONIC_PLACENTA_DEVELOPMENT	0.96400675307	0.0011104842321101001	22
GO_FIBRINOLYSIS	1.78141533979	0.0016422174244740853	7
GO_POSITIVE_REGULATION_OF_BIOMINERAL_TISSUE_DEVELOPMENT	1.48185505793	0.00014759531091263384	14
GO_LIPID_LOCALIZATION	0.652132322846	0.0007431247986948652	48
GO_ENTEROENDOCRINE_CELL_DIFFERENTIATION	1.89689255721	0.0008762258904918314	7
GO_REGULATION_OF_EPITHELIAL_CELL_DIFFERENTIATION	1.08953763515	1.855594434827377e-05	31
GO_NOTOCHORD_DEVELOPMENT	1.55902291845	0.009314932663859243	6
GO_FORMATION_OF_PRIMARY_GERM_LAYER	1.22280416602	6.87817497695023e-07	34
GO_DIGESTION	1.30104174035	2.3214705624313444e-05	22
GO_POSITIVE_REGULATION_OF_REACTIVE_OXYGEN_SPECIES_METABOLIC_PROCESS	0.81390319254	0.00825468103778559	19
GO_ENDOCRINE_PANCREAS_DEVELOPMENT	1.61560644682	0.000149180559566916	12
GO_PEPTIDE_TRANSPORT	1.0306439461	0.0030223912596662014	16
GO_NEGATIVE_REGULATION_OF_TRANSPORTER_ACTIVITY	1.08953763515	0.00188521342873419	16
GO_HORMONE_METABOLIC_PROCESS	0.805084245685	0.0024612670477566854	26
GO_SYNAPSE_ASSEMBLY	0.974060417734	0.004673884157265051	16
GO_POSITIVE_REGULATION_OF_ENDOCYTOSIS	1.34519251062	6.987084438635117e-09	39
GO_STEROL_CATABOLIC_PROCESS	2.08953763515	0.006904165499132436	4
GO_CILIUM_ORGANIZATION	1.13747211222	1.2796295618125725e-08	51
GO_ALPHA_AMINO_ACID_CATABOLIC_PROCESS	0.958293101875	0.00150690014212937	21
GO_POSITIVE_REGULATION_OF_EPITHELIAL_CELL_PROLIFERATION	1.26684216696	7.911458695463635e-10	49
GO_CENTRAL_NERVOUS_SYSTEM_NEURON_DIFFERENTIATION	0.767609540266	0.0026029043181164764	28
GO_NEGATIVE_REGULATION_OF_SMOOTH_MUSCLE_CELL_PROLIFERATION	1.48185505793	0.00014759531091263384	14
GO_AMINO_ACID_IMPORT	1.80003101796	0.0033249526834681666	6
GO_MESENCHYME_DEVELOPMENT	1.55076476745	4.952894817385833e-18	67
GO_RESPONSE_TO_ORGANOPHOSPHORUS	1.06152325898	1.1995727170189192e-05	34
GO_ENDOTHELIAL_CELL_DIFFERENTIATION	1.52765874755	3.629496605225947e-08	28
GO_GLIAL_CELL_DIFFERENTIATION	0.66069433635	0.010195927942665333	26
GO_OVULATION	1.86714521382	0.0004420907339212686	8
GO_DEFENSE_RESPONSE_TO_BACTERIUM	1.35257204099	2.612681903703422e-10	46
GO_POSITIVE_REGULATION_OF_INTERLEUKIN_6_PRODUCTION	1.2594626366	5.841780045735789e-05	21
GO_POSITIVE_REGULATION_OF_CYTOKINE_PRODUCTION_INVOLVED_IN_IMMUNE_RESPONSE	1.1890733087	0.00759904851397814	10
GO_NEPHRON_EPITHELIUM_DEVELOPMENT	1.46504677025	1.4402556035156449e-08	32
GO_POSITIVE_REGULATION_OF_GROWTH	0.629176145365	0.0012022495390458519	47
GO_REGULATION_OF_REGULATED_SECRETORY_PATHWAY	0.851377897959	0.0014976219564702005	26
GO_EMBRYONIC_PATTERN_SPECIFICATION	0.990001961603	0.0070921092335640866	14
GO_POSITIVE_REGULATION_OF_CATION_CHANNEL_ACTIVITY	1.45210771454	0.0005515212834956761	12
GO_NEURON_PROJECTION_EXTENSION	1.15512597678	0.0015457214584974977	15
GO_POSITIVE_REGULATION_OF_CHEMOTAXIS	1.53154218203	4.727200818330526e-13	48
GO_VASCULAR_ENDOTHELIAL_GROWTH_FACTOR_RECEPTOR_SIGNALING_PATHWAY	1.20501485257	1.760732868324719e-05	26
GO_SENSORY_ORGAN_MORPHOGENESIS	0.871357465104	1.1160927837938088e-05	49
GO_OUTFLOW_TRACT_MORPHOGENESIS	1.82035100234	4.4472678940665915e-10	26
GO_NEGATIVE_REGULATION_OF_EPITHELIAL_CELL_APOPTOTIC_PROCESS	1.40148164147	0.0008077288502519656	12
GO_POSITIVE_REGULATION_OF_CALCIUM_ION_IMPORT	1.1890733087	0.0011744488470665103	15
GO_BROWN_FAT_CELL_DIFFERENTIATION	1.43349203637	0.0010663103990883678	11
GO_POSITIVE_REGULATION_OF_MYELOID_LEUKOCYTE_MEDIATED_IMMUNITY	1.67450013587	0.0028423441150215306	7
GO_REGULATION_OF_TYROSINE_PHOSPHORYLATION_OF_STAT_PROTEIN	1.31193005649	3.098586592279902e-05	21
GO_POSITIVE_REGULATION_OF_ACUTE_INFLAMMATORY_RESPONSE	1.60411080798	0.0005816307404283587	10
GO_IMPORT_INTO_CELL	1.35257204099	0.001156024054167409	12
GO_REGULATION_OF_VASCULAR_ENDOTHELIAL_GROWTH_FACTOR_RECEPTOR_SIGNALING_PATHWAY	1.73108366424	2.6792681475061298e-05	13
GO_NEURAL_CREST_CELL_MIGRATION	1.60411080798	1.1402371921213778e-06	20
GO_REGULATION_OF_PEPTIDYL_TYROSINE_PHOSPHORYLATION	1.00464873757	1.2831259957770955e-07	55
GO_POSITIVE_REGULATION_OF_MACROPHAGE_DERIVED_FOAM_CELL_DIFFERENTIATION	2.08953763515	0.0008032599475939466	6
GO_INOSITOL_LIPID_MEDIATED_SIGNALING	0.706208995602	0.010279405767805833	23
GO_CHEMICAL_HOMEOSTASIS_WITHIN_A_TISSUE	2.31193005649	6.169325193019767e-05	7
GO_NEGATIVE_REGULATION_OF_PLATELET_ACTIVATION	1.99642823076	2.812337115198872e-05	10
GO_CARDIAC_CONDUCTION	1.08953763515	0.0007372137995368229	19
GO_POSITIVE_REGULATION_OF_ORGAN_GROWTH	1.30526632621	0.001620048307345845	12
GO_NEURON_PROJECTION_EXTENSION_INVOLVED_IN_NEURON_PROJECTION_GUIDANCE	1.82650322932	0.006801890831374138	5
GO_REGULATION_OF_MEMBRANE_REPOLARIZATION	1.2594626366	0.007800102323723894	9
GO_REGULATION_OF_MYELOID_CELL_DIFFERENTIATION	0.734206381999	0.0009522479070542234	37
GO_REGULATION_OF_OXIDOREDUCTASE_ACTIVITY	0.857364193025	0.0038651492403548792	21
GO_VENOUS_BLOOD_VESSEL_DEVELOPMENT	1.89689255721	0.0008762258904918314	7
GO_CELLULAR_RESPONSE_TO_DRUG	1.06306542379	0.0012805930464904781	18
GO_RESPONSE_TO_LOW_DENSITY_LIPOPROTEIN_PARTICLE	1.78141533979	0.0016422174244740853	7
GO_REPLACEMENT_OSSIFICATION	1.2821827131	0.010753983355084233	8
GO_NEGATIVE_REGULATION_OF_MYELOID_LEUKOCYTE_DIFFERENTIATION	1.2724016923	0.000883582752189357	14
GO_RESPONSE_TO_NUTRIENT	0.934468238661	4.628171432677253e-06	47
GO_PHOSPHOLIPASE_C_ACTIVATING_G_PROTEIN_COUPLED_RECEPTOR_SIGNALING_PATHWAY	1.20737412545	0.00047627493358719334	17
GO_VASOCONSTRICTION	1.35257204099	0.007697173902734693	8
GO_NEGATIVE_CHEMOTAXIS	1.87803352996	4.1978653531722445e-08	19
GO_NEGATIVE_REGULATION_OF_CELL_PROJECTION_ORGANIZATION	1.06626785583	1.4475366275701985e-06	41
GO_POSITIVE_REGULATION_OF_ION_TRANSPORT	0.988254299317	1.953356443505283e-07	55
GO_CELL_RECOGNITION	0.794081751628	0.005615862649579377	22
GO_NEGATIVE_REGULATION_OF_STEM_CELL_PROLIFERATION	1.93753454171	0.00011368428615597457	9
GO_REVERSE_CHOLESTEROL_TRANSPORT	2.0224234393	0.0004222511966734643	7
GO_REGULATION_OF_SYSTEMIC_ARTERIAL_BLOOD_PRESSURE_BY_HORMONE	1.38499351868	0.0039846136027857516	9
GO_SIGNAL_RELEASE	0.743762798312	0.0018051268017749255	32
GO_MONOCARBOXYLIC_ACID_BIOSYNTHETIC_PROCESS	0.872726246081	0.00012355614480616904	37
GO_NEGATIVE_REGULATION_OF_VASCULATURE_DEVELOPMENT	1.65213232285	2.498592418119677e-10	32
GO_REGULATION_OF_LEUKOCYTE_MEDIATED_IMMUNITY	0.731985630536	0.0020803867723760854	32
GO_GLOMERULAR_EPITHELIUM_DEVELOPMENT	1.90896538951	5.868530048588203e-05	10
GO_POSITIVE_REGULATION_OF_CALCIUM_ION_TRANSMEMBRANE_TRANSPORTER_ACTIVITY	1.43349203637	0.0010663103990883678	11
GO_REGULATION_OF_HEART_GROWTH	1.24565683707	0.0016339483336979734	13
GO_REGULATION_OF_NEUROBLAST_PROLIFERATION	1.82650322932	0.00011348347971167907	10
GO_PROTEIN_AUTOPHOSPHORYLATION	0.54521711893	0.007707809823552788	40
GO_ORGANIC_ACID_TRANSPORT	0.697707527036	0.00039838723168440267	47
GO_MATERNAL_PROCESS_INVOLVED_IN_FEMALE_PREGNANCY	1.0306439461	0.0030223912596662014	16
GO_BONE_MINERALIZATION	1.32657683245	0.0021910839403108404	11
GO_CELLULAR_COMPONENT_ASSEMBLY_INVOLVED_IN_MORPHOGENESIS	1.0278086454	1.3868923852846904e-08	61
GO_RENAL_SYSTEM_PROCESS	1.54896925379	1.3953668150886782e-09	33
GO_DEVELOPMENT_OF_PRIMARY_SEXUAL_CHARACTERISTICS	0.726967555769	0.0005038046929309368	42
GO_CELL_COMMUNICATION_BY_ELECTRICAL_COUPLING	2.03707021526	5.2839956922544405e-05	9
GO_LEUKOTRIENE_BIOSYNTHETIC_PROCESS	1.67450013587	0.0028423441150215306	7
GO_MULTICELLULAR_ORGANISMAL_HOMEOSTASIS	1.11156394148	2.3592934814177554e-10	66
GO_NEGATIVE_REGULATION_OF_NEURAL_PRECURSOR_CELL_PROLIFERATION	1.50457513443	0.003578808103243316	8
GO_REGULATION_OF_TRANSPORTER_ACTIVITY	0.816519140747	0.00016973002437111848	40
GO_POSITIVE_REGULATION_OF_KIDNEY_DEVELOPMENT	1.51695885889	0.00018856056389353438	13
GO_MESONEPHROS_DEVELOPMENT	1.34265657212	6.067850058034382e-07	29
GO_REGULATION_OF_PROTEIN_IMPORT	0.803233449997	0.00017616653481794723	41
GO_REGULATION_OF_METANEPHROS_DEVELOPMENT	1.35257204099	0.007697173902734693	8
GO_COLLAGEN_FIBRIL_ORGANIZATION	1.92242764932	2.0881501259310912e-08	19
GO_BRANCHING_INVOLVED_IN_URETERIC_BUD_MORPHOGENESIS	1.08953763515	0.009324861176319196	11
GO_TRANSMEMBRANE_RECEPTOR_PROTEIN_SERINE_THREONINE_KINASE_SIGNALING_PATHWAY	1.0020747939	8.37518126642815e-07	48
GO_CARDIAC_SEPTUM_MORPHOGENESIS	1.63887622614	7.002009244058145e-07	20
GO_REGULATION_OF_JNK_CASCADE	0.584302326903	0.011889794472898538	31
GO_CANONICAL_WNT_SIGNALING_PATHWAY	0.812003659625	0.0047832411283569845	22
GO_REACTIVE_OXYGEN_SPECIES_METABOLIC_PROCESS	1.02813709049	0.0004305325330726479	23
GO_POSITIVE_REGULATION_OF_CELL_JUNCTION_ASSEMBLY	1.2821827131	0.010753983355084233	8
GO_LEUKOCYTE_MEDIATED_IMMUNITY	0.804135416291	0.0008501353622476031	32
GO_POSITIVE_REGULATION_OF_PROTEIN_KINASE_B_SIGNALING	1.38761898809	1.8110287173859215e-06	25
GO_METANEPHROS_DEVELOPMENT	1.11262124827	0.00030940641570720827	21
GO_TISSUE_REMODELING	1.5094408896	3.3229690326802217e-09	33
GO_CHEMOKINE_MEDIATED_SIGNALING_PATHWAY	1.05979029176	0.0023983550445564887	16
GO_NEGATIVE_REGULATION_OF_HOMOTYPIC_CELL_CELL_ADHESION	0.812003659625	0.0047832411283569845	22
GO_TRANSITION_METAL_ION_HOMEOSTASIS	0.70766699981	0.011756678167235354	22
GO_RESPONSE_TO_HEAT	0.958293101875	0.00150690014212937	21
GO_REGULATION_OF_MICROVILLUS_ORGANIZATION	2.15992696305	0.00017765927038068205	7
GO_KIDNEY_MESENCHYME_DEVELOPMENT	1.67450013587	0.0028423441150215306	7
GO_GLOMERULUS_DEVELOPMENT	2.08953763515	1.8536668050433644e-14	30
GO_REGULATION_OF_MUSCLE_CONTRACTION	1.07503806546	1.2846461271207608e-05	33
GO_ESTABLISHMENT_OR_MAINTENANCE_OF_CELL_POLARITY	0.60174379344	0.012398655914278883	29
GO_RESPONSE_TO_ATP	1.54896925379	0.0004664563959390593	11
GO_NEGATIVE_REGULATION_OF_CELL_SUBSTRATE_ADHESION	1.64055280395	3.6020865477659015e-07	21
GO_REGULATION_OF_ADHERENS_JUNCTION_ORGANIZATION	1.08953763515	0.0025851616162047846	15
GO_REGULATION_OF_BLOOD_CIRCULATION	0.987999608692	2.0406963801125022e-08	64
GO_POSITIVE_REGULATION_OF_OSSIFICATION	1.54123360501	5.139960508118522e-09	31
GO_REGULATION_OF_CELL_FATE_SPECIFICATION	1.93753454171	0.0017416609634292772	6
GO_MUSCLE_CELL_FATE_COMMITMENT	1.82650322932	0.006801890831374138	5
GO_POSITIVE_REGULATION_OF_URINE_VOLUME	1.82650322932	0.006801890831374138	5
GO_REGULATION_OF_ERK1_AND_ERK2_CASCADE	1.08953763515	5.4237922000108164e-09	58
GO_REGULATION_OF_NUCLEOCYTOPLASMIC_TRANSPORT	0.682362253648	0.0005856584461356941	46
GO_CYCLOOXYGENASE_PATHWAY	2.08953763515	0.0008032599475939466	6
GO_REGULATION_OF_SYSTEMIC_ARTERIAL_BLOOD_PRESSURE_BY_CIRCULATORY_RENIN_ANGIOTENSIN	1.67450013587	0.011862120699284977	5
GO_POSITIVE_REGULATION_OF_HEMOPOIESIS	0.631431413983	0.005817423860656467	33
GO_MAMMARY_GLAND_DUCT_MORPHOGENESIS	1.29598851262	0.004141461277940026	10
GO_POSITIVE_REGULATION_OF_EPITHELIAL_CELL_APOPTOTIC_PROCESS	1.52249704243	0.0018091894851970428	9
GO_REGULATION_OF_STAT_CASCADE	1.05979029176	2.1995759442822135e-05	32
GO_OUTFLOW_TRACT_SEPTUM_MORPHOGENESIS	1.93753454171	0.0017416609634292772	6
GO_POSITIVE_REGULATION_OF_TRANSMEMBRANE_TRANSPORT	1.06068277248	1.6241283188339754e-05	33
GO_COPULATION	1.82650322932	0.006801890831374138	5
GO_NEGATIVE_REGULATION_OF_PROTEIN_SECRETION	0.786974865133	0.008517545334552398	20
GO_REGULATION_OF_RENAL_SYSTEM_PROCESS	1.73590068054	5.272415275703893e-05	12
GO_TRABECULA_MORPHOGENESIS	1.17199979535	0.003994692589600902	12
GO_REGULATION_OF_WATER_LOSS_VIA_SKIN	1.67450013587	0.011862120699284977	5
GO_REGULATION_OF_TRANSMEMBRANE_RECEPTOR_PROTEIN_SERINE_THREONINE_KINASE_SIGNALING_PATHWAY	1.11600984651	6.402100963362924e-09	55
GO_NEGATIVE_REGULATION_OF_NEURON_DIFFERENTIATION	1.13653511469	9.483746481533478e-09	52
GO_REGULATION_OF_CYTOKINE_PRODUCTION_INVOLVED_IN_IMMUNE_RESPONSE	1.05979029176	0.0023983550445564887	16
GO_REGULATION_OF_PROTEIN_LOCALIZATION_TO_NUCLEUS	0.650653393921	0.0010915502662618664	45
GO_MESODERM_DEVELOPMENT	1.04062803467	6.881765781123192e-05	29
GO_ACUTE_INFLAMMATORY_RESPONSE	1.17199979535	0.00046314876036607894	18
GO_REGULATION_OF_HEART_MORPHOGENESIS	1.2594626366	0.007800102323723894	9
GO_BLOOD_VESSEL_ENDOTHELIAL_CELL_MIGRATION	1.45210771454	0.0027298585439410094	9
GO_MUSCLE_SYSTEM_PROCESS	1.08287390487	1.0280015698648546e-10	72
GO_REGULATION_OF_ODONTOGENESIS	1.58703729462	0.002301632099916351	8
GO_DORSAL_VENTRAL_PATTERN_FORMATION	0.954608055068	0.004208688672531894	17
GO_RESPONSE_TO_MECHANICAL_STIMULUS	0.976155835736	4.3454903390890015e-07	53
GO_REGULATION_OF_FIBROBLAST_PROLIFERATION	0.917070439149	0.002233843586669117	21
GO_AMINOGLYCAN_METABOLIC_PROCESS	0.952034111404	1.675735059686884e-05	40
GO_SOMITE_DEVELOPMENT	1.01553705371	0.0014801793824528186	19
GO_LEUKOCYTE_DIFFERENTIATION	0.582577646434	0.0009070447734783973	57
GO_RESPONSE_TO_LIPOPROTEIN_PARTICLE	1.58703729462	0.002301632099916351	8
GO_PROTEIN_HETEROOLIGOMERIZATION	0.772680529814	0.011352321459569487	19
GO_MACROPHAGE_DIFFERENTIATION	1.58703729462	0.002301632099916351	8
GO_REGULATION_OF_POTASSIUM_ION_TRANSPORT	0.90005983629	0.004091215648391657	19
GO_REGULATION_OF_VASCULOGENESIS	1.78141533979	0.0016422174244740853	7
GO_G_PROTEIN_COUPLED_PURINERGIC_RECEPTOR_SIGNALING_PATHWAY	1.48185505793	0.007105401645777789	7
GO_RETINA_DEVELOPMENT_IN_CAMERA_TYPE_EYE	0.814677793923	0.001850314009073342	27
GO_NEGATIVE_REGULATION_OF_EMBRYONIC_DEVELOPMENT	1.67450013587	0.0001786661449222258	11
GO_BASEMENT_MEMBRANE_ORGANIZATION	1.80003101796	0.0033249526834681666	6
GO_HORMONE_TRANSPORT	1.06152325898	0.0017513471675155844	17
GO_SEGMENTATION	1.12853176677	7.024525015933689e-05	25
GO_VASCULOGENESIS	1.49007556474	1.7995180531430351e-06	22
GO_REGULATION_OF_GRANULOCYTE_CHEMOTAXIS	1.53699661212	4.987530177915269e-05	15
GO_NEPHRIC_DUCT_MORPHOGENESIS	1.67450013587	0.011862120699284977	5
GO_CELLULAR_RESPONSE_TO_PEPTIDE	0.600152794415	0.0011125626775079535	52
GO_HEART_MORPHOGENESIS	1.50655549856	1.794521757960984e-20	81
GO_AUTONOMIC_NERVOUS_SYSTEM_DEVELOPMENT	1.37904425235	0.0015469700394276974	11
GO_POSITIVE_REGULATION_OF_MAP_KINASE_ACTIVITY	0.91229725021	3.0536074847630783e-06	51
GO_L_AMINO_ACID_IMPORT	1.82650322932	0.006801890831374138	5
GO_REGULATION_OF_CAMP_METABOLIC_PROCESS	1.10745954315	4.9086405414246564e-05	27
GO_REGULATION_OF_NUCLEOTIDE_METABOLIC_PROCESS	0.872180803715	5.530314867635281e-05	41
GO_GLAND_MORPHOGENESIS	1.17492912638	9.433025155629994e-06	29
GO_DEVELOPMENTAL_GROWTH_INVOLVED_IN_MORPHOGENESIS	1.21506851724	1.660029589726924e-06	32
GO_MYELOID_LEUKOCYTE_MIGRATION	1.65403603332	3.4618469532524823e-11	35
GO_REGULATION_OF_ORGAN_GROWTH	1.25128870515	4.340960516157564e-05	22
GO_TUBE_FORMATION	0.867145213817	0.00037031836527472004	32
GO_MULTICELLULAR_ORGANISMAL_WATER_HOMEOSTASIS	1.67450013587	4.204831501835193e-07	20
GO_VENTRICULAR_SYSTEM_DEVELOPMENT	1.20056894754	0.010523384977177482	9
GO_PROSTANOID_METABOLIC_PROCESS	1.81200365962	5.770907179592522e-05	11
GO_CELLULAR_RESPONSE_TO_VASCULAR_ENDOTHELIAL_GROWTH_FACTOR_STIMULUS	1.81651914075	1.1011494257304816e-06	16
GO_REGULATION_OF_ACTIN_FILAMENT_BUNDLE_ASSEMBLY	0.856338458861	0.00587740829907722	19
GO_ACTIN_CYTOSKELETON_REORGANIZATION	1.19450719476	0.0002580126857952587	19
GO_EXTRACELLULAR_MATRIX_DISASSEMBLY	1.72512620894	3.6670192237200783e-10	29
GO_ACTIN_MEDIATED_CELL_CONTRACTION	1.0656908932	0.0006870386877970147	20
GO_DEVELOPMENTAL_CELL_GROWTH	1.01553705371	0.0014801793824528186	19
GO_PROTEIN_SECRETION	0.776379749894	0.006564424958544005	22
GO_REGULATION_OF_VASODILATION	1.30526632621	0.001620048307345845	12
GO_BIOMINERAL_TISSUE_DEVELOPMENT	1.20737412545	0.00047627493358719334	17
GO_EPITHELIAL_CELL_MORPHOGENESIS	1.71514212037	9.347117739309122e-07	18
GO_EPIBOLY	1.67450013587	0.0007051620959022355	9
GO_UNSATURATED_FATTY_ACID_METABOLIC_PROCESS	1.51011331797	2.9069808643957347e-08	29
GO_TRANSCYTOSIS	1.67450013587	0.011862120699284977	5
GO_REGULATION_OF_STEM_CELL_DIFFERENTIATION	1.13393175451	4.785912997846725e-06	33
GO_CELLULAR_RESPONSE_TO_INORGANIC_SUBSTANCE	0.867145213817	0.00037031836527472004	32
GO_POSITIVE_REGULATION_OF_PHOSPHOLIPID_METABOLIC_PROCESS	1.39439221668	0.00031985583278068596	14
GO_EPIDERMIS_DEVELOPMENT	0.84852953565	4.65167186762877e-05	44
GO_RESPONSE_TO_MAGNESIUM_ION	1.67450013587	0.0007051620959022355	9
GO_RENAL_SYSTEM_PROCESS_INVOLVED_IN_REGULATION_OF_BLOOD_VOLUME	2.0224234393	0.0004222511966734643	7
GO_POSITIVE_REGULATION_OF_CELL_MATRIX_ADHESION	1.08953763515	0.0067419067163877605	12
GO_POSITIVE_REGULATION_OF_RESPONSE_TO_WOUNDING	1.57665281248	5.485219017321833e-16	57
GO_CELL_MATURATION	0.763767473972	0.004447892079768494	25
GO_POSITIVE_REGULATION_OF_IMMUNE_EFFECTOR_PROCESS	0.89022882693	0.00011573787835197262	36
GO_PLATELET_ACTIVATION	0.982622431237	1.2307158387086125e-05	39
GO_REGULATION_OF_MEMBRANE_POTENTIAL	0.531047345794	0.002577516858496448	55
GO_EMBRYONIC_DIGESTIVE_TRACT_DEVELOPMENT	1.55902291845	0.00023770021753315122	12
GO_ENDOCRINE_PROCESS	1.27595075938	0.003036467606445937	11
GO_ACTIN_FILAMENT_BASED_MOVEMENT	0.937534541709	0.0009030572990614187	24
GO_HEMOSTASIS	1.03295410679	2.620774324631656e-10	75
GO_MONOCYTE_CHEMOTAXIS	1.55902291845	0.00023770021753315122	12
GO_REGULATION_OF_PROTEIN_KINASE_C_SIGNALING	1.93753454171	0.0017416609634292772	6
GO_LUNG_ALVEOLUS_DEVELOPMENT	1.41146573004	0.0001678695661892454	15
GO_APPENDAGE_DEVELOPMENT	1.16168742091	1.9673475633368168e-07	41
GO_ATRIOVENTRICULAR_VALVE_DEVELOPMENT	1.75696229607	0.00040932278779500793	9
GO_CARDIAC_CELL_DEVELOPMENT	1.19645283907	0.0016047657944426642	14
GO_PALATE_DEVELOPMENT	1.00464873757	0.0007293606912806112	22
GO_CELL_CELL_ADHESION_VIA_PLASMA_MEMBRANE_ADHESION_MOLECULES	1.27340182755	3.558283240043659e-08	39
GO_SKIN_DEVELOPMENT	0.941145795261	2.038411208981579e-05	40
GO_CELLULAR_RESPONSE_TO_EXTERNAL_STIMULUS	0.526746515431	0.003837099101029596	51
GO_WOUND_HEALING_SPREADING_OF_EPIDERMAL_CELLS	2.2594626366	0.00030888215049624027	6
GO_NEGATIVE_REGULATION_OF_EPIDERMIS_DEVELOPMENT	1.67450013587	0.005773679476560327	6
GO_DEFENSE_RESPONSE_TO_FUNGUS	1.75696229607	0.00040932278779500793	9
GO_ESTABLISHMENT_OF_PROTEIN_LOCALIZATION_TO_PLASMA_MEMBRANE	0.830151006335	0.0040555942552514814	22
GO_CELL_DIFFERENTIATION_INVOLVED_IN_METANEPHROS_DEVELOPMENT	2.08953763515	0.0008032599475939466	6
GO_NEGATIVE_REGULATION_OF_OXIDOREDUCTASE_ACTIVITY	1.42657262243	0.0053419801359256116	8
GO_MONOSACCHARIDE_TRANSPORT	0.948675099314	0.012010644565289441	13
GO_NEGATIVE_REGULATION_OF_EPITHELIAL_CELL_MIGRATION	1.61036979846	3.029537216951744e-07	22
GO_POSITIVE_REGULATION_OF_RECEPTOR_MEDIATED_ENDOCYTOSIS	1.01153512315	0.010793978893031882	12
GO_MUSCLE_TISSUE_DEVELOPMENT	1.05460384504	8.690004252963848e-10	68
GO_CARDIAC_MUSCLE_CELL_CONTRACTION	1.2594626366	0.007800102323723894	9
GO_POSITIVE_REGULATION_OF_TUMOR_NECROSIS_FACTOR_SUPERFAMILY_CYTOKINE_PRODUCTION	1.11650468275	0.0007846684754410275	18
GO_HUMORAL_IMMUNE_RESPONSE	1.38692354578	2.700541326281188e-08	34
GO_CELLULAR_RESPONSE_TO_MECHANICAL_STIMULUS	1.00464873757	0.0007293606912806112	22
GO_AMINOGLYCAN_CATABOLIC_PROCESS	1.06152325898	0.0017513471675155844	17
GO_CELL_DIFFERENTIATION_INVOLVED_IN_KIDNEY_DEVELOPMENT	1.89022882693	8.008324660006049e-08	18
GO_REGULATION_OF_TUMOR_NECROSIS_FACTOR_SUPERFAMILY_CYTOKINE_PRODUCTION	0.833197881894	0.0026791849891331784	24
GO_ORGANONITROGEN_COMPOUND_CATABOLIC_PROCESS	0.668501395253	0.0001263804232653629	60
GO_REGULATION_OF_HEART_RATE	0.991690311756	0.001838981125248193	19
GO_PLACENTA_DEVELOPMENT	0.898715292818	0.00019344278911639367	33
GO_PHOSPHATIDYLCHOLINE_BIOSYNTHETIC_PROCESS	1.38499351868	0.0039846136027857516	9
GO_REGULATION_OF_CALCIUM_ION_TRANSMEMBRANE_TRANSPORTER_ACTIVITY	0.908965389512	0.009530050732393155	15
GO_REGULATION_OF_LEUKOCYTE_CHEMOTAXIS	1.61864690114	1.3030210566223714e-11	38
GO_NEGATIVE_REGULATION_OF_BMP_SIGNALING_PATHWAY	1.04646891326	0.01187407223935901	11
GO_PLASMA_LIPOPROTEIN_PARTICLE_CLEARANCE	1.67450013587	0.0014111336001649878	8
GO_EPITHELIAL_TO_MESENCHYMAL_TRANSITION	1.43057455299	1.864325045716507e-05	19
GO_REGULATION_OF_HEART_CONTRACTION	0.985429231813	9.452862193507365e-07	49
GO_POSITIVE_REGULATION_OF_PROTEIN_IMPORT	0.948675099314	0.00049430731174465	26
GO_NITRIC_OXIDE_MEDIATED_SIGNAL_TRANSDUCTION	2.08953763515	9.798355823568988e-05	8
GO_MOVEMENT_IN_ENVIRONMENT_OF_OTHER_ORGANISM_INVOLVED_IN_SYMBIOTIC_INTERACTION	1.00464873757	0.0007293606912806112	22
GO_REGULATION_OF_TYROSINE_PHOSPHORYLATION_OF_STAT3_PROTEIN	1.35257204099	0.0004568293521444343	14
GO_PATTERNING_OF_BLOOD_VESSELS	1.82650322932	2.1350404721555662e-06	15
GO_SODIUM_ION_TRANSMEMBRANE_TRANSPORT	1.06306542379	0.0012805930464904781	18
GO_COLUMNAR_CUBOIDAL_EPITHELIAL_CELL_DIFFERENTIATION	1.27760998331	1.2155929521969867e-06	30
GO_NEGATIVE_REGULATION_OF_MULTICELLULAR_ORGANISMAL_METABOLIC_PROCESS	1.80003101796	0.0033249526834681666	6
GO_CARDIAC_MUSCLE_CELL_DIFFERENTIATION	1.04223192038	0.0008668635792942078	20
GO_POSITIVE_REGULATION_OF_CAMP_METABOLIC_PROCESS	1.13844723563	0.000326124379941049	20
GO_ENDOTHELIUM_DEVELOPMENT	1.56202540662	1.0266202141481408e-10	37
GO_MUSCLE_ADAPTATION	1.2594626366	0.007800102323723894	9
GO_STABILIZATION_OF_MEMBRANE_POTENTIAL	1.67450013587	0.011862120699284977	5
GO_REGULATION_OF_STEROID_METABOLIC_PROCESS	0.84161012171	0.012123229892646052	16
GO_OVULATION_CYCLE	0.908965389512	0.0009814975684258678	25
GO_REGULATION_OF_NEURAL_PRECURSOR_CELL_PROLIFERATION	1.27857145954	0.00010564876767589494	19
GO_POSITIVE_REGULATION_OF_NEURON_PROJECTION_DEVELOPMENT	0.999339826182	2.4348424480357133e-08	62
GO_OSTEOCLAST_DIFFERENTIATION	1.1890733087	0.00759904851397814	10
GO_EPITHELIAL_CELL_FATE_COMMITMENT	1.80003101796	0.0033249526834681666	6
GO_DEFENSE_RESPONSE_TO_GRAM_NEGATIVE_BACTERIUM	1.27595075938	0.003036467606445937	11
GO_NEUROEPITHELIAL_CELL_DIFFERENTIATION	1.20737412545	0.00047627493358719334	17
GO_SUBSTRATE_ADHESION_DEPENDENT_CELL_SPREADING	1.63497177169	2.6531773771463557e-06	18
GO_REGULATION_OF_ENDOCYTOSIS	1.18738495855	1.0013565866036965e-10	61
GO_NEGATIVE_REGULATION_OF_LEUKOCYTE_DIFFERENTIATION	0.87803352996	0.004918044104765384	19
GO_RESPONSE_TO_REACTIVE_OXYGEN_SPECIES	0.800031017959	9.265453921261297e-05	45
GO_SPROUTING_ANGIOGENESIS	1.74488946377	7.254854720750692e-08	21
GO_HEART_TRABECULA_FORMATION	1.67450013587	0.005773679476560327	6
GO_MUSCLE_CONTRACTION	1.07332740797	6.461229394513699e-09	59
GO_PROXIMAL_DISTAL_PATTERN_FORMATION	1.58703729462	0.002301632099916351	8
GO_REGULATION_OF_VASCULAR_ENDOTHELIAL_GROWTH_FACTOR_PRODUCTION	1.51695885889	0.00018856056389353438	13
GO_SEMAPHORIN_PLEXIN_SIGNALING_PATHWAY	2.00464873757	3.299543459788769e-10	22
GO_POSITIVE_REGULATION_OF_NEURAL_PRECURSOR_CELL_PROLIFERATION	1.41146573004	0.002061524385239632	10
GO_SALIVARY_GLAND_DEVELOPMENT	1.50457513443	0.00036716910408830236	12
GO_NEGATIVE_REGULATION_OF_CELLULAR_RESPONSE_TO_GROWTH_FACTOR_STIMULUS	0.999339826182	7.246003116261705e-05	31
GO_NEGATIVE_REGULATION_OF_ENDOTHELIAL_CELL_APOPTOTIC_PROCESS	1.32086318126	0.0056481355970203866	9
GO_MICROGLIAL_CELL_ACTIVATION	2.0224234393	0.0004222511966734643	7
GO_NEUROMUSCULAR_JUNCTION_DEVELOPMENT	1.30526632621	0.001620048307345845	12
GO_POSITIVE_REGULATION_OF_CATION_TRANSMEMBRANE_TRANSPORT	0.950134578488	0.0010026130912700795	23
GO_REGULATION_OF_INTERLEUKIN_6_PRODUCTION	0.982622431237	0.0003289783378764007	26
GO_NEGATIVE_REGULATION_OF_CELL_MORPHOGENESIS_INVOLVED_IN_DIFFERENTIATION	1.4086060759	3.7025329183357866e-10	42
GO_GLANDULAR_EPITHELIAL_CELL_DIFFERENTIATION	1.55902291845	0.00023770021753315122	12
GO_SENSORY_PERCEPTION_OF_PAIN	1.38171838665	2.067023818758392e-05	20
GO_NEGATIVE_REGULATION_OF_MYOBLAST_DIFFERENTIATION	1.35257204099	0.007697173902734693	8
GO_REGULATION_OF_CATENIN_IMPORT_INTO_NUCLEUS	1.2594626366	0.007800102323723894	9
GO_NEUTROPHIL_ACTIVATION_INVOLVED_IN_IMMUNE_RESPONSE	1.82650322932	0.006801890831374138	5
GO_RESPONSE_TO_KETONE	0.633858151378	0.004479533924474173	35
GO_POSITIVE_REGULATION_OF_LIPID_KINASE_ACTIVITY	1.67450013587	4.590762525560286e-05	13
GO_REGULATION_OF_PROTEIN_AUTOPHOSPHORYLATION	1.42074354363	0.00042131898668608706	13
GO_TELENCEPHALON_DEVELOPMENT	0.740088477502	0.0002608828682895994	45
GO_REGULATION_OF_MONOCYTE_CHEMOTAXIS	1.75696229607	0.00040932278779500793	9
GO_HETEROPHILIC_CELL_CELL_ADHESION_VIA_PLASMA_MEMBRANE_CELL_ADHESION_MOLECULES	1.2415407286	0.005667632594732171	10
GO_CELL_FATE_COMMITMENT	0.781415339791	0.0002119380999719949	42
GO_MUSCLE_CELL_DIFFERENTIATION	0.916701038292	1.147398684622863e-06	55
GO_POSITIVE_REGULATION_OF_CYCLIC_NUCLEOTIDE_METABOLIC_PROCESS	1.20983186887	2.3768952033247894e-05	25
GO_POSITIVE_REGULATION_OF_LIPASE_ACTIVITY	1.2415407286	0.00010657938393433399	20
GO_ENDODERM_FORMATION	1.4868731327	1.613685118666879e-05	18
GO_REGULATION_OF_ENDOTHELIAL_CELL_APOPTOTIC_PROCESS	1.49392789023	7.637623588163904e-05	15
GO_POSITIVE_REGULATION_OF_ENDOTHELIAL_CELL_CHEMOTAXIS	1.80003101796	0.0033249526834681666	6
GO_POSITIVE_REGULATION_OF_STRESS_ACTIVATED_PROTEIN_KINASE_SIGNALING_CASCADE	0.738065264652	0.003065659163711008	29
GO_MEMBRANE_TUBULATION	1.67450013587	0.011862120699284977	5
GO_FEMALE_SEX_DIFFERENTIATION	0.92159299784	0.000540503389627344	27
GO_LONG_CHAIN_FATTY_ACID_TRANSPORT	1.21506851724	0.003007177338680804	12
GO_RETINA_VASCULATURE_DEVELOPMENT_IN_CAMERA_TYPE_EYE	2.08953763515	1.2277070767562588e-05	10
GO_ATRIAL_SEPTUM_MORPHOGENESIS	1.93753454171	0.0017416609634292772	6
GO_RENAL_WATER_HOMEOSTASIS	1.35257204099	0.0029587109400026107	10
GO_REGULATION_OF_SYSTEMIC_ARTERIAL_BLOOD_PRESSURE_MEDIATED_BY_A_CHEMICAL_SIGNAL	1.13844723563	0.010000406886297301	10
GO_GASTRULATION	1.0173878494	6.513067506382895e-06	39
GO_NEURAL_TUBE_PATTERNING	1.2594626366	0.007800102323723894	9
GO_CARDIAC_LEFT_VENTRICLE_MORPHOGENESIS	2.08953763515	0.0008032599475939466	6
GO_APICAL_JUNCTION_ASSEMBLY	1.08953763515	0.0067419067163877605	12
GO_TERPENOID_METABOLIC_PROCESS	1.19337344614	4.2634757366977556e-05	24
GO_RESPONSE_TO_INTERLEUKIN_1	0.931996358167	0.0006014487057271785	26
GO_REGULATION_OF_AXON_GUIDANCE	2.08953763515	7.894214568198033e-12	24
GO_NEGATIVE_REGULATION_OF_ORGAN_GROWTH	1.50457513443	0.003578808103243316	8
GO_HIGH_DENSITY_LIPOPROTEIN_PARTICLE_REMODELING	1.93753454171	0.0017416609634292772	6
GO_NEGATIVE_REGULATION_OF_LEUKOCYTE_MIGRATION	1.61036979846	0.00029411297109085353	11
GO_NEGATIVE_REGULATION_OF_AXON_EXTENSION	1.58703729462	1.630745191547873e-05	16
GO_REGULATION_OF_ACUTE_INFLAMMATORY_RESPONSE	1.52563674996	6.147893919205288e-07	23
GO_NEGATIVE_REGULATION_OF_CHEMOTAXIS	1.87613399704	1.6159628448182558e-09	23
GO_CELL_SUBSTRATE_ADHESION	1.45549035393	6.902475007631947e-15	61
GO_POSITIVE_REGULATION_OF_VASCULAR_ENDOTHELIAL_GROWTH_FACTOR_PRODUCTION	1.54896925379	0.0004664563959390593	11
GO_VASCULAR_ENDOTHELIAL_GROWTH_FACTOR_SIGNALING_PATHWAY	2.32657683245	3.138705206096502e-07	11
GO_POSITIVE_REGULATION_OF_CALCIUM_MEDIATED_SIGNALING	1.33054573466	0.0008614562581747266	13
GO_NEGATIVE_REGULATION_OF_FIBROBLAST_GROWTH_FACTOR_RECEPTOR_SIGNALING_PATHWAY	1.67450013587	0.011862120699284977	5
GO_CYCLIC_NUCLEOTIDE_MEDIATED_SIGNALING	1.13017961965	0.005226385244879054	12
GO_NEGATIVE_REGULATION_OF_EPITHELIAL_CELL_DIFFERENTIATION	1.67450013587	1.1913490077692398e-05	15
GO_REGULATION_OF_EPITHELIAL_TO_MESENCHYMAL_TRANSITION	1.27595075938	3.1907536908005446e-05	22
GO_OUTER_DYNEIN_ARM_ASSEMBLY	2.2594626366	0.00030888215049624027	6
GO_LYMPH_VESSEL_DEVELOPMENT	2.31193005649	8.49788392895749e-09	14
GO_DEFENSE_RESPONSE_TO_GRAM_POSITIVE_BACTERIUM	1.05301175913	0.0062209510594362786	13
GO_SEMAPHORIN_PLEXIN_SIGNALING_PATHWAY_INVOLVED_IN_NEURON_PROJECTION_GUIDANCE	2.14398541918	2.1934708072010632e-05	9
GO_NEPHRON_DEVELOPMENT	1.68960702827	2.34178337838051e-15	48
GO_MUCOPOLYSACCHARIDE_METABOLIC_PROCESS	0.800031017959	0.0037133472204552574	24
GO_RENAL_FILTRATION	2.2594626366	0.00030888215049624027	6
GO_MECHANORECEPTOR_DIFFERENTIATION	1.21506851724	0.003007177338680804	12
GO_CHONDROCYTE_DEVELOPMENT	1.39439221668	0.010468040327266373	7
GO_RESPONSE_TO_COPPER_ION	1.32086318126	0.0056481355970203866	9
GO_SEX_DIFFERENTIATION	0.807335818582	1.673159504911899e-05	54
GO_EXTRACELLULAR_FIBRIL_ORGANIZATION	1.89689255721	0.0008762258904918314	7
GO_PLATELET_DEGRANULATION	1.62005235185	6.7568128867741185e-12	39
GO_NEGATIVE_REGULATION_OF_RESPONSE_TO_WOUNDING	1.11262124827	4.0827692965221127e-07	42
GO_RESPONSE_TO_VITAMIN	0.955681888419	0.0007404729644845007	24
GO_REGULATION_OF_DENDRITE_DEVELOPMENT	0.942195919079	0.00016396821825268753	31
GO_ENDOCHONDRAL_BONE_MORPHOGENESIS	1.20501485257	0.0021953423013764337	13
GO_REGULATION_OF_ENDOTHELIAL_CELL_CHEMOTAXIS	1.76760954027	0.0008174123885079517	8
GO_CENTRAL_NERVOUS_SYSTEM_NEURON_AXONOGENESIS	1.45210771454	0.0027298585439410094	9
GO_POSITIVE_REGULATION_OF_PHOSPHOLIPASE_ACTIVITY	1.2701098808	0.0002618913438693043	17
GO_DEVELOPMENTAL_MATURATION	0.816519140747	0.00016973002437111848	40
GO_EPITHELIAL_CELL_PROLIFERATION	1.16548648839	3.0622742911514566e-05	26
GO_VENTRICULAR_CARDIAC_MUSCLE_CELL_ACTION_POTENTIAL	1.67450013587	0.005773679476560327	6
GO_RESPONSE_TO_PROTOZOAN	1.42657262243	0.0053419801359256116	8
GO_REGULATION_OF_CHOLESTEROL_STORAGE	1.80003101796	0.0033249526834681666	6
GO_BICELLULAR_TIGHT_JUNCTION_ASSEMBLY	1.13844723563	0.010000406886297301	10
GO_REGULATION_OF_CELL_PROJECTION_ASSEMBLY	0.996428230762	7.405782541499285e-06	40
GO_INTEGRIN_MEDIATED_SIGNALING_PATHWAY	1.51403546368	1.7389871741856026e-09	34
GO_NEURON_MIGRATION	0.837998868158	0.00459168493703366	21
GO_CENTRAL_NERVOUS_SYSTEM_PROJECTION_NEURON_AXONOGENESIS	1.39439221668	0.010468040327266373	7
GO_POSITIVE_REGULATION_OF_PATHWAY_RESTRICTED_SMAD_PROTEIN_PHOSPHORYLATION	1.50457513443	3.953193628187867e-05	16
GO_ENDODERM_DEVELOPMENT	1.30104174035	2.3214705624313444e-05	22
GO_CAMERA_TYPE_EYE_MORPHOGENESIS	0.806603671882	0.007260140984837671	20
GO_REGULATION_OF_FAT_CELL_DIFFERENTIATION	0.948675099314	0.00049430731174465	26
GO_ANTERIOR_POSTERIOR_PATTERN_SPECIFICATION	1.04548245508	1.2547485962327972e-06	43
GO_POSITIVE_REGULATION_OF_CELL_CELL_ADHESION	0.546176038899	0.005829057476366406	43
GO_NEGATIVE_REGULATION_OF_PROTEIN_SERINE_THREONINE_KINASE_ACTIVITY	0.725126208945	0.003530239010558453	29
GO_BRANCHING_MORPHOGENESIS_OF_AN_EPITHELIAL_TUBE	1.44772927403	1.0686674034994268e-11	47
GO_GLIOGENESIS	0.674500135875	0.0031281888322238164	34
GO_LUNG_CELL_DIFFERENTIATION	1.32086318126	0.0056481355970203866	9
GO_RESPONSE_TO_TRANSITION_METAL_NANOPARTICLE	0.726967555769	0.004021979185348896	28
GO_PEPTIDE_CROSS_LINKING	1.47286627471	0.001396912723101361	10
GO_EXOCRINE_SYSTEM_DEVELOPMENT	1.31193005649	0.0006407128522823246	14
GO_B_CELL_RECEPTOR_SIGNALING_PATHWAY	1.31193005649	0.0006407128522823246	14
GO_EXTRACELLULAR_STRUCTURE_ORGANIZATION	1.75372682703	2.2180983669489728e-42	131
GO_KIDNEY_MORPHOGENESIS	1.39765993052	9.639212297739999e-07	26
GO_MORPHOGENESIS_OF_AN_ENDOTHELIUM	1.48185505793	0.007105401645777789	7
GO_POSITIVE_REGULATION_OF_MACROPHAGE_ACTIVATION	1.67450013587	0.011862120699284977	5
