node	log2fold	underenrichment_p_value	node_size
GO_T_CELL_RECEPTOR_SIGNALING_PATHWAY	-1.65940060068	0.00023026960818499492	6
GO_CELL_CYCLE_PHASE_TRANSITION	-1.49542486557	1.3996269049292696e-06	13
GO_TRANSLATIONAL_INITIATION	-4.38078229963	3.416925897111478e-09	1
GO_DNA_REPLICATION	-2.28743182329	3.529304931786939e-08	6
GO_PROTEIN_ACETYLATION	-1.7314922238	0.0004154190459985578	5
GO_CELL_CYCLE_G1_S_PHASE_TRANSITION	-1.98371134688	0.00020007018846226755	4
GO_TRNA_PROCESSING	-3.89535547246	1.6757660799499392e-06	1
GO_PROTEIN_MODIFICATION_BY_SMALL_PROTEIN_REMOVAL	-1.9548564842	0.0002610540703981359	4
GO_PROTEIN_POLYUBIQUITINATION	-1.93693457621	4.377129260133401e-08	9
GO_NUCLEOSIDE_MONOPHOSPHATE_METABOLIC_PROCESS	-1.06246545829	0.00040531214615315106	15
GO_CELLULAR_RESPIRATION	-1.48392922673	0.00047255140934727475	7
GO_DNA_MODIFICATION	-3.23239045973	0.00043526812792099286	1
GO_PROTEIN_DNA_COMPLEX_SUBUNIT_ORGANIZATION	-1.64742795901	7.80612597568953e-05	7
GO_PROTEIN_SUMOYLATION	-3.9979252061	5.403435046659971e-07	1
GO_POSITIVE_REGULATION_OF_LIGASE_ACTIVITY	-3.9548564842	8.782126477633821e-07	1
GO_RNA_MODIFICATION	-3.8800887158	1.969018172588307e-06	1
GO_PROTEIN_LOCALIZATION_TO_ENDOPLASMIC_RETICULUM	-4.17098991507	6.523333094390622e-08	1
GO_SIGNAL_TRANSDUCTION_IN_RESPONSE_TO_DNA_DAMAGE	-2.14992829954	0.00038847996517882353	3
GO_MACROMOLECULAR_COMPLEX_DISASSEMBLY	-1.68305186874	1.4392452568490994e-05	8
GO_PROTEIN_ALKYLATION	-2.68305186874	0.00010937019022788961	2
GO_REGULATION_OF_MRNA_SPLICING_VIA_SPLICEOSOME	-3.08038736629	0.0011021358375888804	1
GO_NEGATIVE_REGULATION_OF_PROTEIN_MODIFICATION_BY_SMALL_PROTEIN_CONJUGATION_OR_REMOVAL	-1.98085169274	3.1028849417002144e-05	5
GO_GENE_SILENCING_BY_RNA	-2.76844335997	5.1968846976743916e-05	2
GO_DNA_CONFORMATION_CHANGE	-4.76844335997	3.850084589550272e-12	1
GO_COFACTOR_BIOSYNTHETIC_PROCESS	-1.42353194709	0.000362023804986286	8
GO_MRNA_3_END_PROCESSING	-3.36989398348	0.00017038928004312157	1
GO_DNA_PACKAGING	-3.98371134688	6.35364649411521e-07	1
GO_ER_TO_GOLGI_VESICLE_MEDIATED_TRANSPORT	-1.21302513487	0.0008469644522600267	10
GO_DNA_SYNTHESIS_INVOLVED_IN_DNA_REPAIR	-3.32549986413	0.00023313112164028248	1
GO_CHROMATIN_ASSEMBLY_OR_DISASSEMBLY	-2.18348085925	0.0002946939110161913	3
GO_CELLULAR_PROTEIN_COMPLEX_DISASSEMBLY	-2.57342737757	6.263741690507454e-06	3
GO_REGULATION_OF_CELLULAR_AMINO_ACID_METABOLIC_PROCESS	-3.08038736629	0.0011021358375888804	1
GO_MITOTIC_CELL_CYCLE_CHECKPOINT	-1.65940060068	0.00023026960818499492	6
GO_POSITIVE_REGULATION_OF_PROTEIN_MODIFICATION_BY_SMALL_PROTEIN_CONJUGATION_OR_REMOVAL	-1.18348085925	0.00037492847934463404	12
GO_REGULATION_OF_PROTEIN_UBIQUITINATION_INVOLVED_IN_UBIQUITIN_DEPENDENT_PROTEIN_CATABOLIC_PROCESS	-2.31039297173	9.624166860446983e-05	3
GO_CHROMATIN_REMODELING	-2.19586458371	2.2689222397826682e-05	4
GO_TRNA_METABOLIC_PROCESS	-4.58288770682	1.2592864296178418e-10	1
GO_TRANSLATIONAL_ELONGATION	-3.9979252061	5.403435046659971e-07	1
GO_PROTEASOMAL_PROTEIN_CATABOLIC_PROCESS	-1.94020970824	7.028755920130346e-09	10
GO_MITOTIC_SPINDLE_ORGANIZATION	-3.13285478618	0.0008094914633382443	1
GO_PROTEIN_ACYLATION	-1.38078229963	0.0005705794358579155	8
GO_REGULATION_OF_CHROMOSOME_SEGREGATION	-3.47524698363	7.753812146413781e-05	1
GO_REGULATION_OF_PROTEIN_MODIFICATION_BY_SMALL_PROTEIN_CONJUGATION_OR_REMOVAL	-1.12135914734	4.048217218157931e-05	18
GO_REGULATION_OF_SIGNAL_TRANSDUCTION_BY_P53_CLASS_MEDIATOR	-1.66789206157	6.10217935541852e-05	7
GO_DNA_RECOMBINATION	-3.76012809176	7.580346687689728e-11	2
GO_REGULATION_OF_CHROMOSOME_ORGANIZATION	-1.13890383086	4.957575265227468e-05	17
GO_PROTEIN_TARGETING_TO_MEMBRANE	-1.15331888874	0.0015807989411459559	10
GO_SINGLE_ORGANISM_MEMBRANE_BUDDING	-2.39158905458	0.0009753217267454492	2
GO_REGULATION_OF_DNA_REPAIR	-3.25623720169	0.00037249419304307877	1
GO_REGULATION_OF_MRNA_METABOLIC_PROCESS	-3.9979252061	5.403435046659971e-07	1
GO_NUCLEAR_EXPORT	-3.33672711955	8.246542212913204e-08	2
GO_VESICLE_TARGETING	-2.4340243209	0.0007317497503897482	2
GO_POSITIVE_REGULATION_OF_CHROMOSOME_ORGANIZATION	-1.34786767715	0.0007990318880193167	8
GO_DNA_BIOSYNTHETIC_PROCESS	-3.98371134688	6.35364649411521e-07	1
GO_REGULATION_OF_LIGASE_ACTIVITY	-3.19586458371	5.354377522889474e-07	2
GO_REGULATION_OF_RNA_STABILITY	-1.68305186874	0.00017976216977303307	6
GO_MEIOTIC_CELL_CYCLE_PROCESS	-2.45478288107	2.3117345721322056e-05	3
GO_DNA_INTEGRITY_CHECKPOINT	-1.94608627458	4.6187000213777e-05	5
GO_RNA_3_END_PROCESSING	-3.73489080026	8.361387246641541e-06	1
GO_NUCLEAR_ENVELOPE_ORGANIZATION	-2.47524698363	0.0005481939313248667	2
GO_REGULATION_OF_TRANSLATIONAL_INITIATION	-3.53495322975	4.8238531789509267e-05	1
GO_REGULATION_OF_RNA_SPLICING	-2.13285478618	0.00044578378098576493	3
GO_PROTEIN_LOCALIZATION_TO_MITOCHONDRION	-3.10685957765	0.0009446817644049386	1
GO_METHYLATION	-1.45103074621	1.8579025875310815e-05	11
GO_MEIOTIC_CELL_CYCLE	-1.70632164807	0.00014012326641150215	6
GO_NCRNA_TRANSCRIPTION	-3.57342737757	3.5124446790402165e-05	1
GO_RNA_CATABOLIC_PROCESS	-4.9548564842	6.993237491215748e-14	1
GO_MITOCHONDRIAL_TRANSPORT	-2.12251284196	5.372669690908651e-06	5
GO_NUCLEIC_ACID_PHOSPHODIESTER_BOND_HYDROLYSIS	-2.44789649548	1.5426834558955724e-09	6
GO_NEGATIVE_REGULATION_OF_CELLULAR_AMIDE_METABOLIC_PROCESS	-1.46845781797	0.0013993599440700157	6
GO_CELL_CYCLE_CHECKPOINT	-2.08926551764	9.735234944692499e-07	6
GO_RNA_LOCALIZATION	-4.59228640482	1.0670942533510171e-10	1
GO_MACROMOLECULE_METHYLATION	-2.92044645342	6.159654428968104e-08	3
GO_PROTEIN_UBIQUITINATION_INVOLVED_IN_UBIQUITIN_DEPENDENT_PROTEIN_CATABOLIC_PROCESS	-1.65940060068	0.00023026960818499492	6
GO_RNA_PHOSPHODIESTER_BOND_HYDROLYSIS	-1.61828161335	0.0011228740940739297	5
GO_REGULATION_OF_SISTER_CHROMATID_SEGREGATION	-3.18348085925	0.0005938954095481644	1
GO_CELL_CYCLE_G2_M_PHASE_TRANSITION	-1.30277978763	0.001244077213653127	8
GO_REGULATION_OF_GENE_EXPRESSION_EPIGENETIC	-2.16344310602	3.1044773678799023e-06	5
GO_GENE_SILENCING	-2.67127470097	1.9326591467245604e-06	3
GO_DOUBLE_STRAND_BREAK_REPAIR	-4.32549986413	7.769626586591757e-09	1
GO_NUCLEOBASE_CONTAINING_COMPOUND_TRANSPORT	-3.09808936802	3.37038828787224e-09	3
GO_NUCLEUS_ORGANIZATION	-3.14567882654	9.944681039987617e-07	2
GO_RNA_SPLICING_VIA_TRANSESTERIFICATION_REACTIONS	-3.65940060068	1.5358963541778393e-14	3
