Source	Target	overlap_ratio	overlap_size
GO_DNA_INTEGRITY_CHECKPOINT	GO_MITOTIC_CELL_CYCLE_CHECKPOINT	1.000000	5
GO_DNA_INTEGRITY_CHECKPOINT	GO_CELL_CYCLE_CHECKPOINT	1.000000	5
GO_REGULATION_OF_CHROMOSOME_ORGANIZATION	GO_POSITIVE_REGULATION_OF_CHROMOSOME_ORGANIZATION	1.000000	8
GO_MITOTIC_CELL_CYCLE_CHECKPOINT	GO_CELL_CYCLE_CHECKPOINT	1.000000	6
GO_CELL_CYCLE_PHASE_TRANSITION	GO_CELL_CYCLE_G2_M_PHASE_TRANSITION	1.000000	8
GO_POSITIVE_REGULATION_OF_PROTEIN_MODIFICATION_BY_SMALL_PROTEIN_CONJUGATION_OR_REMOVAL	GO_REGULATION_OF_PROTEIN_MODIFICATION_BY_SMALL_PROTEIN_CONJUGATION_OR_REMOVAL	1.000000	12
GO_NEGATIVE_REGULATION_OF_PROTEIN_MODIFICATION_BY_SMALL_PROTEIN_CONJUGATION_OR_REMOVAL	GO_REGULATION_OF_PROTEIN_MODIFICATION_BY_SMALL_PROTEIN_CONJUGATION_OR_REMOVAL	1.000000	5
GO_NUCLEIC_ACID_PHOSPHODIESTER_BOND_HYDROLYSIS	GO_RNA_PHOSPHODIESTER_BOND_HYDROLYSIS	1.000000	5
GO_PROTEIN_ACYLATION	GO_PROTEIN_ACETYLATION	1.000000	5
